0.0,0.0,0.0,0.0,0.0,0.0035882178160169366,0.0,0.0,0.0,0.0,0.0,0.0,0.0,0.053783645337157904,0.0,0.0,0.0,0.0,0.0,0.0,0.02150441058551821,0.013080029359358947,0.0,0.0,0.00042223612579669455,0.0,0.0,0.0,0.0,0.019908058374661513,0.0078314790700784,0.0,0.0,0.0,0.0,0.07520328775413673,0.007023557044505954,0.0378010395528618,0.0,0.0,0.0,0.0,0.006635157569996103,0.02434276806301968,0.0,0.0,0.0014455748402215642,0.0,0.0,0.00969124768724719,0.6840175765838367,0.0,0.0,0.017940359832081122,0.0,0.0,0.0,0.015781354403504543
0.0,0.0,0.0,0.0,0.0,0.0,0.0,0.0,0.0,0.0,0.0,0.0,0.0,0.05227078674865147,0.0,0.0,0.0,0.0,0.0,0.0,0.02871286953191386,0.03134773152816668,0.0,0.0,0.0,0.0,0.0,0.0,0.0,0.040391852184008946,0.0,0.005303362623366568,0.0,0.0,0.0,0.051692719983297025,0.0,0.03297016349046965,0.0,0.0,0.0,0.0,0.0,0.05570441173887514,0.010393640360985005,0.04794764324786886,0.0,0.0,0.0,0.016314183383468395,0.5445340329614367,0.0,0.0,0.05649255517092591,0.0,0.0,0.0,0.025924047046565753
0.0,0.0,0.0,0.0,0.0,0.0,0.0,0.0,0.0,0.0,0.0,0.0,0.0,0.046432706949282455,0.0,0.0,0.0,0.0,0.0,0.0,0.012983081005677084,0.007336940344062341,0.01897357440847543,0.0,0.009220639612043719,0.0,0.0,0.0,0.0,0.020969049378425884,0.0,0.0,0.0,0.0,0.06679948436246896,0.14866126991511122,0.0,0.028294605993755693,0.0,0.0,0.0,0.0,0.010439079176172901,0.008501579745905099,0.0,0.0,0.0,0.0,0.0,0.01208412085716844,0.5475792848684866,0.0,0.0,0.039084257273685266,0.0,0.0,0.0,0.022640326109278814
0.0,0.0,0.0,0.0,0.0,0.0,0.0,0.0,0.0,0.0,0.0,0.0,0.0,0.07442125075346173,0.0,0.0,0.019099206539946106,0.0,0.0,0.0,0.020912114237986223,0.01916580850237449,0.0,0.0,0.03585593410246795,0.0,0.0,0.0,0.0,0.046835314444208936,0.0,0.03436278317240732,0.0,0.0,0.0,0.019506299367032714,0.0,0.0,0.0,0.0,0.0,0.0,0.026077244580417464,0.10920629675404198,0.0,0.0,0.0,0.0,0.008646344928990713,0.012695791688388063,0.4754890427306022,0.0,0.0,0.07646289573270336,0.0,0.0,0.0,0.02126367246497089
0.0,0.0,0.0,0.0,0.0,0.0,0.0,0.0,0.0,0.0,0.0,0.0,0.0,0.03484084827445744,0.0,0.0011051032201335994,0.0,0.0,0.0,0.0,0.08969750167181412,0.0,0.0,0.0,0.055713643090987655,0.0,0.0,0.0,0.0,0.04551124717798029,0.0,0.002114805340235874,0.0,0.0,0.20419925743564185,0.06503061629632415,0.0,0.016122513283572053,0.0,0.0,0.0,0.0,0.035501022788314476,0.055580055381651776,0.0,0.0,0.0,0.0,0.09883830404695397,0.02636309852414429,0.23436412574854193,0.0,0.0,0.012809780309070408,0.0,0.0,0.0,0.02220807741017615
0.0,0.0,0.0,0.0,0.0,0.01791931686816963,0.0,0.0,0.0,0.0,0.0,0.0,0.0,0.055504668160392234,0.0,0.0,0.0,0.0,0.0,0.0,0.0,0.00797358291981307,0.0,0.0,0.0,0.0,0.0,0.0,0.0,0.0016856787247996482,0.0,0.0014598493097776946,0.0,0.0,0.0,0.10822438750939482,0.0,0.0,0.0,0.0,0.0,0.0,0.0,0.019265819833919527,0.0,0.0,0.0,0.0,0.007134950724825209,0.0,0.7756329668782914,0.0,0.0,0.0,0.0,0.0,0.0,0.005198779070616706
0.0,0.01711464380039317,0.0,0.0,0.0,0.016428517377221504,0.0,0.0,0.0,0.0,0.0,0.0,0.0,0.012241700314567222,0.0,0.0,0.0,0.0,0.0,0.0,0.024350435195683025,0.023743069068611657,0.0,0.0,0.0553500360606381,0.0,0.0,0.0,0.0,0.04488712475628875,0.0,0.01642217934113184,0.0,0.0,0.07378034567216259,0.04135837647280299,0.021311789512783782,0.0664791976804176,0.0,0.0,0.0,0.0,0.052321378558027,0.09657348518435475,0.0,0.01131231348915594,0.0,0.0,0.0323997233025448,0.0,0.38820054584767716,0.0,0.0,0.0,0.0,0.0,0.0,0.005725138365538138
0.0,0.0,0.0,0.0,0.0,0.0,0.0,0.0,0.0,0.0,0.0,0.0,0.0,0.08817417339615649,0.0,0.0,0.0,0.0,0.0,0.0,0.021367532087618282,0.0,0.0,0.0,0.00334285698883946,0.0,0.0,0.0,0.0,0.013200211526115996,0.0,0.0,0.0,0.0,0.09431222257261253,0.05273294384197631,0.0,0.026151608680801387,0.0,0.0,0.0,0.0,0.0,0.04733402528318972,0.0,0.0,0.0,0.0,0.0010683874705151443,0.0,0.6311428921130016,0.0,0.0,0.02117314603917321,0.0,0.0,0.0,0.0
0.0,0.0,0.0,0.0,0.0,0.003968056202122923,0.0,0.0,0.0,0.0,0.0,0.0,0.0,0.02762295859412343,0.0,0.0,0.0,0.0,0.0,0.0,0.06550936453220017,0.02474778496230623,0.0,0.0,0.005701927204218325,0.03338702549248101,0.0,0.0,0.0,0.034885110164936776,0.0,0.014247333321002968,0.0,0.0,0.0,0.06339297911544477,0.04142666828531954,0.0,0.0,0.0,0.0,0.0,0.0038828174963616,0.2704229961913371,0.0,0.0,0.0,0.0,0.01015789080223976,0.004788618125350799,0.37216102027223436,0.0,0.0,0.0,0.0,0.0,0.0,0.023697449238320394
0.0,0.0,0.0,0.0,0.0,0.0,0.0,0.0,0.0,0.0,0.0,0.0,0.0,0.0610864817362661,0.0,0.0,0.0,0.0,0.0,0.0,0.044314970401109856,0.03538811583656558,0.0,0.0,0.02636482919457279,0.0,0.0,0.0,0.0,0.07328046941723329,0.0,0.038632350561417596,0.016793928740602128,0.0,0.26774247762018866,0.07779483795590654,0.04686044970275194,0.010788050673793986,0.0,0.0,0.0,0.0,0.0196769792279883,0.0716742106413715,0.0,0.003132098698286684,0.0,0.0,0.0,0.0,0.17065461341167373,0.0,0.0,0.0,0.0,0.0,0.0,0.03581513618027133
0.0,0.0,0.0,0.0,0.0,0.0,0.0,0.0,0.0,0.0,0.0,0.0,0.0,0.004751398861202346,0.0,0.0,0.03983737961585552,0.0,0.0,0.0,0.07473379080882993,0.09764708357118264,0.0,0.0,0.06070557908431581,0.0,0.0,0.0,0.0,0.038837207333820796,0.0,0.019125843579999573,0.0,0.0,0.0,0.090194141560302,0.05667713942585344,0.07850172417930547,0.0,0.0,0.05241175296085984,0.0,0.07717542452249718,0.09652544405898696,0.0,0.0,0.0,0.0,0.012994167286875233,0.0424670132431986,0.1336604204979067,0.0,0.0,0.0,0.0,0.0,0.0,0.02375448940900792
0.0,0.0,0.0,0.0,0.0,0.0,0.0,0.0,0.0,0.0,0.0,0.0,0.0,0.050453453729066663,0.0,0.0,0.0,0.0,0.0,0.0,0.08357976079224037,0.012656197488006721,0.0,0.0,0.0,0.0,0.00037501872677359814,0.0,0.0,0.11766245286566666,0.0,0.0,0.0,0.0,0.0,0.06406086169308446,0.0018581152518727326,0.0987370994692393,0.0,0.0,0.0,0.0,0.0685467913132769,0.1378035385629482,0.0,0.0,0.0,0.0,0.0,0.0044880158882940595,0.30150713866914297,0.0,0.0,0.03915288480980713,0.0,0.0,0.0,0.01911867074058024
0.0,0.0,0.0,0.0,0.0,0.0,0.0,0.0,0.0,0.0,0.0,0.0,0.0,0.18585232763867926,0.0,0.0,0.0,0.0,0.0,0.0,0.06586458599229969,0.0,0.0,0.0,0.0028382866805491454,0.0,0.0,0.0,0.0,0.0,0.013479008261832709,0.008062086622805921,0.0,0.0,0.3032408441061129,0.08883390738349123,0.0,0.0,0.0,0.0,0.0,0.0,0.0,0.005606763057611906,0.0,0.0,0.0,0.0,0.018969757581412856,0.0,0.29630923368727796,0.0,0.0,0.0,0.0,0.0,0.0,0.010943198987926438
0.0,0.0,0.0,0.0,0.0,0.0,0.0,0.0,0.0,0.0,0.0,0.0,0.0,0.033601386544153844,0.0,0.0,0.0,0.0,0.0,0.0,0.011412685415746507,0.005059705502440247,0.02380970547358366,0.0,0.0,0.0,0.0,0.0,0.0,0.011124769908452995,0.0,0.0,0.0,0.004766370582707683,0.0,0.02117350805425991,0.0,0.0,0.0,0.0,0.0,0.0,0.010705200021445736,0.006552835030196368,0.0,0.009189285971128176,0.0,0.0,0.0,0.006147760014431661,0.8433115225927509,0.0,0.0,0.012112147548349748,0.0,0.0,0.0,0.0010331173403525325
0.0,0.0,0.0,0.0,0.0,0.0,0.0,0.0,0.0,0.0,0.0,0.0,0.0,0.0,0.0,0.0,0.013459566100365762,0.0,0.0,0.0,0.0,0.013180274885827355,0.0,0.0,0.0,0.025392266551340876,0.0,0.0,0.0,0.0002708859532356723,0.0,0.0001419890829992699,0.0,0.0,0.012001731494928126,0.0,0.04045982262439163,0.021319458351797285,0.0,0.0,0.023623907499816025,0.0,0.0,0.05842575599768878,0.0,0.002725017846850844,0.0,0.0,0.0012358100781213858,0.004914344005176899,0.689466352287025,0.0,0.0,0.06466077068341829,0.0,0.0,0.0,0.028722046557016767
0.0,0.0,0.0,0.0,0.0,0.0,0.0,0.0,0.0,0.0,0.0,0.0,0.0,0.031200324826930505,0.0,0.0,0.0,0.0,0.0,0.0,0.08732899376916604,0.02350178404049379,0.0,0.0,0.0,0.0,0.021970525964154112,0.0,0.0,0.047010654088009744,0.0,0.003682276256307666,0.0,0.0,0.0,0.08306844051708255,0.027726411446901838,0.05717686054236343,0.0,0.0,0.0,0.0,0.015540863255784633,0.0727215463629315,0.043840617577686064,0.023419861850384232,0.0,0.0,0.03399862496240203,0.049864547506395955,0.31883299107303853,0.0,0.0,0.0,0.024169753118942965,0.0,0.0,0.034944922841024295
0.0,0.0,0.0,0.0,0.0,0.0,0.0,0.0,0.0,0.0,0.0,0.0,0.0,0.0,0.0,0.0,0.0,0.0,0.0,0.0,0.1415924545381787,0.0,0.0,0.0,0.01101217398618399,0.0,0.0,0.0,0.0,0.0,0.0,0.0,0.0,0.0,0.0,0.167882241574799,0.1665834768550932,0.06549797428941492,0.0,0.0,0.0,0.0,0.01708512827004757,0.08662962171177034,0.0,0.0,0.0,0.0,0.0,0.0,0.34371692877451226,0.0,0.0,0.0,0.0,0.0,0.0,0.0
0.0,0.0,0.0,0.0,0.0,0.0,0.0,0.0,0.0,0.0,0.0,0.0,0.0,0.0,0.0,0.0,0.0,0.0,0.0,0.0,0.10114267212764014,0.0,0.0,0.0,0.04048893924619154,0.0,0.0,0.0,0.0,0.04275667328377624,0.0,0.0,0.0,0.0,0.27500047012754064,0.0,0.0,0.1351972174443214,0.0,0.0,0.0,0.0,0.06816829692456279,0.026220402372188815,0.015345641814362761,0.06075251291633447,0.0,0.0,0.013043508997551832,0.041730034322178644,0.13935658600708853,0.0,0.0,0.03298336557691081,0.0,0.0,0.0,0.007813678839351435
0.0,0.0,0.0,0.0,0.0,0.0,0.0,0.0,0.0,0.0,0.0,0.0,0.0,0.0,0.0,0.0,0.0,0.0,0.0,0.0,0.10107542300121744,0.0,0.0,0.0,0.021229889027068335,0.0,0.0,0.0,0.0,0.12847892096963165,0.0,0.0,0.0,0.0,0.0,0.024525964055310163,0.0790920363549961,0.05895823308800398,0.0,0.0,0.0,0.0,0.1343232586946266,0.14887269634881248,0.0,0.0,0.0,0.0,0.0,0.0,0.26276661938177676,0.0,0.0,0.0,0.0,0.0,0.0,0.0406769590785566
0.0,0.0,0.0,0.0,0.0,0.0,0.0,0.0,0.0,0.0,0.0,0.0,0.0,0.07002590526707286,0.0,0.0,0.0,0.0,0.0,0.0,0.035059477638953146,0.0019550817827035717,0.0,0.0,0.012416813860728055,0.0,0.0,0.0,0.0,0.06386310182043428,0.004722423383946132,0.03626273299950015,0.0,0.0,0.0,0.06259906481753358,0.029010949904673664,0.04000954145837144,0.0,0.0,0.0,0.0,0.013965937173113143,0.038086739766044646,0.0,0.0,0.0,0.0,0.002218286529828103,0.0031277695086201944,0.5448876626274907,0.0,0.0,0.0,0.0,0.0,0.0,0.041788511460986354
0.0,0.0,0.0,0.0,0.0,0.0,0.0,0.0,0.0,0.0,0.0,0.0,0.0,0.022894402967126578,0.0,0.0,0.0,0.0,0.0,0.0,0.010805997418703242,0.012678408258660616,0.0,0.0,0.0,0.0,0.0,0.0,0.0,0.025731308313778768,0.0,0.0,0.008327607198820175,0.0,0.0,0.040249699807210396,0.15097561984896296,0.03782284430565708,0.0,0.0,0.0,0.0056770964322648615,0.0,0.004771682676289353,0.0,0.0,0.0,0.0,0.0023289375340250617,0.010690254473204654,0.6610726604656977,0.0,0.0,0.0,0.0,0.0,0.0,0.005973480299598562
0.0,0.0,0.0,0.0,0.0,0.0,0.0,0.0,0.0,0.0,0.0,0.0,0.0,0.01681962539362819,0.0,0.0,0.0,0.0,0.0,0.0,0.0,0.0,0.0,0.0,0.007794847295991311,0.0,0.0,0.0,0.0,0.00384458705882208,0.0,0.013458291395007822,0.0,0.0,0.0,0.0364298361331404,0.0,0.0,0.0,0.0,0.0,0.0,0.0761267776875803,0.05637886203656208,0.007964946365316031,0.0,0.0,0.0,0.005528534757849024,0.003968245538146458,0.7632875332674226,0.0,0.0,0.0,0.0,0.0,0.0,0.00839791307053379
0.0,0.0,0.0,0.0,0.0,0.0,0.0,0.0,0.0,0.0,0.0,0.0,0.0,0.038964890505583015,0.0,0.0,0.0,0.0,0.0,0.0,0.11245181078148574,0.010095891030986005,0.0,0.0,0.0,0.0,0.0,0.0,0.0,0.08711958840117637,0.0,0.053504444126943544,0.0,0.0,0.2241655360412621,0.0,0.0,0.0,0.0,0.0,0.0,0.0,0.15597690399844494,0.0,0.039731123322082694,0.0,0.0,0.0,0.11670076796537758,0.0,0.14919097312264987,0.0,0.0,0.0,0.0,0.0,0.0,0.012098070704008234
0.0,0.0,0.00181249276644829,0.0,0.0,0.0,0.0,0.011405885841286408,0.0,0.0,0.0,0.0,0.0,0.060518762410508214,0.0,0.0,0.022737571722758632,0.0,0.0,0.0,0.08723843639877402,0.018331242821602423,0.0,0.0,0.028191136673681796,0.0,0.0,0.0,0.0,0.013162755246394629,0.0,0.020857809402253322,0.0,0.0,0.032946812992940895,0.05059706715632011,0.0,0.048163354501408906,0.0,0.0,0.0,0.0,0.06267945011925471,0.0551510100627719,0.0,0.01508725223826043,0.0,0.0,0.008285875549856216,0.009340445210832549,0.4240512100658093,0.0,0.0,0.005875816697876474,0.0,0.0,0.0,0.02356561212096072
0.0,0.0,0.0,0.0,0.0,0.0,0.0,0.0,0.0,0.0,0.0,0.0,0.0,0.0,0.0,0.0,0.0,0.0,0.0,0.0,0.011993760906743126,0.0,0.0,0.0,0.0,0.0,0.0,0.0,0.02175093834229381,0.006485044772626758,0.0,0.008726180593109372,0.0,0.0,0.0,0.0625394363640494,0.0,0.0,0.0,0.0,0.0,0.0,0.0,0.018600115652863375,0.0,0.044830207576724554,0.0,0.0,0.0,0.0012061713889731551,0.8188269218216871,0.0,0.0,0.0,0.0,0.0,0.0,0.0050412225809294605
0.009793155278899094,0.00848510012831115,0.0052994928216925485,0.0,0.0,0.0083271200568157,0.001981291108040212,0.02205903035699428,0.0,0.0018721375512480726,0.0,0.006958130460501967,0.004424865198434511,0.06451391167825256,0.0,0.0,0.009751432059252232,0.0,0.1224077917051957,0.0,0.005566915046915763,0.0032751328484033485,0.0037481506236211066,0.0,0.014771013143856973,0.013898438615408,0.0,0.007114341527314992,0.011836992197868278,0.02965468102492505,0.006273147328660992,0.004851907718311915,0.0,0.0,0.004315441702608619,0.0621895905122436,0.0,0.041063725428922206,0.0004891204040325119,0.0,0.0,0.0,0.036386434483201904,0.06777386322261704,0.013609034370741492,0.025584730663971857,0.0,0.0,0.036034546352790006,0.006174821946537725,0.28653952723616705,0.0,0.0,0.029385147139281115,0.0,0.0014667704973426257,0.0,0.022123067560617955
0.0,0.0,0.0,0.0,0.0,0.019130062059336556,0.0,0.0,0.0,0.0,0.0,0.0,0.0,0.07016615476834541,0.0,0.0,0.0,0.0,0.0,0.0,0.06762455781174495,0.0016708116036930354,0.0,0.0,0.017009007019742037,0.0,0.0,0.032126339642509195,0.0,0.0424592491684578,0.010823457108769063,0.0027759646542519505,0.0,0.0,0.1419879846016535,0.03039004048007291,0.0,0.029714491096083255,0.0,0.0,0.0,0.0,0.07456163765742041,0.0665518780417396,0.0,0.0,0.0,0.0,0.023124460103206016,0.024402223621022675,0.07108801054826691,0.0,0.1913633536508754,0.019095065249412253,0.029252261995343823,0.0,0.0,0.03468298911805309
0.0,0.0,0.0,0.0,0.0,0.006767279238581234,0.0,0.0,0.0,0.0,0.0,0.0,0.0,0.023505468882844095,0.0,0.0,0.007298393802896007,0.0,0.0,0.0,0.03821839349856891,0.004665294322206525,0.0,0.0,0.027534406821794886,0.0,0.0,0.0,0.0,0.04603368991430596,0.0,0.003407788961464325,0.0,0.0,0.0,0.08308409149434524,0.009704203631308975,0.061334515747320406,0.0,0.0,0.0,0.0,0.07139629489742705,0.0581946258317687,0.0,0.0,0.0,0.0,0.02856548801706443,0.0036608914646898277,0.47133935547989103,0.0,0.0,0.0,0.01652053779621166,0.0,0.0,0.03876928019731079
0.0,0.0,0.0,0.0,0.0,0.0,0.0,0.0,0.0,0.0,0.0,0.0,0.0,0.02735733546073629,0.0,0.0,0.0,0.0,0.0,0.0,0.0,0.0,0.0,0.0,0.0,0.0,0.0,0.0,0.0,0.006291813491443669,0.0,0.0,0.0,0.0,0.0,0.043861922516004646,0.015346152237298372,0.0,0.0,0.0,0.0,0.0,0.0,0.0,0.0,0.0,0.0,0.0,0.0,0.0,0.9066713011507384,0.0,0.0,0.0,0.0,0.0,0.0,0.00047147514377880837
0.0,0.0,0.0,0.0,0.0,0.0,0.0,4.042674079547226e-5,0.0,0.0,0.0,0.0,0.0,0.06789902331338372,0.0,0.0,0.0,0.0,0.0,0.0,0.03446258354633359,0.02257975765344266,0.0,0.0,0.0,0.0,0.0,0.0,0.0,0.030972900160928196,0.009239912518430017,0.0,0.0,0.0,0.0,0.11152287571347752,0.0,0.059672234404787784,0.0,0.0,0.0,0.0,0.0830214038232132,0.07840013438798989,0.0,0.0,0.0,0.0,0.02673552462274035,0.028577670217086123,0.41624100749466075,0.0,0.0,0.027832288332360948,0.0,0.0,0.0,0.002802257070369718
0.0,0.0,0.0,0.0,0.0,0.0,0.0,0.0,0.0,0.0,0.0,0.0,0.0,0.0845036161140441,0.0,0.0,0.0,0.0,0.0,0.0,0.07741072840933841,0.026583106667232393,0.0,0.0,0.021578148119407486,0.0,0.0,0.0,0.0,0.08965485164382221,0.03107221918312902,0.005900274591192257,0.0,0.0,0.0,0.0908494550822725,0.0,0.09315236936904243,0.0,0.0,0.0,0.0,0.028381134104959686,0.07165206631577435,0.0,0.0,0.0,0.0,0.03532503810589537,0.03839095792994056,0.2217718464743925,0.0,0.0,0.03283109825355894,0.0,0.0,0.0,0.05094308963599773
0.0,0.0,0.0,0.0,0.0,0.008639687477737289,0.0,0.0,0.0,0.0,0.0,0.0,0.0,0.052329426945144336,0.0,0.0,0.0,0.0,0.0,0.0,0.06873036784299111,0.0,0.0,0.0,0.027673720474425918,0.0,0.0,0.0,0.0,0.0258685165855879,0.015582906298898854,0.0244095160460249,0.0,0.0,0.0,0.09724545239230703,0.00695622873232814,0.08729783201216633,0.0,0.0,0.0,0.0,0.02693980541337618,0.029494059050162422,0.0,0.00011845924960276322,0.0,0.0,0.0,0.0,0.5048816250252304,0.0,0.0,0.0,0.020083276632073807,0.0,0.0,0.0037491198219427565
0.0,0.0,0.0,0.0,0.0,0.0016919142398676037,0.0,0.0,0.0,0.0,0.0,0.0,0.0,0.07972000257049484,0.0,0.0,0.011464050011219617,0.0,0.0,0.0,0.05154072526120763,0.02809247662220504,0.0,0.0,0.007638734960970637,0.0,0.0,0.0,0.0,0.03262505704795477,0.0,0.037431545395380926,0.012973454025676663,0.0,0.21357019588395385,0.06514668416095572,0.0,0.0518277522408273,0.0,0.0,0.0,0.0,0.012126978465618117,0.061895115426100614,0.0,0.0,0.0,0.0,0.0,0.007014448540121892,0.2623977952059271,0.0,0.0,0.023276960264211423,0.003917400284761368,0.0,0.0,0.03564870939254481
0.0,0.0,0.0,0.0,0.0,0.019071605747564137,0.0,0.0,0.0,0.0,0.0,0.0,0.0,0.0029160936003904065,0.0,0.0,0.0,0.0,0.0,0.0,0.02004922504841176,0.0,0.0,0.0,0.0,0.0,0.0,0.0,0.0,0.013103847719173996,0.0,0.0,0.0,0.0,0.0,0.01796429521961763,0.0,0.05199269765909771,0.0,0.0,0.0,0.0,0.008937665883354444,0.0,0.0,0.027773886991601503,0.0,0.0,0.0,0.0,0.7739683843124289,0.0,0.0,0.023841231572369437,0.0,0.0,0.0,0.04038106624599019
0.0,0.0,0.013040646072993054,0.0,0.0,0.0,0.0,0.00312301225600436,0.0,0.0,0.0011492730140735558,0.0,0.0,0.10663043684590942,0.0,0.0,0.01819777376266679,0.0,0.0,0.0,0.0,0.0117693349255312,0.0,0.0,0.0,0.0,0.0,0.0,0.0,0.01285711109345704,0.0,0.0,0.0,0.0,0.0,0.0,0.0007097040102743996,0.0,0.0,0.0,0.01463538730326758,0.0,0.005066579509010383,0.0,0.0,0.0,0.0,0.0,0.0,0.0,0.7879026432270918,0.0,0.0,0.015119995197529936,0.0,0.0,0.0,0.009798102782190609
0.0,0.0,0.0,0.0,0.0,0.0,0.0,0.0,0.0,0.0,0.0,0.0,0.0,0.0,0.0,0.0,0.0,0.0,0.0,0.0,0.0031029890573963832,0.0,0.0,0.0,0.0,0.0,0.0,0.0,0.0,0.026894036475897987,0.0012100904246367412,0.004934448759487723,0.005768303425398825,0.0,0.08601193219889994,0.0,0.018582612820959604,0.0,0.0,0.0,0.0,0.0,0.0,0.031985585866994695,0.0,0.009859524147123749,0.0,0.0,0.0,0.0159831421151774,0.785502534147241,0.0,0.0,0.0,0.0,0.0,0.0,0.010164800560785817
0.0,0.0,0.0,0.0,0.0,0.0,0.0,0.0,0.0,0.0,0.0,0.0,0.0,0.016222714714244087,0.0,0.0,0.0,0.0,0.0,0.0,0.0,0.0,0.0,0.0,0.0,0.0,0.0,0.0,0.0,0.09417193826007651,0.0,0.03298647231112762,0.00801815365083499,0.0,0.0,0.0,0.0,0.0,0.0,0.0,0.0,0.0,0.0036253061172105017,0.06379404579928277,0.0,0.0,0.0,0.0,0.0,0.0,0.7559006506020295,0.0,0.0,0.0,0.0,0.0,0.0,0.025280718545194
0.0,0.0,0.0,0.0,0.0,0.0,0.0,0.0,0.0,0.0,0.0,0.0,0.0,0.09322633766112665,0.0,0.0,0.0012735627382127871,0.0,0.0,0.0,0.0,0.0026125918074238327,0.0,0.0,0.0,0.0,0.0,0.0,0.0,0.03508457145915838,0.0,0.009993357058039188,0.0,0.0,0.0,0.06907637458917788,0.011131530470411335,0.0,0.0,0.0,0.0,0.0,0.0,0.04875903568763904,0.006494018756783193,0.07572760416681928,0.0,0.0,0.0,0.010582186069797203,0.601349739556792,0.0,0.0,0.0,0.0,0.0,0.0,0.03468908997861915
0.0,0.0,0.0,0.0,0.0,0.0,0.0,0.0,0.0,0.0,0.0,0.0,0.0,0.09052585561569149,0.0,0.0,0.003998998662527955,0.0,0.0,0.0,0.0,0.11803215702245783,0.0,0.0,0.04674121230016482,0.0,0.0,0.0,0.0,0.0002181364079369013,0.0,0.05787117000344867,0.0,0.0,0.0,0.0,0.0,0.08245683082802029,0.0,0.0,0.0,0.0,0.08464950075042679,0.0,0.0,0.0,0.0,0.0,0.025828817551781447,0.10676861121283647,0.3722302080921423,0.0,0.0,0.0,0.0,0.0,0.0,0.010678501552565058
0.0,0.0,0.0,0.0,0.0,0.0,0.0,0.0,0.0,0.0,0.0,0.0,0.0,0.0,0.0,0.0,0.0,0.0,0.0,0.0,0.03915558616921159,0.00257567886644515,0.0,0.0,0.0,0.0,0.0,0.0,0.0,0.0,0.0,0.009383382460530503,0.0,0.0,0.058481956099702845,0.0,0.0,0.03164720353723487,0.0,0.0,0.0,0.0,0.0,0.007495527128836719,0.0,0.014427521674776629,0.0,0.0,0.009307482999849046,0.01269720254493154,0.8148284585184812,0.0,0.0,0.0,0.0,0.0,0.0,0.0
0.0,0.0,0.0,0.0,0.0,0.0,0.0,0.0,0.0,0.0,0.0,0.0,0.0,0.03433752095497899,0.0,0.0,0.0,0.0,0.0,0.0,0.0443022161017875,0.0,0.0,0.0,0.0020724137488103782,0.0,0.0,0.0,0.0,0.06197696990884793,0.0,0.005832082903867476,0.024197028566656228,0.0,0.13035208321030675,0.1270158067653833,0.0,0.05085368377594247,0.0,0.0,0.0,0.0,0.024269104926592306,0.06439392358170744,0.0,0.0,0.0,0.0,0.0,0.02533265778863062,0.38445088088452606,0.0,0.0,0.0,0.0,0.0,0.0,0.02061362688196271
0.0,0.0,0.0,0.0,0.0,0.019292584250189933,0.0,0.0,0.0,0.0,0.0,0.0,0.0,0.0,0.0,0.08408626102212698,0.0,0.0,0.0,0.0,0.025985020946503096,0.0,0.0,0.0,0.0,0.0,0.0,0.0,0.0,0.0,0.019621019105353465,0.007806203073937718,0.0,0.0,0.0,0.07409792934758273,0.0,0.047062934854515646,0.0,0.0,0.0,0.0,0.007037956095245019,0.05503651775525757,0.0,0.0,0.0,0.0,0.0,0.0024884031944148164,0.6479900013426217,0.0,0.0,0.0,0.0,0.0,0.0,0.00949516901225138
0.0,0.0,0.0,0.0,0.0,0.0,0.0,0.0,0.0,0.0,0.0,0.0,0.0,0.0,0.0,0.0,0.0,0.0,0.0,0.0,0.12499361067395995,0.0,0.0,0.0,0.0,0.0,0.0,0.0,0.0,0.1554606279380694,0.03705880266175067,0.0,0.0,0.0,0.0,0.05405136723683481,0.0,0.12293666220665717,0.0,0.0,0.0,0.0,0.0,0.21848218505360545,0.0,0.0,0.0,0.0,0.0,0.0,0.22453175078516624,0.0,0.0,0.0,0.0,0.0,0.0,0.06248499344395637
0.0,0.0,0.0,0.0,0.0,0.0,0.0,0.0,0.0,0.0,0.0,0.0,0.0006394303447206234,0.021414013050087697,0.0,0.0,0.0,0.0,0.0,0.0,0.04770694834977508,0.0,0.0,0.0,0.0,0.0,0.0,0.0,0.0,0.0,0.0,0.0,0.0,0.0,0.0,0.08664038463845981,0.02469711604294417,0.0,0.0,0.0,0.0,0.0,0.0,0.0005522647959291715,0.0,0.02053627747131053,0.0,0.0,0.0,0.0,0.7914652707552541,0.0,0.0,0.0,0.0,0.0,0.0,0.006348294551518683
0.0,0.0,0.0,0.0,0.0,0.0,0.0,0.0,0.0,0.0,0.0,0.0,0.0,0.026850539809504945,0.0,0.0,0.0009395698303238531,0.0,0.0,0.0,0.0,0.013356876736493077,0.0,0.0,0.0,0.0,0.0,0.0,0.0,0.033383391663089235,0.0,0.0,0.0,0.0,0.0,0.030188968934471677,0.0,0.0,0.0,0.0,0.0,0.0,0.0,0.02513204789348726,0.0,0.0,0.0,0.0,0.006128044063696161,0.0,0.8577956398017973,0.0,0.0,0.006224921267136447,0.0,0.0,0.0,0.0
0.0,0.0,0.0,0.0,0.0,0.0005822877696922187,0.0,0.0,0.0,0.0,0.0,0.0,0.0,0.022052920314307226,0.0,0.0,0.0,0.0,0.0,0.0,0.019912831340238885,0.0,0.0,0.0,0.0,0.0,0.0,0.0,0.0,0.0,0.0,0.007482131382786511,0.0,0.0,0.0,0.14909530102321303,0.0,0.014769769322772882,0.0,0.0,0.0,0.005196084285957687,0.006511807519007955,0.02045976430471772,0.0,0.0,0.0,0.0,0.0,0.0047249467464710706,0.7321131308732944,0.0,0.0,0.0,0.0,0.0,0.0,0.017099025117540297
0.0,0.019553317313834764,0.0,0.0,0.0,0.02654200043546247,0.0,0.0,0.0,0.0,0.0,0.0,0.0,0.09505717274837669,0.0,0.0,0.0020834430352163306,0.0,0.0,0.0,0.042140919640982,0.001344535380078284,0.0,0.0,0.0,0.0,0.0,0.0,0.0,0.017053688779059807,0.0,0.0,0.007369349807969863,0.0,0.0879314209477578,0.0049943977748443886,0.03479431902054203,0.0059869805572193985,0.0,0.0,0.0,0.0,0.04653162750379295,0.12738807789599144,0.0,0.0429298390733027,0.0,0.0,0.0008364461580740424,0.003480807260867192,0.4233791804071212,0.0,0.0,0.0,0.010602476259506631,0.0,0.0,0.0
0.0,0.0,0.0,0.0,0.0,0.0,0.0,0.0,0.0,0.0,0.0,0.0,0.0,0.0,0.0,0.0,0.0,0.0,0.0,0.0,0.0,0.0,0.0,0.0,0.0,0.0,0.0,0.0,0.0,0.0,0.0,0.0,0.0,0.0,0.0,0.0,0.0,0.0,0.0,0.0,0.0,0.0,0.0,0.0,0.0,0.0,0.0,0.0,0.0,0.0,0.992957697484669,0.0,0.0,0.0,0.0,0.0,0.0,0.007042302515330964
0.0,0.0,0.0,0.0,0.0,0.0,0.0,0.0,0.0,0.0,0.0,0.0,0.0,0.03204152592111616,0.0,0.0,0.0,0.0,0.0,0.0,0.0,0.0,0.0,0.0,0.0,0.0,0.0,0.0,0.0,0.02049261250588934,0.0,0.0,0.0,0.0,0.0,0.042533222940283825,0.0,0.015604566920427854,0.0,0.0,0.0,0.0,0.014849646626158107,0.014296216113682682,0.0,0.0,0.0,0.0,0.0,0.0,0.8346310833194244,0.0,0.0,0.015531795062388717,0.0,0.0,0.0,0.010019330590628853
0.0,0.0,0.0,0.0,0.0,0.008929831612706768,0.0011067151783997152,0.0,0.0,0.0,0.0,0.0,0.0,0.05266089969541019,0.0,0.0,0.0,0.0,0.0,0.0,0.008180300997740888,0.0,0.0,0.0,0.020942772496853893,0.0,0.0,0.0,0.0,0.01816198959659039,0.0,0.0,0.0,0.0,0.0,0.10767592833937187,0.008296074268334766,0.03243976909133454,0.0,0.0,0.0,0.0,0.060756263036801796,0.03720380324532521,0.0,0.0,0.0,0.0,0.005935436345541026,0.016840891775478845,0.590464317493324,0.0,0.0,0.02293942910978896,0.0,0.0,0.0,0.007465577716997178
0.0,0.0,0.0,0.0,0.0,0.00798871088693735,0.0,0.0,0.0,0.0,0.0,0.0,0.0,0.11772844499621962,0.0,0.0,0.0,0.0,0.0,0.0,0.015691380286839984,0.0,0.0,0.0,0.0,0.0,0.04511079698799601,0.0,0.0,0.0,0.0,0.0001589954462033347,0.11996183815913396,0.0,0.0,0.03599313386376215,0.0,0.0,0.0,0.0,0.0,0.0,0.0,0.0,0.003306865420074641,0.0,0.0,0.0,0.0,0.0,0.6175659457865725,0.0,0.0,0.027369286937634296,0.0,0.0,0.0,0.00912460122862616
0.0,0.0,0.0,0.0,0.0,0.0,0.0,0.0,0.0,0.0,0.0,0.0,0.0,0.0,0.0,0.0,0.0,0.0,0.0,0.0,0.04495067975988878,0.023076791565515724,0.0,0.0,0.017808493704381454,0.0,0.0,0.0,0.0,0.05516353637398342,0.0,0.007652606968673462,0.0,0.0,0.014451086382062816,0.0753329708691283,0.0,0.015998812178265254,0.0,0.0,0.0,0.0,0.02474765921999862,0.05025915169040967,0.0,0.0,0.0,0.0,0.0,0.021162739919909464,0.6297839180277073,0.0,0.0,0.0,0.0,0.0,0.0,0.019611553340075638
0.0,0.0,0.0,0.0,0.0,0.015087162976667033,0.0,0.0,0.0,0.0,0.0,0.0,0.0,0.04140172086072626,0.0,0.0,0.0,0.0,0.0,0.0,0.045515841170645305,0.0,0.058725378179810196,0.0,0.0,0.0,0.0,0.0,0.0,0.05472566868961705,0.0,0.017114725886716725,0.021244257443498556,0.0,0.0,0.06980001763620089,0.0,0.0,0.0,0.0,0.0,0.0,0.024020855246944126,0.05797292843660739,0.0,0.0,0.0,0.0,0.022278339034979427,0.0236967309499611,0.47756553185425504,0.0,0.0,0.025797433994727108,0.0,0.0,0.0,0.045053407638643905
0.0,0.0,0.0,0.0,0.0,0.0212902569903365,0.0,0.0,0.0,0.0,0.0,0.0,0.0,0.08234338205372418,0.0,0.0,0.0,0.0,0.0,0.0,0.013507366395873247,0.0,0.0,0.0,0.0,0.0,0.0,0.0,0.0,0.0,0.014464813179373356,0.019772297918200142,0.0047893670364940275,0.0,0.0,0.1356138895834413,0.0,0.019339696037003536,0.0,0.0,0.0,0.0,0.0,0.025054741466107533,0.0,0.032219958915715906,0.0,0.0,0.0,0.0,0.5997823264973974,0.0,0.0,0.010698620903205811,0.0,0.0,0.0,0.02112328302312723
0.0,0.0,0.0,0.0,0.0,0.0,0.0,0.02082348418299181,0.0,0.0,0.0,0.0,0.0,0.06905109150135798,0.0,0.0,0.0,0.0,0.0,0.0,0.021962423973486352,0.0,0.0,0.0,0.0,0.0,0.0,0.0,0.0,0.03525341213346769,0.0,0.0,0.0,0.0,0.0,0.050563589462191506,0.0,0.019738341577837548,0.0,0.0,0.0,0.04160078685063835,0.07015748480702697,0.0,0.0,0.0,0.0,0.0,0.020282502020855228,0.022554590188964958,0.6005947345934846,0.0,0.0,0.011446810991984909,0.0,0.0,0.0,0.015970747715712035
0.0,0.0,0.0,0.0,0.0,0.029505101252409384,0.012952391285206439,0.0,0.0,0.0,0.0,0.0,0.0,0.07046727548263293,0.0,0.0,0.0,0.0,0.0,0.0,0.008342745827989998,0.0,0.0,0.0,0.0,0.0,0.0,0.0,0.0,0.010316559960475966,0.0,0.0,0.0,0.0,0.0,0.053389301828352366,0.026275954904520733,0.10975606944551304,0.0,0.0,0.0,0.02980828153047611,0.09163502092148026,0.06467549199567747,0.0,0.0,0.0,0.0,0.019482489297116948,0.016437170863296574,0.45123129891425273,0.0,0.0,0.0,0.0,0.0,0.0,0.005724846490599104
0.0,0.0,0.0,0.0,0.0,0.01912891411089907,0.0,0.0,0.0,0.0,0.0,0.0,0.0,0.06198566382604965,0.0,0.0,0.0,0.0,0.0,0.0,0.03511283155481299,0.0016455685405963173,0.0,0.0,0.012488754055332936,0.0,0.0,0.0,0.0,0.005142815076163443,0.0,0.0,0.0,0.0,0.0,0.13825725965149008,0.0012574864691708575,0.05305691685931408,0.0,0.0,0.0,0.0,0.010141511417677992,0.06374083955275474,0.0,0.0,0.0,0.0,0.0,0.0023424962741358346,0.5848939380585535,0.0,0.0,0.0,0.0,0.0,0.0,0.010805004553048416
0.0,0.0,0.0,0.0,0.0,0.0,0.0,0.0,0.0,0.0,0.0,0.0,0.0,0.06304382299421832,0.0,0.0,0.0,0.0,0.0,0.0,0.009162531844693735,0.0,0.0,0.0,0.0,0.0,0.0,0.0,0.0,0.0,0.0,0.002283911023660308,0.01279071436857668,0.0,0.0,0.06675812035226328,0.0011965678617150719,0.010731544252832802,0.0,0.0,0.0,0.0,0.012823930551298211,0.04627442750425053,0.0,0.04665955684601864,0.0,0.0,0.0,0.00876228380023421,0.6967771524766925,0.0,0.0,0.004356270496887011,0.0,0.0,0.0,0.0183791656266587
0.0,0.0,0.0,0.0,0.0,0.004571974103237379,0.0,0.0,0.0,0.0,0.0,0.0,0.0,0.09630227978015037,0.0,0.0,0.0,0.0,0.0,0.0,0.07575635097275968,0.003641621657323535,0.0,0.0,0.0,0.0,0.0,0.0,0.0,0.006813229691619177,0.0,0.031067593154146055,0.0,0.0,0.16144559457822916,0.06624494715238696,0.0,0.05974608106791699,0.0,0.0,0.0,0.0,0.0,0.07967938854262466,0.0,0.042908307507352444,0.0,0.0,0.0,0.0021114167593934818,0.3270009203126597,0.0,0.0,0.029334783188128526,0.0,0.0,0.0,0.013375511532071923
0.0,0.0,0.0,0.0,0.0,0.0019500949217647076,0.0,0.0,0.0,0.0,0.0,0.0,0.0,0.0,0.0,0.0,0.0,0.0,0.0,0.0,0.014030319743246924,0.0,0.0,0.0,0.0710613635880225,0.0,0.0,0.0,0.0,0.106805356995283,0.0,0.030709636564663183,0.0,0.0,0.021039478091984372,0.06816936060989978,0.01098400827310285,0.07727718606072996,0.0,0.0,0.0,0.0,0.08570212449491359,0.08603584601826728,0.0,0.0,0.0,0.0,0.0,0.0070258281557885926,0.3776413015094832,0.0,0.0,0.0,0.017104745999534685,0.0,0.0,0.024463348973315445
0.0,0.0,0.0,0.0,0.0,0.0,0.0,0.0,0.0,0.0,0.0,0.0,0.0,0.05554851657319703,0.0,0.0,0.0,0.0,0.0,0.0,0.02748421960309056,0.0,0.0,0.0,0.0,0.0,0.0,0.0,0.0,0.004031361448841555,0.0,0.01735985838182116,0.0,0.0,0.0,0.08180220381651558,0.0,0.005680693041157066,0.0,0.0,0.0,0.0,0.0,0.01370659502220128,0.0,0.019352578087267702,0.0,0.0,0.0,0.010759260057633148,0.737030381988709,0.0,0.0,0.020389347201546573,0.0,0.0,0.0,0.006854984778019314
0.0,0.0,0.0,0.0,0.0,0.011359882078784399,0.0,0.0,0.0,0.0,0.0,0.0,0.011851407894177273,0.009843821356861049,0.0,0.0,0.011003802059355756,0.0,0.0,0.0,0.0,0.05788289065309224,0.0,0.0,0.04324815840482523,0.0,0.0,0.0,0.0,0.0635594985115266,0.0,0.023511828787902943,0.0,0.0,0.0,0.02555326187282366,0.0,0.03023435098600427,0.0,0.0,0.0,0.0,0.05802459689167289,0.16282955518044168,0.0,0.02436053905123483,0.0,0.0,0.0,0.02409288566546746,0.38402914132388843,0.0,0.0,0.0014242058912397968,0.02762364108742737,0.0,0.0,0.029566532303274166
0.0,0.0,0.0,0.0,0.0,0.0,0.0,0.0,0.0,0.0,0.0,0.0,0.0,0.08487846810868088,0.0,0.0,0.011261362970355066,0.0,0.0,0.0,0.043134370503680984,0.007137423018292623,0.0022073223905308853,0.0,0.008174542821123312,0.0,0.0,0.0,0.0,0.01659577200682165,0.0,0.0018021110895605195,0.0,0.0,0.0,0.042269957663626456,0.0,0.02765032006162318,0.0,0.0,0.0,0.0,0.015990837161054386,0.015647875029439404,0.0,0.0,0.0,0.0,0.009195356233847065,0.016361396404197683,0.6798036117335196,0.0,0.0,0.007051324719649462,0.0,0.0,0.0,0.010837948083996836
0.0,0.015668446853831307,0.0,0.0,0.0,0.0,0.0,0.0,0.0,0.0,0.0,0.0,0.0,0.05635256987448953,0.0,0.0,0.0,0.0,0.0,0.0,0.030387680335244974,0.0,0.0,0.0,0.0,0.0,0.0,0.0,0.0,0.00729535543469527,0.0,0.025014387690122368,0.0,0.0,0.0,0.031173059913693842,0.0,0.0,0.0,0.0,0.0,0.008631320573797502,0.0,0.013555656739105977,0.0,0.03379568970178494,0.0,0.0,0.0,0.0,0.7241713409312297,0.0,0.0,0.04063348154471713,0.0,0.0,0.0,0.013321010407287243
0.0,0.0,0.0,0.0,0.0,0.0,0.0,0.0,0.0,0.0,0.0,0.0,0.0,0.0,0.0,0.0,0.02580794887796763,0.0,0.0,0.0,0.06308890695845593,0.0,0.0,0.0,0.0,0.0,0.0,0.0,0.0,0.03321821122244608,0.0,0.012673995930698815,0.04105885300668774,0.0,0.0,0.1119631332125702,0.002045485765270727,0.0002127528141526352,0.0,0.0,0.0,0.0,0.049086669376383965,0.07991122592970559,0.0,0.06964786831279342,0.0,0.0,0.014525633119483123,0.0108546986275672,0.44217710662229004,0.0,0.0,0.0,0.0,0.0,0.0,0.04372751022352696
0.0,0.0,0.0,0.0,0.0,0.002961327989257973,0.0,0.0,0.0,0.0,0.0,0.0,0.0,0.11530927163713046,0.0,0.0,0.0,0.0,0.0,0.0,0.03009952513260655,0.005408125006762505,0.0,0.0,0.0007601295530829486,0.0,0.0,0.0,0.0,0.02999141042834519,0.0,0.010412043622379406,0.0,0.0,0.0,0.06625722144458339,0.0,0.01851301672923684,0.0,0.0,0.0,0.0,0.02244772185911308,0.048691925898014854,0.0,0.0,0.0,0.0,0.020491432133261458,0.010165532468415615,0.6092329831358378,0.0,0.0,0.0,0.0,0.0,0.0,0.009258332961971857
0.0,0.0,0.0,0.0,0.0,0.0,0.0,0.0,0.0,0.0,0.0,0.0,0.0,0.1021580129023524,0.0,0.0,0.0,0.0,0.0,0.0,0.00045741329298168985,0.0,0.0,0.0,0.0,0.0,0.0,0.0,0.0,0.0,0.0,0.0,0.0,0.0,0.0,0.09337965840700714,0.008361419263009333,0.04960102489601817,0.0,0.0,0.0,0.0,0.0,0.009748714594699335,0.0,0.0,0.0,0.0,0.0,0.0,0.7104298408056652,0.0,0.0,0.0,0.0,0.0,0.0,0.025863915838266985
0.0,0.0,0.0,0.0,0.0,0.0,0.0,0.0,0.0,0.0,0.0,0.0,0.0028354304991707402,0.0,0.0,0.0,0.0,0.0,0.0,0.0,0.047290994212754324,0.0,0.0,0.0,0.01603401564165313,0.0,0.0,0.0,0.0,0.0006171113934999663,0.0,0.0,0.0,0.0,0.0,0.0,0.019106707959362413,0.06678181663001026,0.0,0.0,0.0,0.0,0.028179140731619354,0.08069636037906536,0.0,0.0,0.0,0.0,0.0,0.017669538590392952,0.6996493911860119,0.0,0.0,0.0,0.0,0.0,0.0,0.02113949277645968
0.0,0.0,0.0,0.0,0.0,0.0,0.0,0.0,0.0,0.0,0.0,0.0,0.0,0.035637035618569166,0.0,0.0,0.0,0.0,0.0,0.0,0.02675032386738084,0.0192946212753662,0.0,0.0,0.0,0.0,0.0,0.0,0.0,0.0,0.0,0.0,0.005252485101066716,0.0,0.0,0.0585479281004916,0.010620275624645244,0.0,0.0,0.0,0.0,0.0,0.0,0.0524396651451558,0.003672298297780115,0.0,0.0,0.0,0.0,0.0,0.763659154263883,0.0,0.0,0.0,0.0,0.0,0.0,0.02412621270566127
0.0,0.0,0.0,0.0,0.0,0.0,0.0,0.0,0.0,0.0,0.0,0.0,0.0,0.0,0.0,0.0,0.0,0.0,0.0,0.0,0.0,0.0,0.0,0.0,0.0,0.0,0.0,0.0,0.0,0.29291437885123545,0.0,0.0,0.0,0.0,0.07062447054387225,0.0,0.0,0.0,0.0,0.0,0.0,0.0,0.0,0.1048513197509278,0.0,0.0,0.0,0.0,0.0,0.0,0.5316098308539645,0.0,0.0,0.0,0.0,0.0,0.0,0.0
0.0,0.0,0.0,0.0,0.0,0.0,0.01227252525370361,0.0,0.0,0.0,0.0,0.0,0.0,0.004517355607052582,0.0,0.0,0.001316808310846707,0.0,0.0,0.0,0.07841150836131706,0.04121912466581439,0.0,0.0,0.05362395915197206,0.0,0.0,0.0,0.0,0.09921012858403813,0.0,0.0,0.0,0.0,0.0,0.06591058456657815,0.0,0.06890425910606093,0.0,0.0,0.0,0.0,0.3011269584022418,0.03076079645430504,0.0806064846994285,0.0,0.0,0.0,0.025059016787422915,0.023099588191445048,0.06626769458511435,0.0,0.0,0.020151572077162762,0.0,0.0,0.0,0.027541635195495927
0.0,0.0,0.0,0.0,0.0,0.0,0.0,0.0,0.0,0.0,0.0,0.0,0.0,0.04690785073921742,0.0,0.0,0.0,0.0,0.0,0.0,0.013919292142599909,0.0,0.0,0.0,0.0010358530219561832,0.0,0.0,0.0,0.0,0.019333291333503724,0.0,0.0031721829343509477,0.0,0.0,0.000898336466403876,0.042993486266333945,0.0,0.02118444297312751,0.0,0.0,0.0,0.0,0.010336742129522458,0.03995079159737263,0.0,0.0,0.0,0.0,0.008145851207270974,0.003535003531691127,0.7221381584594436,0.0,0.0,0.01280273815701966,0.03740492141964287,0.0,0.0,0.016241057620543183
0.0,0.0,0.0,0.0,0.0,0.0,0.0,0.0,0.0,0.0,0.0,0.0,0.0,0.10669455958905295,0.0,0.0,0.0,0.0,0.0,0.0,0.05861786004572685,0.007574586210003174,0.0,0.0,0.02353520367348471,0.0,0.0,0.0,0.0,0.04038263331161935,0.0,0.0121668343047817,0.0,0.0,0.07261173125400108,0.06367073248365762,0.03547156471166794,0.07373814807923242,0.0,0.0,0.0,0.0,0.02276849557095539,0.12049087291577734,0.0,0.0,0.010017302222735277,0.0,0.0,0.00016647989388886584,0.29718873327655354,0.0,0.0,0.03829622105681487,0.0,0.0,0.0,0.016608041400046954
0.0,0.0,0.0,0.0,0.0,0.012991736938167587,0.0,0.0,0.0,0.0,0.0,0.0,0.0,0.11769469686000415,0.0,0.0,0.0,0.0,0.0,0.0,0.06972706390967044,0.0,0.0,0.0,0.02164839101702236,0.0,0.0,0.0,0.0,0.023251812584183865,0.022983309085595493,0.0,0.0059564716036059765,0.0,0.031629494720040945,0.10588253205067115,0.0,0.03057335777357963,0.0,0.0,0.0,0.0,0.0,0.06421374594884657,0.0,0.0,0.0,0.0,0.0,0.0,0.4295466511861951,0.0,0.0,0.027946565749784352,0.0,0.0,0.0,0.035954170572632366
0.0,0.0,0.0,0.0,0.0,0.011610779987498591,0.0,0.0,0.0,0.0,0.0,0.0,0.0,0.058279211493874654,0.0,0.0,0.0,0.0,0.0,0.0,0.0,0.0013061736974980167,0.0,0.0,0.0,0.0,0.0,0.0,0.0,0.0,0.0,0.0,0.0,0.0,0.0,0.07523966317192274,0.00012254562304319118,0.022308656955493812,0.0,0.0,0.0,0.0,0.0,0.028342793242867988,0.0,0.0,0.0,0.0,0.0,0.002874326285711349,0.7629952203094419,0.0,0.0,0.02608346201549035,0.0,0.0,0.0,0.010837167217157282
0.0,0.0,0.0,0.0,0.0,0.005358238491029793,0.0,0.0,0.0,0.0,0.0,0.0,0.0,0.0,0.0,0.0,0.0,0.0,0.0,0.0,0.032434171148885985,0.019806885028994345,0.0,0.0,0.0,0.0,0.0,0.0,0.0,0.0,0.0,0.0,0.0,0.0,0.0,0.1327003348028566,0.02250008826674303,0.0,0.0,0.0,0.0,0.0,0.0,0.03948100010397171,0.0,0.020208657197136617,0.0,0.0,0.0,0.0017391240641120775,0.7073594316248002,0.0,0.0,0.0,0.0,0.0,0.0,0.018412069271469655
0.0,0.0,0.0,0.0,0.0,0.006796309830639606,0.0,0.0,0.0,0.0,0.0,0.0,0.0,0.029396913093401172,0.0,0.0,0.0,0.0,0.0,0.0,0.011188677214725834,0.0,0.0,0.0,0.004414932451592099,0.0,0.0,0.0,0.0,0.0035436134922095354,0.0,0.016301965468494956,0.02070788472218727,0.0,0.07533207986449827,0.009328165813587056,0.0,0.0026506445275634154,0.0,0.0,0.0,0.0,0.005636857511317463,0.05457163294054459,0.0,0.04115467693205217,0.0,0.0,0.008471671391130716,0.0036609868559697584,0.623793789583048,0.0,0.0,0.016532503135785536,0.0,0.0,0.0547743048032404,0.011742390368012282
0.0,0.0,0.0,0.0,0.0,0.013545909528939953,0.0,0.0,0.0,0.0,0.0,0.0,0.0,0.01420092915907119,0.0,0.0,0.0016376653956717798,0.0,0.0,0.0,0.031876855373882504,0.0,0.0,0.0,0.005732829264241211,0.0,0.0,0.0,0.0,0.006535659885389289,0.0,0.0,0.0,0.0,0.0,0.01924926509432892,0.0,0.0,0.0,0.0,0.0,0.0,0.03290513389601928,0.02251851112678709,0.0,0.004658420476803597,0.0,0.0,0.012539260304696728,0.002404258843581939,0.8237290955458357,0.0,0.0,0.0,0.0,0.0,0.0,0.00846620610475066
0.0,0.0,0.0,0.0,0.0,0.006916797306275565,0.0,0.0,0.0,0.0,0.0,0.0,0.0,0.0363551293335169,0.0,0.0,0.0,0.0,0.0,0.0,0.0219841156292872,0.001667893286865392,0.0,0.0,0.0,0.0,0.0,0.0,0.0,0.0,0.0,0.0,0.0,0.0,0.0,0.03285076358396455,0.016205086206917532,0.021244232601954984,0.0,0.0,0.0,0.0,0.007472462375694075,0.04278285481273261,0.0,0.0,0.0,0.0,0.010954079247248772,0.02315826670068841,0.7578776981478804,0.0,0.0,0.0,0.0,0.0,0.0,0.02053062076697369
0.0,0.0,0.0,0.0,0.0,0.0,0.0,0.0,0.0,0.0,0.0,0.0,0.0,0.11704470687719104,0.0,0.0,0.0,0.0,0.0,0.0,0.011299915787732985,0.034056554886505545,0.0,0.0,0.0,0.0,0.0,0.0,0.0,0.04570366119890429,0.0,0.07130006996118456,0.03544624821950155,0.0,0.0,0.06692866679543466,0.0,0.060068776808586306,0.0,0.0,0.0,0.0,0.0,0.09874101166645079,0.0,0.043934725943706614,0.0,0.0,0.0,0.0,0.35130565447693485,0.0,0.0,0.0,0.0,0.0,0.0,0.06417000737786677
0.0,0.0,0.0,0.0,0.0,0.0,0.0,0.0,0.0,0.0,0.0,0.0,0.0,0.06425022064475604,0.0,0.0,0.013533401011697836,0.0,0.0,0.0,0.009214687471844937,0.0,0.0,0.0,0.0,0.0,0.0,0.0,0.0,0.0,0.0,0.003900806437408827,0.011481726001558721,0.0,0.2524944963362067,0.0062352599732843446,0.0,0.0,0.0,0.0,0.0,0.0,0.0049453979623651735,0.0,0.0,0.017189359476968265,0.0,0.0,0.0036882766626304096,0.004618884442487918,0.5666746782934087,0.0,0.0,0.0,0.0,0.0,0.0,0.04177280528538231
0.0,0.0,0.0,0.0,0.0,0.0,0.0,0.0,0.0,0.0,0.0,0.0,0.0,0.08983925216592423,0.0,0.0,0.0,0.0,0.0,0.0,0.0,0.015179735305875254,0.0,0.0,0.0,0.0,0.0,0.0,0.0,0.0,0.0,0.0,0.0,0.0,0.0,0.04979538137316381,0.0,0.04240421577773862,0.0,0.0,0.0,0.026721007040841543,0.01271646758516746,0.06415629242659365,0.0,0.0,0.0,0.0,0.0,0.0,0.676270742824124,0.0,0.0,0.01522655209570289,0.0,0.0,0.0,0.007690353404868422
0.0,0.0,0.0,0.0,0.0,0.0,0.0,0.0,0.0,0.0,0.0,0.0,0.0,0.06537046806800921,0.0,0.0,0.022559681855197574,0.0,0.0,0.0,0.010849357779021728,0.0,0.01732177236298762,0.0,0.003054132809439622,0.0,0.0,0.0,0.0,0.006430369029031656,0.0,0.0,0.0,0.0,0.0,0.07516251816633329,0.008317098162139495,0.0,0.0,0.0,0.0,0.010252686135849783,0.05826157675631369,0.03577138108572618,0.0032998450822873766,0.034146388952490225,0.0,0.0,0.02102184377097464,0.02259723613771513,0.5701850902531803,0.0,0.0,0.022945122521563055,0.0,0.0,0.0,0.012453431071739367
0.0,0.0,0.0,0.0,0.0,0.0,0.0,0.0,0.0,0.0,0.0,0.0,0.0,0.07605727006382323,0.0,0.0,0.0,0.0,0.0,0.0,0.0,0.0,0.024165604506398777,0.0,0.0,0.0,0.0,0.0,0.0,0.009584213489480527,0.0,0.012025623590879681,0.013468007567545093,0.0,0.0,0.06924370753091881,0.0,0.0,0.0,0.0,0.0,0.0,0.0,0.029900920916617068,0.0,0.0,0.0,0.0,0.0,0.0,0.7299558284836934,0.0,0.0,0.018363821223630082,0.0,0.0,0.0,0.017235002627013354
0.0,0.0,0.0,0.0,0.0,0.0,0.0,0.0,0.0,0.0,0.0,0.0,0.0,0.050514374264883345,0.0,0.0,0.0,0.0,0.0,0.0,0.03101077101741772,0.0010976316488552932,0.0,0.0,0.023381714294584226,0.0,0.0,0.0,0.0,0.05507348859059012,0.0,0.0,0.0,0.0,0.04443457829613529,0.06974864148744736,0.0,0.01728431696102776,0.0,0.0,0.0,0.0,0.02893375612755418,0.05019008232230706,0.0,0.0,0.0,0.0,0.015280450056296448,0.011943768809618685,0.566138915532535,0.0,0.0,0.012843850745551921,0.0,0.0,0.0,0.022123659845195428
0.0,0.0,0.0,0.0,0.0,0.03285151960678649,0.0,0.0,0.0,0.0,0.0,0.0,0.0,0.060721352847094706,0.0,0.0,0.0,0.0,0.0,0.0,0.009739438174992175,0.0057032497872204204,0.0,0.0,0.01004369805532466,0.0,0.0,0.0,0.0,0.011236082103995794,0.0,0.023843796426006574,0.0,0.0,0.014016094995961091,0.13964785703398228,0.03438564383671584,0.029552605185004816,0.0,0.0,0.0,0.0,0.07371238841720198,0.12072816747565382,0.0,0.0,0.0,0.0,0.022250483864317036,0.0,0.3630320816863612,0.0,0.0,0.0,0.006920452141305558,0.015007445007349423,0.0,0.026607643354726183
0.0,0.0,0.0,0.0,0.0,0.003601932985210573,0.0,0.0,0.0,0.0,0.0,0.0,0.0,0.05366942156069583,0.0,0.0,0.0,0.0,0.0,0.0,0.0035057356203147395,0.0041689496136322396,0.0,0.0,0.0,0.0,0.0,0.0,0.0,0.0,0.0,0.0,0.0,0.0,0.06317956022625316,0.00944877401451108,0.03573923696883856,0.0,0.0,0.0,0.0,0.0,0.0,0.021743402564960854,0.0,0.016669771481832976,0.0,0.0,0.0,0.01025117565881044,0.7667715560270478,0.0,0.0,0.0,0.0,0.0,0.0,0.011250483277891798
0.0,0.0,0.0,0.0,0.0,0.0,0.0,0.0,0.0,0.0,0.0,0.0,0.0,0.11106919793763657,0.0,0.0,0.0,0.0,0.0,0.0,0.02786203474087819,0.0,0.0,0.0,0.03403207910483048,0.0,0.0,0.0,0.0,0.003727885074458879,0.010679542479045963,0.0,0.014773856037797588,0.0,0.0,0.06879413385797349,0.0009241023115809611,0.15010113552028764,0.0,0.0,0.0,0.0,0.036667909487744114,0.0635424465465543,0.0,0.0,0.0,0.0,0.0,0.02199916163462073,0.4084061698728473,0.0,0.0,0.04742034539374389,0.0,0.0,0.0,0.0
0.0,0.0,0.0,0.0,0.0,0.0,0.0,0.0,0.0,0.0,0.0,0.0,0.0,0.0,0.0,0.0,0.000772196720166371,0.017415240981171067,0.0,0.0,0.06517289474233642,0.010352656443006385,0.0,0.0,0.02526938388822366,0.0,0.0,0.0,0.0,0.06080226941443825,0.0,0.03330090461531959,0.0,0.0,0.09678812811685543,0.031699360730058156,0.012803958083840864,0.05232409922657089,0.0,0.0,0.0,0.0,0.032960779115122546,0.10168454901832545,0.0,0.021396772090766868,0.0,0.0,0.014075712905685139,0.006949458877873638,0.3671451719354871,0.0,0.0,0.009680485337161574,0.0,0.0,0.0,0.03940597775759044
0.0,0.0,0.0,0.0,0.0,0.0,0.0,0.0,0.0,0.0,0.0,0.0,0.0,0.033217271029767105,0.0,0.0,0.00826726151959086,0.0,0.0,0.0,0.019474266957975,0.0011008140691444895,0.0,0.0,0.0,0.0,0.0,0.0,0.0,0.059160967853809955,0.0,0.020293117835464478,0.0,0.0,0.0,0.0,0.030889005745164292,0.05257279148360165,0.0,0.0,0.0,0.0,0.020251438136544068,0.10215507605341648,0.0,0.0,0.0,0.0,0.0,0.0,0.6377301005175335,0.0,0.0,0.0,0.0,0.0,0.0,0.014887888797987957
0.0,0.0,0.0,0.0,0.0,0.0,0.0,0.0,0.0,0.0,0.0,0.0,0.0,0.18996572710775814,0.0,0.0,0.014421026423948852,0.0,0.0,0.0,0.05609886169089538,0.008871492811106553,0.0,0.0,0.008798235036731482,0.0,0.0,0.0,0.0,0.052310211451977555,0.0,0.0,0.0,0.0,0.033480619133068754,0.07124049457960875,0.0,0.005972219993725786,0.0,0.0,0.0,0.0,0.0,0.038033330657675224,0.0,0.0,0.0,0.0,0.0,0.0,0.513541350598181,0.0,0.0,0.0,0.007266430515322665,0.0,0.0,0.0
0.0,0.0,0.0,0.0,0.0,0.0,0.0,0.0,0.0,0.0,0.0,0.0,0.0,0.06919590648758783,0.0,0.0,0.0,0.0,0.0,0.0,0.015865653097219504,0.0,0.0,0.0,0.006639794910477646,0.0,0.0,0.0,0.0,0.024658008582829172,0.0,0.004558081143088957,0.0,0.0,0.0,0.08186016247449397,0.0,0.0,0.0,0.0,0.0,0.0,0.019948620712287382,0.061198138017632166,0.0,0.0,0.0,0.0,0.0,0.0,0.6935771005741315,0.0,0.0,0.007771149390001466,0.0,0.0,0.0,0.01472738461025021
0.0,0.0,0.018030812666234755,0.0,0.0,0.0,0.0,0.0,0.0,0.0,0.0,0.0,0.020324524473139066,0.0,0.0,0.0,0.0,0.008136689236875601,0.0,0.0,0.05538179009276874,0.022217234775378594,0.009787928635414415,0.0,0.024062495863069914,0.0,0.0,0.0,0.013412058287398068,0.0542514050269342,0.0,0.0,0.0,0.0,0.0,0.08011968401571538,0.0,0.0,0.0,0.0,0.0,0.0020703805022845283,0.04283542882230352,0.16940639557343964,0.008011329803005991,0.0,0.0,0.0,0.0,0.02332441251394165,0.39335917300380036,0.0,0.0,0.0405852626934496,0.0,0.0,0.0,0.01468299401484583
0.0,0.0,0.0,0.0,0.0,0.0,0.0,0.0,0.0,0.0,0.0,0.0,0.0,0.0,0.0,0.0,0.0036537549336467584,0.0,0.0,0.0,0.10270630884398928,0.04361741744230326,0.0,0.0,0.0033443111720412987,0.0,0.0,0.0,0.0,0.01540934741019451,0.0,0.0,0.0,0.0,0.04569411147688638,0.0,0.1129980134856036,0.02505772060860159,0.0,0.0,0.0,0.0,0.0725836744470071,0.15231000031983458,0.0,0.0,0.0,0.0,0.03091208387640969,0.0,0.317339555892083,0.0,0.0,0.03490324083255116,0.0,0.0,0.0,0.03947045925884772
0.0,0.0,0.0,0.0,0.0,0.0,0.0,0.0,0.0,0.005780591699873908,0.0,0.0,0.0,0.029619181025998215,0.0,0.0,0.0066978446827507185,0.0,0.0,0.0,0.016094242652526847,0.0,0.02456635312129655,0.0,0.0,0.0,0.0,0.0,0.0,0.0,0.0,0.025627594731869277,0.0,0.0,0.0,0.04374839775215321,0.0,0.0260570458525761,0.0,0.0,0.02444358405354042,0.0,0.006074007518599309,0.023283715472412262,0.014877222513956094,0.042779369982534864,0.0,0.0,0.025387799622962993,0.0,0.6210293939341346,0.0,0.0,0.03118087545528662,0.0,0.0,0.0,0.032752779927527974
0.0,0.0,0.0,0.0,0.0,0.0,0.0,0.0,0.0,0.004166691611830741,0.0,0.0,0.0,0.0,0.0,0.0,0.0,0.0,0.0,0.0,0.0,0.052765574650132076,0.0,0.0,0.0,0.0,0.0,0.0,0.0,0.0,0.0,0.0,0.013200253091769433,0.0,0.0,0.0,0.0,0.0,0.0,0.0,0.0,0.0,0.0,0.0,0.0,0.0,0.0,0.0,0.0,0.0,0.632051482018886,0.0,0.0,0.15958234198756233,0.0,0.0,0.0,0.13823365663981935
0.0,0.0,0.0,0.0,0.0,0.0,0.001835895282295311,0.0,0.0,0.0,0.0,0.0,0.0,0.0,0.0,0.0,0.003133485639323724,0.0,0.0,0.0,0.037561302404879156,0.02700796720083357,0.0,0.0,0.009917721271935,0.0014596414023167008,0.0,0.0,0.0,0.039431744681804146,0.0,0.007047882478905419,0.0,0.0,0.021067047135054667,0.04016123668687258,0.0,0.0,0.0,0.0,0.0,0.0,0.033326662794068436,0.11276017732056258,0.010254789377372208,0.0,0.0,0.0,0.010530183935520613,0.0039902731980182475,0.6135820004307825,0.0,0.0,0.009347546173648674,0.0020167757448076337,0.005211924750185207,0.0,0.010355742090813623
0.0,0.0,0.0,0.0,0.0,0.0,0.0,0.0,0.0,0.0,0.0,0.0,0.0,0.0,0.0,0.0,0.018034835543344164,0.0,0.0,0.0,0.0,0.03261965400738687,0.0,0.0,0.02399520847896526,0.0,0.0,0.0,0.0,0.06379382659075489,0.0,0.0,0.0,0.0,0.0,0.04963861736693892,0.043520823186174944,0.06874604673439326,0.0,0.0,0.0,0.0,0.06262908533768712,0.08708601042560049,0.0,0.0,0.0,0.0,0.03192838484768572,0.03886151538669422,0.4408948171345385,0.0,0.0,0.0,0.0,0.0,0.0,0.038251174959835606
0.0,0.0,0.0,0.0,0.0,0.0,0.0,0.0,0.0,0.0,0.0,0.0,0.0,0.15274571415103938,0.0,0.0,0.014690250528105062,0.0,0.0,0.0,0.0,0.003609029259749459,0.0,0.0,0.0,0.0,0.004492679901662201,0.0,0.0,0.0,0.0,0.011378395578950741,0.0,0.0,0.01234319809445457,0.023759644439601497,0.00726356775160512,0.0,0.0,0.0,0.0,0.0,0.0,0.07887853836920296,0.0105562859996,0.0,0.03072074795518801,0.0,0.0,0.021439593843046993,0.6203002893502835,0.0,0.0,0.0,0.007822064777510556,0.0,0.0,0.0
0.0,0.0,0.0,0.0,0.0,0.0,0.0,0.00321709199275501,0.0,0.0,0.0,0.0,0.0,0.04531518827745045,0.0,0.0,0.0,0.0,0.009931408525148169,0.0,0.07334036927510873,0.03347258903498227,0.0,0.0,0.004301209811498919,0.0,0.0,0.0,0.0,0.023631775857036463,0.0,0.004029270320256448,0.0,0.0,0.0,0.0847046845234777,0.0,0.08217429993118494,0.0,0.0,0.0,0.0,0.05971390547279955,0.08186064182265625,0.02690383678445374,0.07915602062254916,0.0,0.0,0.03437100755604175,0.007064337890267458,0.31326990972401164,0.0,0.0,0.02761766798233711,0.0,0.0,0.0,0.005924784595984413
0.0,0.0,0.0,0.0,0.0,0.018876201471679198,0.0,0.0,0.0,0.0,0.0,0.0,0.0,0.14936402951779978,0.0,0.0,0.0,0.0,0.0,0.0,0.021667801081812738,0.004068832669431837,0.0,0.0,0.0,0.0,0.0,0.0,0.0,0.0,0.0,0.0,0.004925397733140575,0.0,0.0,0.02485617009323381,0.0,0.024834673787706544,0.0,0.0,0.0,0.023036545348746364,0.0022606871821824557,0.046526330696261955,0.0,0.0,0.0,0.0,0.0,0.010198411671771827,0.6574147861918349,0.0,0.0,0.0,0.0,0.0,0.0,0.01197013255439792
0.0,0.0,0.0,0.0,0.0,0.0,0.0,0.0,0.0,0.0,0.0,0.0,0.0,0.049755984010928844,0.0,0.0,0.0,0.0,0.0,0.0,0.12542057778899546,0.0,0.0,0.0,0.007920965731315082,0.0,0.0,0.0,0.0,0.06121586852346525,0.0,0.0,0.0,0.0,0.16277116230838767,0.07484984843966717,0.10563908595667641,0.0193300704344219,0.0,0.0,0.0,0.0,0.02915971429044533,0.1868436786972228,0.0452466575325663,0.0,0.0,0.0,0.022296743486826174,0.0,0.10954964279908151,0.0,0.0,0.0,0.0,0.0,0.0,0.0
0.0,0.0,0.0,0.0,0.0,0.0,0.0,0.0,0.0,0.0,0.0,0.0,0.0,0.045014146589840646,0.0,0.0,0.0,0.0,0.0,0.0,0.0034288070281728034,0.0,0.0,0.0,0.0,0.0,0.0,0.003543586712829664,0.0,0.05271729524725599,0.0,0.043406005718592044,0.0,0.0,0.0,0.0,0.0,0.02002724047962505,0.0,0.0,0.02730449329640058,0.0,0.021854023312465963,0.09213076864273613,0.0,0.0,0.0,0.0,0.004698987094785059,0.011545035576273573,0.6307456915028261,0.0,0.0,0.0,0.0,0.0,0.0,0.04358391879819646
0.0,0.0,0.0,0.0,0.0,0.030588044094241432,0.0,0.0,0.0,0.0,0.0,0.0,0.0,0.17257818714970355,0.0,0.0,0.04583676872121042,0.0,0.0,0.0,0.10592227920640586,0.03312336518260594,0.0,0.0,0.0,0.0,0.0,0.0,0.0,0.0,0.0,0.0,0.0,0.0,0.01578896613253377,0.056959003568368034,0.030203201187312324,0.0016274359347280805,0.0,0.0,0.0,0.0,0.00864751821216838,0.08506094234987921,0.0,0.022624964261967598,0.0,0.0,0.0,0.021326343127818653,0.28294861281620565,0.0,0.0,0.08540475923819484,0.0,0.0,0.0,0.001359608816656251
0.0,0.0,0.0,0.0,0.0,0.0,0.0,0.034512765826132163,0.0,0.0,0.009722212061680323,0.0,0.0,0.0,0.0,0.0,0.032150895736986165,0.0,0.0,0.0,0.019367641759047396,0.0,0.0,0.0,0.029444537303727755,0.0,0.0,0.0,0.0,0.04302616948330805,0.0,0.0,0.0,0.0,0.14333115497501106,0.02739629080883803,0.025948524884446825,0.05475235916464583,0.0,0.0,0.0,0.0,0.08942922569855244,0.061536771315216766,0.0,0.0,0.0,0.0,0.006665575257625194,0.01818256172424083,0.3346457405524094,0.0,0.0,0.023039593660080366,0.0006376108666468559,0.0,0.0,0.04621036892140454
0.0,0.0,0.0,0.0,0.0,0.0,0.0,0.0,0.0,0.0,0.0,0.0,0.0,0.01079753960214267,0.0,0.0,0.020204373503580297,0.0,0.0,0.0,0.07423658656315582,0.0,0.0,0.0,0.0298152465544844,0.0,0.0,0.0,0.0,0.06673545427158628,0.0,0.0,0.0,0.0,0.0,0.09612976508458163,0.029246151667055686,0.07672840342672954,0.0,0.0,0.0,0.0,0.1824189436944268,0.13929519247007507,0.0,0.0,0.0,0.0,0.0,0.0,0.2338032187645484,0.0,0.0,0.0,0.0,0.0,0.0,0.040589124397633354
