0.012295802,0.001405234,0.0,0.0,0.258211839,0.0,0.0,0.000526963,0.0,0.0,0.0,0.0,0.0,0.0,0.0,0.003688741,0.0,0.023010715,0.0,0.0,0.0,0.0,0.0,0.0,0.241875988,0.403302301,0.0,0.0,0.0,0.000351309,0.0,0.0,0.055331108,0.0,0.0,0.0
0.005164670741766464,0.0,0.0,0.0,0.0563622721818864,0.0,0.0,0.0024700598764970066,0.0,0.0,0.0,0.0008982039550898024,0.0,0.0,0.0,0.004491017775449112,0.0013473049326347536,0.030913172454341383,0.0,0.0,0.021332333933383307,0.0,0.0,0.0,0.23630238318488087,0.4006736329663184,7.48999962550002e-5,0.0,0.0,0.0,0.0,0.0001497009925149504,0.23937124503143778,0.0004491019775449012,0.0,0.0
0.000979431998041136,0.049574323900851355,0.0,0.000150681999698636,0.07767648584464704,0.000150681999698636,0.0,0.00022602299954795402,0.0,0.0,0.0,0.00022602299954795402,0.0,0.0,0.0,0.010999773978000452,0.004294431991411136,0.022376252955247495,0.0,0.0,0.021095456957809088,0.0,0.0,0.0,0.11617569476764861,0.5203043759593913,0.0,0.0,0.001280795997438408,0.00037670499924659004,0.0,0.0,0.17388683765222632,0.00022602299954795402,0.0,0.0
0.001468908,0.000489636,0.0,0.0,0.059354769,0.0,0.0,0.001414504,0.0,0.0,0.0,0.001305696,0.0,0.0,0.0,0.011044013,0.000326424,0.08329253,0.0,0.0,0.023393722,0.0,0.0,0.0,0.220336217,0.447255318,0.0,0.0,0.0027202,0.0,0.0,0.0,0.147434851,0.000163212,0.0,0.0
0.0005756500725319091,0.00019188302417726103,0.0,0.0,0.05046532335863074,9.590001208340151e-5,0.0,0.0012472421571525117,0.0,0.0005756500725319091,0.0,0.00019188302417726103,0.0,0.0,0.0,0.17499762304970048,0.0,0.031468870965077736,0.0,0.0,0.003549842447280148,0.0,0.0,0.0,0.21577283718737747,0.37589950036333697,0.0,0.0,0.0,0.0011513001450638182,0.0,9.590001208340151e-5,0.14362469409671144,9.590001208340151e-5,0.0,0.0
0.007384706177232949,0.10309050247417206,0.0,0.0,0.10475206051404945,0.0007384710177233045,0.0,0.0009230880221541126,0.0,0.0,0.0,0.00033231200797548824,0.0006646240159509765,0.0,0.00022154100531698417,0.04268360302440648,0.0001476940035446561,0.02887420269298087,0.0,0.0,0.0048000591152014185,0.0,0.0,0.0,0.1886054025265297,0.36089060466137457,3.690000088560003e-5,0.0,0.0008492410203817846,0.00022154100531698417,0.0,0.0,0.1543403647041688,0.00044308201063396834,0.0,0.0
0.005930429869530543,0.1149705944706469,0.0,0.0,0.18972390682607404,0.0,0.0,0.0,0.0,0.0,0.0,9.969999780660004e-5,0.0,0.0,0.0,0.002342270948470039,0.0007475329835542742,0.019435861572411044,0.0,0.0,4.9799998904400014e-5,0.0,0.0,0.0,0.2257051680344863,0.32612378382527674,0.0,0.0,9.969999780660004e-5,0.0016944079627230246,0.0,0.0,0.11307684351230943,0.0,0.0,0.0
0.018141618018141622,0.0021543170021543173,0.0,0.0,0.0822608990822609,0.0,0.0,0.0009637730009637731,0.0,0.0,0.0,0.00034015500034015507,0.0,0.0,0.0008503880008503881,0.0066330290066330296,0.0,0.08407506108407507,0.0,0.0,0.047961903047961905,0.0,0.0,0.0,0.1877657461877658,0.42116900142116903,0.000170078000170078,0.0,0.0,0.00011338500011338501,0.0,0.0,0.1470604911470605,0.00034015500034015507,0.0,0.0
0.004851455082474736,0.02220666237751326,0.0,0.0,0.05961788601350407,0.00025007500425127505,0.0,0.0,0.0,0.0,0.0,0.00015004500255076504,0.0,0.0,0.0007002100119035703,0.024607382418325503,0.002650795045063516,0.03961188467340204,0.0,0.0,0.016154846274632387,0.0,0.0,0.0,0.149794940546514,0.4477343276114836,0.0,0.0,0.00035010500595178515,5.000000085000002e-5,0.0,0.0,0.23126938493157953,0.0,0.0,0.0
0.001944604579965411,0.0,0.0,5.2599988638402456e-5,0.06138643774052945,0.00010511397729538091,0.0,0.00042045490918173967,0.0,0.0,0.0,0.0014715926821359808,0.0,0.0,5.2599988638402456e-5,0.003416197262101392,5.2599988638402456e-5,0.06774582036690281,0.0,0.0,0.029011398733537877,5.2599988638402456e-5,0.0,0.0,0.2035528020325948,0.4753244363299218,0.0,0.0,0.00042045490918173967,0.0,0.0,0.0,0.1549376865334597,5.2599988638402456e-5,0.0,0.0
0.026466959158801758,0.002723288016339728,0.0,0.001276541007659246,0.029658312177949873,0.00046806500280839,0.0,0.001489298008935788,0.0,0.0,0.0,0.001319093007914558,0.0,0.0,8.51000005106e-5,0.14297263985783584,8.51000005106e-5,0.048466023290796134,0.0,0.0,0.043530063261180384,0.0,0.0,0.0,0.1396536328379218,0.40802519244815116,0.0,0.0,0.0008510280051061681,0.0010637850063827102,0.0,0.0,0.1518658789111953,0.0,0.0,0.0
0.004828758207636602,0.0882589677951356,0.0,8.940000384420016e-5,0.09174640494509541,0.00013413200576767624,0.0,0.0002235540096128224,0.0,4.470000192210008e-5,0.0,0.000536529023070748,0.0,0.0,0.0,0.014665117630600057,0.00026826401153535247,0.03219172138424402,0.0,0.0,0.00026826401153535247,0.0,0.0,0.0,0.1534919136001523,0.38093536438022063,0.0,0.0,0.0003129750134579256,0.0002235540096128224,0.0,0.0,0.23173567996463423,4.470000192210008e-5,0.0,0.0
0.006020238,0.00012809,0.0,0.003458435,0.046240553,0.000768541,0.0,0.00012809,0.0,0.0,0.0,0.0,0.0,0.0,0.000512361,0.000384271,0.0,0.045984373,0.0,0.0,0.073908031,0.0,0.0,0.0,0.098501345,0.466120149,0.0,0.0,0.0,0.013065198,0.0,0.0,0.244780325,0.0,0.0,0.0
0.013358846013358848,0.0,0.0,0.0,0.07767265507767265,0.000956734000956734,0.0,0.0008149960008149961,0.0,0.0,0.0,0.0,0.0,0.0,0.0,0.005527798005527799,0.00035434600035434607,0.03837567803837569,0.0,0.0,0.07827504307827506,0.0,0.0,0.0,0.17929910417929912,0.4680911384680912,0.00031891100031891103,0.0,0.0017008610017008611,0.00024804200024804206,0.0,0.0,0.13500584713500588,0.0,0.0,0.0
0.007537687630653306,0.04648240972236192,0.0,0.0,0.1646733589310054,0.00020100499015075548,0.0,0.0006532659679899676,0.0,0.0,0.0,0.00010050299507535323,0.0,0.0,0.0,0.0074371856355779035,0.0,0.02854271260140708,0.0,0.0,5.0299997535300125e-5,0.0,0.0,0.0,0.34180902825135756,0.2970854124428148,0.0,0.0,0.0,0.001708542916281397,0.0,0.0,0.10336682893502538,0.0003517589827638098,0.0,0.0
0.004558404995441594,0.0,0.0,0.0004883999995116,0.06113146093886853,4.06999999593e-5,0.0,0.0026862029973137966,0.0,0.0,0.0,0.0002441999997558,4.06999999593e-5,0.0,0.0,0.010582010989417988,0.0,0.04306064295693936,0.0,0.0,0.044810744955189254,0.0,0.0,0.0,0.1936100938063899,0.42380952357619045,0.0,0.0,0.000406999999593,0.0,0.0,0.0,0.21379731378620265,0.000732600999267399,0.0,0.0
0.006088794378942974,0.0,0.0,0.00025369997412260265,0.06689217117699854,0.0,0.0,0.0009302329051162437,0.0,0.0,0.0,8.459999137080088e-5,0.0,0.0,0.0,0.00617336137031714,8.459999137080088e-5,0.0578435460999583,0.0,0.0,0.0389851970235099,0.007272726258181921,0.0,0.0,0.1753065361187333,0.41961940719882046,0.0,0.0,0.00025369997412260265,0.0,0.0,0.002959830698097269,0.21716699684896631,8.459999137080088e-5,0.0,0.0
0.003501974996498025,0.034349153965650844,0.0,0.0,0.22613814177386182,0.0,0.0,0.0014902019985097979,0.0,0.0,0.0,0.0,0.0,0.0,0.0,0.0015647119984352879,0.0,0.031741300968258696,0.0,0.0,0.00044706099955293895,0.0,0.0,0.0,0.22293420777706577,0.3627896576372103,0.0,0.0,0.00014901999985098,0.000596080999403919,0.0,0.0,0.1142984868857015,0.0,0.0,0.0
0.00016286600570031021,8.140000284900012e-5,0.0,0.0,0.08729642005537472,0.0,0.0,0.0011400650399022766,0.0,0.0,0.0,0.0,0.0,0.0,0.0012214980427524315,0.010667752373371335,0.0034201951197068295,0.08330619191571673,0.0,0.0,0.00822475628786647,0.0,0.0,0.0,0.2464983796274433,0.4228013177980462,0.0,0.0,0.0003257330114006554,0.0,0.0,0.0,0.13485342471986989,0.0,0.0,0.0
0.010221095010221096,0.017832548017832548,0.0,0.0,0.051902863051902864,0.00036245000036245003,0.0,0.0013048210013048211,0.0,0.0,0.0,0.0,0.0,0.0,0.0,0.007466473007466474,0.0,0.09329467209329467,0.0,0.0,0.01812250801812251,0.00036245000036245003,0.0,0.0,0.1585357011585357,0.36969916636969924,0.0,0.0,0.0,0.001667271001667271,0.0,0.0,0.26922798126922803,0.0,0.0,0.0
0.004835888667352636,5.1400007093200975e-5,0.0,0.0,0.061940537547794175,0.0,0.0,0.004012759553760819,0.0,0.00015433702129850893,0.0,0.00036011904969642883,0.0,0.0,5.1400007093200975e-5,0.0013375861845868933,0.00010289101419895995,0.11065954827101766,0.0,0.0,0.02757485680533024,0.0014404771987858531,0.0,0.0,0.1760983883015776,0.4185101927544066,0.0,0.0,5.1400007093200975e-5,0.002572281354974827,0.0,0.0,0.18931991512614826,0.0009260211277909155,0.0,0.0
0.0004003200156124806,6.67000026013001e-5,0.0,0.0,0.08580197834627715,0.0,0.0,0.00013344000520416018,0.0,0.0,0.0,0.0015345610598478812,0.0,0.0,6.67000026013001e-5,0.0024019220936749614,0.0,0.041499868618494876,0.0,0.0,0.002802242109287442,0.0,0.0,0.0,0.22965039595636544,0.42287164749199424,0.0,0.0,0.0015345610598478812,0.0007339200286228811,0.0,0.0,0.2095676621731388,0.0009340810364291604,0.0,0.0
0.005334529813291456,0.020789709272360176,0.0,0.0,0.056685610016003654,0.00019942199302023023,0.0,0.00019942199302023023,0.0,0.0,0.0,9.969999651050012e-5,0.0,0.0,0.0004985539825506106,0.02602452808914152,0.0028417589005384387,0.03963505661277302,0.0,0.0,0.014607637488732688,0.0,0.0,0.0,0.15111177071108803,0.44884832429030863,0.0,0.0,4.989999825350006e-5,0.0,0.0,0.0,0.2330740768424073,0.0,0.0,0.0
0.0012298609852416681,6.149999926200001e-5,0.0,0.0,0.021953018736563773,0.000430450994834588,0.0,0.00024597199704833603,0.0,0.00024597199704833603,0.0,0.0006764239918829121,0.0,0.0,0.0,0.018140449782314598,0.0,0.05300700936391588,0.0,0.0,0.026564997681220025,0.0,0.0,0.0,0.21620956540548517,0.4998155150022137,0.0,0.0,0.00012298599852416802,0.001168367985979584,0.0,0.0,0.16006641007920305,6.149999926200001e-5,0.0,0.0
0.005870512994129487,0.03404897696595102,0.0,0.0,0.10382421989617577,0.0,0.0,0.001006373998993626,0.0,0.0,0.0,0.0,0.0,0.0,0.0,0.0446159009553841,0.000167728999832271,0.04511908795488091,0.0,0.0,0.000335457999664542,0.0,0.0,0.0,0.1853404898146595,0.4196578325803421,0.0,0.0,0.000503186999496813,0.002515933997484066,0.0,0.0,0.15649110984350886,0.000503186999496813,0.0,0.0
0.0012278840294692168,0.010604454254506903,0.0,0.0,0.0832170579972094,5.580000133920004e-5,0.0,0.00022325200535804816,0.0,0.0,0.0,0.0001674390040185361,0.0,0.0,0.0,0.02762739366305745,0.0004465030107160723,0.02132053451169283,0.0,0.0,0.0020650780495618734,0.0,0.0,0.0,0.2494837369876097,0.39264386742345286,0.0,0.0,0.00022325200535804816,0.0007255680174136325,0.0,0.0,0.2099123790378971,5.580000133920004e-5,0.0,0.0
0.008296904016593809,0.001605852003211704,0.0,0.0,0.22187527944375054,0.000981354001962708,0.0,0.000713712001427424,0.0,0.0,0.0,0.000178428000356856,0.0,0.0,0.0,0.016147738032295474,0.0,0.021679008043358015,0.0,0.0,0.00044607000089214,0.0,0.0,0.0,0.26808814353617627,0.2990454105980908,0.0,0.0,0.0,0.0,0.0,0.0,0.1609421003218842,0.0,0.0,0.0
0.008174730719376303,0.00465330840949114,0.0,0.00029345202582377826,0.04066404357843583,4.190000368720033e-5,0.0,0.0005869040516475565,0.0,0.0,0.0,0.0036471873209524843,0.00012576501106732098,0.0,0.0017187891512534454,0.017313659523602035,8.380000737440065e-5,0.042047458700176364,0.0,0.0,0.04393393486618627,0.0,0.0,0.0,0.16131467819569167,0.5049468034353186,0.0009222770811603831,0.0,0.0002096080184455056,0.012869960132556492,0.0,0.0,0.1564098397640659,4.190000368720033e-5,0.0,0.0
0.0031050912235665684,0.0,0.0,0.0,0.02741046297355334,5.350000385200028e-5,0.0,0.0010171850732373254,0.0,0.0,0.0,0.0005353610385459949,0.0,0.0,0.00010707200770918456,0.009957707716954957,0.0006424330462551794,0.03479843950548765,0.0,0.0,0.015364849106269137,0.0,0.0,0.0,0.18796510753348777,0.5560255230338377,0.0,0.0,0.0006959690501097716,0.0012313290886556945,0.0,0.0,0.1610364695946258,5.350000385200028e-5,0.0,0.0
0.004118512210044123,0.004622820235763832,0.0,4.200000214200011e-5,0.028199203438159376,0.0009245640471527665,0.0,0.0007984870407228391,0.0,0.0,0.0,0.0004202560214330571,0.0,0.0,0.0009665900492960926,0.025635639307417604,0.0005463330278629845,0.028241228440302652,0.0,0.0,0.01660012684660647,0.0,0.0,0.0,0.15318344981235596,0.5414583176143742,0.0,0.0,0.0,0.0004202560214330571,0.0,0.0,0.19378021588279104,4.200000214200011e-5,0.0,0.0
0.0,0.0,0.0,0.0,0.187778485,0.0,0.0,0.002546149,0.0,0.0,0.0,0.0,0.0,0.0,0.0,0.003819223,0.0,0.009548059,0.0,0.0,0.000636537,0.0,0.0,0.0,0.311903246,0.473583705,0.0,0.0,0.0,0.0,0.0,0.0,0.010184596,0.0,0.0,0.0
0.005618584994381414,0.0191247969808752,0.0,0.0,0.20950837379049161,0.0,0.0,0.0016207459983792539,0.0,0.0,0.0,0.0,0.0,0.0,0.0,0.003997838996002161,0.0,0.013074013986925984,0.0,0.0,0.00043219899956780094,0.0,0.0,0.0,0.39351701760648294,0.2784440837215559,0.0,0.0,0.001080496998919503,0.0016207459983792539,0.0,0.0,0.0719611019280389,0.0,0.0,0.0
0.000944522032113749,0.14490952992692402,0.0,0.0002982700101411803,0.018542454630443454,0.0005965400202823606,0.0,0.0005468280185921525,0.0,0.00034798201183138834,0.0,0.00019884700676079818,4.9700001689800056e-5,0.0,4.9700001689800056e-5,0.0224199647622788,0.00019884700676079818,0.023115928785941577,4.9700001689800056e-5,0.0,0.007158481243388362,0.0,0.0,0.0,0.05229668077808714,0.6094154117201239,0.0,0.0003976930135215624,0.0002982700101411803,0.0,0.00014913500507059016,0.0018393320625372897,0.11617618194999017,0.0,0.0,0.0
0.00023416499953167,0.0,0.0,0.0,0.05748741388502518,0.0017562349964875303,0.0,0.0,0.0,0.0,0.0,0.00023416499953167,0.0,0.0,0.0,0.017094016965811965,0.0,0.06966397386067207,0.0,0.0,0.0208406509583187,0.0,0.0,0.0,0.18604378862791243,0.4314483071371034,0.0,0.0,0.0,0.0,0.0,0.0,0.21519728356960544,0.0,0.0,0.0
0.012530780225554044,5.4700000984600024e-5,0.0,0.0,0.050123119902216164,0.0013679890246238026,0.0,0.0,0.0,0.0,0.0,0.0014227090256087626,0.0,0.0,0.00010943900196990203,0.02692202548459646,0.0006019150108344702,0.03540355763726404,0.0,0.0,0.06352941314352943,0.0,0.0,0.0,0.13187414737373465,0.4640766153533791,0.0,0.0,0.0010396720187140964,0.0003283170059097061,0.0,0.00016415900295486206,0.2102872817851711,0.00016415900295486206,0.0,0.0
0.00978856709788567,7.8300000783e-5,0.0,0.0,0.06460454264604541,0.00180109601801096,0.0,0.00015661700156617,0.0,0.0,0.0,0.00180109601801096,0.0,0.0,0.0,0.014487079144870789,0.0,0.03335943633359436,0.0,0.0,0.040250587402505866,0.0,0.0,0.0,0.15794831757948316,0.4393108893931088,0.0007047770070477699,0.0,0.0014878620148786198,0.0,0.0,0.0,0.23367267233672667,0.0005481600054816,0.0,0.0
0.009838558206609723,0.3864317421150666,0.0,0.0,0.191628285024194,0.0,0.0,4.470000093870002e-5,0.0,0.0,0.0,0.0,0.0,0.0,0.0,0.0016099460338088666,0.0,0.0011627390244175195,0.0,0.0,0.0,0.0,0.0,0.0,0.1533026282193552,0.21702965455762274,0.0,0.0,0.0005366490112696293,0.0007602520159652923,0.0,0.0,0.03765484579075176,0.0,0.0,0.0
0.005117583117704411,6.090000140070003e-5,0.0,0.0,0.06713781054416963,0.0005483120126111762,0.0,0.0007920070182161613,0.0,0.0,0.0,0.00018277100420373307,0.0,0.0,0.0,0.05495309026392106,0.0018277080420372846,0.029243329672596574,0.0,0.0,0.03734616885896187,0.0,0.0,0.0,0.1631534097525284,0.44151335215480697,0.0,0.0,0.0010966250252223753,0.026014378598330706,0.0,0.0,0.17009869991227006,0.0009138540210186423,0.0,0.0
0.010766606732129258,0.0,0.0,0.0,0.05848091197670202,0.00041183702800491796,0.0,0.0018826851280225889,0.0,0.0,0.0,0.0,0.0,0.0,0.0002941700200035614,0.08860387702506364,0.0006471730440077671,0.07148320786085814,0.0,0.0,0.022415721524269065,0.0,0.0,0.0,0.10819557135729886,0.5306230870823699,5.880000399840028e-5,0.0,0.0002353360160028491,0.0015885161080190957,0.0,5.880000399840028e-5,0.10413603108125012,0.00011766800800142455,0.0,0.0
0.0008514710289500149,5.320000180880006e-5,0.0,0.0,0.09483263622430962,5.320000180880006e-5,0.0,0.0009046880307593929,0.0,0.0,0.0,0.0,0.0,0.0,0.0,0.08940450503975315,0.0,0.035815019217710645,0.0,0.0,0.002873716097706347,0.0,0.0,0.0,0.21063275716151372,0.37464745073801325,0.0,0.0,0.0015965090542813078,0.0,0.0,0.0,0.1880687623943379,0.0002660850090468903,0.0,0.0
0.001863831,0.0,0.0,0.0,0.057395022,0.000164456,0.0,0.001809012,0.0,0.0,0.0,0.000822278,0.0,0.0,0.0,0.001041552,0.000164456,0.04917224,0.0,0.0,0.034316413,0.0,0.0,0.0,0.179147023,0.489694112,0.0,0.0,0.000164456,0.001370464,0.0,0.0,0.182490955,0.00038373,0.0,0.0
0.0369413580395247,6.459999832040004e-5,0.0,0.0,0.046951690779256046,0.00258331193283389,0.0,0.0005489539857271964,0.0,0.0,0.0,0.001323946965577379,0.0,0.0,0.0007427019806897486,0.006813484822849395,0.0009041589764918666,0.04956729371125036,0.0,0.0,0.0680379732310127,0.0,0.0,0.0,0.17556832443522358,0.45618056113930544,3.229999916020002e-5,0.0,0.0014854039613794972,0.0010979079714543928,0.0,0.0,0.15115602806994327,0.0,0.0,0.0
0.010832864942459252,0.0,0.0,0.0,0.03503095404769301,7.030000611610056e-5,0.0,0.002813731244794619,0.0,0.0,0.0,0.0004924030428390649,0.0,0.0,0.00021103001835961165,0.00471299941003095,0.0007034330611986766,0.04909961027166611,0.0,0.0,0.027785596417346896,0.0,0.0,0.0,0.16776872559587916,0.5627462499589239,0.0,0.0,0.0,0.004501970391671425,0.0,0.0,0.1331598315849054,7.030000611610056e-5,0.0,0.0
0.0020785699709000207,0.010254277856440112,0.0,0.0,0.09589135865752099,0.00020785699709000209,0.0,0.0015242849786600106,0.0,0.0,0.0,0.0007621419893300124,0.0,0.0,0.0,0.02210212669057023,0.0,0.03228711954798034,0.0,0.0,0.0009007139873900044,0.0,0.0,0.0,0.2748562281520128,0.38973185854375403,0.0,0.0,0.0011085709844800065,0.00034642799515000814,0.0,6.929999902980004e-5,0.16787916364969174,0.0,0.0,0.0
0.005924539324602516,7.7999991108001e-5,0.0,0.0005846589333488815,0.05328187692586603,0.000155908982226376,0.0,0.000467726946679128,0.0,3.89999955540005e-5,0.0,0.000857498902245125,0.0,0.0,3.89999955540005e-5,0.007054879195743771,0.000155908982226376,0.06294823082390168,0.0,0.0,0.044511999925632005,0.0,3.89999955540005e-5,0.0,0.15189427668405245,0.4192780942022972,0.0,0.0,0.0,0.0024945427156221303,0.0,0.0,0.24941531256665436,0.00077954491113188,0.0,0.0
0.036868509889394475,0.0,0.0,0.0,0.039085287882744145,0.0,0.0,0.0007000349978998952,0.0,0.0,0.0,0.0003500179989499461,0.0,0.0,0.00023334499929996506,0.02030101493909696,0.00011667299964998102,0.06381985780854044,0.0,0.0,0.030334849908995456,0.014934079955197764,0.0,0.0,0.1608913775173259,0.47380702257857904,0.0,0.0,0.0,0.0026834679919495964,0.0,0.00011667299964998102,0.1556411145330767,0.00011667299964998102,0.0,0.0
0.001111218001111218,0.007102135007102136,0.0,0.0,0.07918639507918641,0.0,0.0,0.0012078460012078462,0.0,0.0,0.0,0.0017876120017876122,0.0,0.0,0.00028988300028988303,0.017779496017779495,0.0,0.056913711056913716,0.0,0.0,0.013576191013576192,0.0,0.0,0.0,0.16822881416822882,0.5255580255255581,0.0,0.0,0.00038651100038651105,0.0,0.0,0.0,0.1268721621268722,0.0,0.0,0.0
0.010766225387584113,0.0032559151172129436,0.0,0.0006077710218797567,0.065335361352073,0.0003472980125027284,0.0,0.00173648806251357,0.0,0.0,0.0,0.001041893037508149,0.0,0.0,0.0006077710218797567,0.0012589540453223455,8.68000031248001e-5,0.07149989357399615,0.0,0.0,0.037594965353418754,4.340000156240005e-5,0.0,0.0,0.1647493009309748,0.48278708038033485,0.0,0.0,0.0006945950250054208,0.0032559151172129436,0.0,0.0,0.1541133115480792,0.00021706100781419626,0.0,0.0
0.0029043501190783552,6.450000264450012e-5,0.0,0.0006454110264618522,0.06047502547947606,0.00012908200529236223,0.0,0.0015489870635084697,0.0,0.0,0.0,0.0009035760370466176,0.0,0.0,0.00012908200529236223,0.012908223529237166,0.00012908200529236223,0.05214922113811807,0.0,0.0,0.019039628780624783,0.0,0.0,0.0,0.16264361066838806,0.4230670113457475,0.0,0.0,0.00051632902116949,0.00025816401058472447,0.0,0.0,0.26229509275409885,0.00019362300793854335,0.0,0.0
0.003596441,0.000315477,0.0,0.0,0.040507288,0.0,0.0,0.000378573,0.0,0.0,0.0,0.001135718,0.0,0.0,0.000315477,0.001514291,0.000441668,0.060382359,0.0,0.0,0.026310808,0.0,0.0,0.0,0.175594675,0.518013755,0.000757146,0.0,0.0,0.0,0.0,0.0,0.170736324,0.0,0.0,0.0
0.030591295980974466,0.00030040598017320536,0.0,0.00035047297686878357,0.030641363977669978,5.009999669340022e-5,0.0,0.0009012169405196819,0.0,0.0005507439636508985,0.0,0.0036048667620787937,0.0,0.0,0.000450607970259874,0.011265207256496322,0.003204325788514498,0.049216438751715046,0.0,0.0,0.032243526871927226,5.009999669340022e-5,0.0,0.0,0.18169527700811175,0.5301656890090645,0.0,0.00010013499339109044,0.0005006759669553862,0.00010013499339109044,0.0,0.0,0.12391727982145954,0.00010013499339109044,0.0,0.0
0.004788984818018577,0.0025740799021849634,0.0,0.0,0.06758455343178697,0.0017360069340317363,0.0,0.0005387609795270828,0.0,0.0,0.0,0.0009577969636037154,0.0,0.0,0.0,0.012152049538222116,5.9899997723800086e-5,0.045016460289374505,0.0,0.0,0.008440586679257706,0.0008979349658784713,0.0,0.0,0.2258006494195753,0.3685722699942537,0.0,0.0,0.0005986229772523267,0.000718347972702777,0.0,0.0,0.2581262991912006,0.001436695945405554,0.0,0.0
0.00063048404980824,0.0,0.0,0.0,0.09294384134256348,0.00010508100830139967,0.0,0.0007881050622603,0.0,5.250000414750033e-5,0.0,0.00010508100830139967,0.0,0.0,0.0,0.09215573728030325,0.0,0.03667314989717885,0.0,0.0,0.0019439921535753803,0.0,0.0,0.0,0.210318936615196,0.3740346015487336,0.0,0.0,0.00189145214942472,5.250000414750033e-5,0.0,0.0,0.18809437685945576,0.00021016101660272033,0.0,0.0
0.001326788053071522,0.0068329572733182905,0.0,0.0,0.04132944265317771,0.0,0.0,0.0002653580106143204,0.0,0.0,0.0,0.0005970550238822009,0.0,0.0,0.0,0.025806025032241,6.63000026520001e-5,0.034496485379859415,0.0,0.0,0.04471275178851007,0.0,0.0,0.0,0.17248242689929708,0.4983415349336614,0.0,0.0,0.001923842076953683,0.0010614300424572015,0.0,0.0,0.1704259058170362,0.0003316970132678805,0.0,0.0
0.003918425823670837,0.0002671649879775755,0.0,0.0001781099919850503,0.029566300669516463,0.0004452759799625808,0.0,0.003295039851723206,0.0,0.0,0.0,0.001692046923857888,0.0,0.0,0.0008905509599252065,0.037135985328880655,8.909999599050017e-5,0.05752960841116761,0.0,0.0,0.0310802376013893,0.0004452759799625808,0.0,0.0,0.10312583035933762,0.6053076577611552,0.0007124409679401563,0.0,0.0002671649879775755,0.0007124409679401563,0.0,0.0,0.12334134244963957,0.0,0.0,0.0
0.0014568509883451921,0.005741708954066329,0.0,0.0,0.1313737239490102,0.0009426689924586482,0.0,0.0017996399856028801,0.0,0.0,0.0,8.569999931440001e-5,0.0,0.0,0.0,0.0016282459869740322,0.0,0.045162395638700836,0.0,0.0,8.569999931440001e-5,0.0,0.0,0.0,0.27217413482260694,0.42865712257074307,0.0,0.0,8.569999931440001e-5,0.0071985599424115206,0.0,0.00025709099794327204,0.10335075717319395,0.0,0.0,0.0
0.02371754114230525,0.001222554007335324,0.0,0.000880239005281434,0.04797300628783804,4.8900000293400005e-5,0.0,0.000586826003520956,0.0,0.0,4.8900000293400005e-5,0.001222554007335324,0.0,0.0,0.00034231500205389004,0.012225537073353223,0.0007824340046946041,0.07736319646417918,0.0,0.0,0.043718519262311115,0.0,0.0,0.0,0.1415717158494303,0.5104406110626437,0.001173652007041912,0.0,4.8900000293400005e-5,0.0,0.0,0.0,0.1366325988197956,0.0,0.0,0.0
0.0,0.00824499404122497,0.0,0.0,0.09232581346162907,9.0600000453e-5,0.0,0.0005436260027181299,0.0,0.0,0.0,0.0,0.0,0.0,0.0,0.006795325033976624,0.0,0.010691311053456555,0.0,0.0,0.0006342300031711499,0.0,0.0,0.0,0.11615475258077376,0.6123946750619733,0.0,0.0,0.00045302200226510995,0.005164447025822235,0.0,0.0,0.146507203732536,0.0,0.0,0.0
0.006210725795046048,0.017682302416484018,0.0,0.0,0.1850065698947832,0.00021920199276633423,0.0,0.00014613499517754516,0.0,7.309999758770008e-5,0.0,0.0,0.0,0.0,0.0,0.005114715831214377,0.0,0.02243168125975452,0.0,0.0,0.0016074819469530956,0.0,0.0,0.0,0.21226069699539699,0.38206925539171455,0.0,0.0,0.00014613499517754516,0.00825661272753178,0.0,0.0,0.15826391377729085,0.0005114719831214245,0.0,0.0
0.0010904610752418141,0.0017068081177697599,0.0,4.740000327060022e-5,0.04485113109472803,9.480000654120044e-5,0.0,9.480000654120044e-5,0.0,0.0,0.0,0.0009008150621562392,0.0,0.0,0.00018964501308550588,0.005547127382751788,4.740000327060022e-5,0.023800494642234125,0.0,0.0,0.018395601269296485,0.0,0.0,0.0,0.24208232270368021,0.4488431939701803,0.0,0.0,0.0003792910261710808,0.001327518091598748,0.0,0.0,0.2106011905314821,0.0,0.0,0.0
0.011452173,0.244344316,0.0,0.0,0.205482024,0.0,0.0,0.000375481,0.0,0.0,0.0,0.0,0.0,0.0,0.0,0.020557589,0.0,0.018961795,0.0,0.0,0.0,0.0,0.0,0.0,0.121562001,0.285365625,0.0,0.0,0.002065146,0.000187741,0.0,0.0,0.089646109,0.0,0.0,0.0
0.005276575931404513,5.929999922910001e-5,0.0,0.00017786199768779406,0.02549356666858364,0.00017786199768779406,0.0,0.00011857499845852503,0.0,0.0,0.0,0.0003557239953755881,0.0,0.0,0.0005335859930633821,0.0021936329714827714,0.0,0.03669887852291458,0.0,0.0,0.03592814353293414,0.0,0.0,0.0,0.19671547744269882,0.49338945258593714,0.0,0.0,0.00047429899383411315,0.0007114479907511762,0.0,0.0,0.201695616377957,0.0,0.0,0.0
0.007897291323788946,0.004456013182696541,0.0,0.0,0.04751610494816031,0.000529427021706508,0.0,0.0007059030289420244,0.0,0.0,0.0,0.002029471083208315,0.0,0.0,0.0013235680542662905,0.009176740376246356,0.000573546023515387,0.05342804419054982,0.0,0.0,0.016853437690990947,0.0,0.0,0.0,0.21582988584902535,0.4934704162322871,4.4100001808100085e-5,0.0,0.001147093047030815,4.4100001808100085e-5,0.0,0.0,0.1449748579439692,0.0,0.0,0.0
0.012720065656558229,0.00046087198755645633,0.0,0.0,0.04087934289625774,0.004424370880541986,0.0,0.0009678309738685638,0.0,4.6099998755300035e-5,0.0,0.00018434899502257714,0.0,0.0,0.00018434899502257714,0.0017513129527145504,0.0002765229925338792,0.057009861460733745,0.0,0.0,0.06710295718822017,0.0,0.0,0.0,0.17287307133242708,0.45547975570204663,0.0003686979900451543,0.0,0.001060005971379839,0.0,0.0,0.0,0.1841644340275603,4.6099998755300035e-5,0.0,0.0
0.004414830514368644,0.0,0.0,0.00012263398651026148,0.058741766538405675,0.00012263398651026148,0.0,0.0004496589505375154,0.0,0.0,0.0,0.0016351218201365997,0.0,0.0,8.179999100200098e-5,0.0026979517032253127,0.000981072892081982,0.04341249622462542,0.0,0.0,0.007930343127662257,0.0,0.0,0.0,0.1292564137817945,0.641213190466549,0.0,0.0,8.179999100200098e-5,4.089999550100049e-5,0.0,0.0,0.10881738603008753,0.0,0.0,0.0
0.0027936558295869945,0.028194436280139387,0.0,0.0,0.05961232236364834,8.599999475400034e-5,0.0,0.00038681397640434747,0.0,0.0,0.0,0.00030085498164784616,0.0,0.0,0.0,0.03176172106253502,0.0,0.01938367481759584,0.0,0.0,0.004684746714230452,0.0,0.0,0.0,0.13607254069957503,0.22271885841414968,0.0,0.0,0.00021489698689128382,0.37327543223019866,0.0,4.299999737700017e-5,0.12034210765913145,0.00012893799213478248,0.0,0.0
0.000534530999465469,0.04906991695093009,0.0,0.0,0.12540089787459913,0.00021381199978618803,0.0,0.00021381199978618803,0.0,0.0,0.0,0.00021381199978618803,0.0,0.0,0.0,0.0043831519956168494,0.0,0.010904425989095575,0.0,0.0,0.0,0.0,0.0,0.0,0.1796023088203977,0.4191789605808211,0.0,0.0,0.0,0.0006414369993585631,0.0,0.0,0.2096429337903571,0.0,0.0,0.0
0.010344317368996641,7.389999549210027e-5,0.0,7.389999549210027e-5,0.08423229886182977,7.389999549210027e-5,0.0,0.0022166398647849687,0.0,0.0,0.0,0.0014038719143638135,0.0,0.0,0.0,0.003029406815206185,7.389999549210027e-5,0.05342101074131835,0.0,0.0,0.015220924071523633,0.0,0.0,0.0,0.17496673932702891,0.42323035718294827,0.0,0.0,0.0,7.389999549210027e-5,0.0,0.0,0.23045661394214656,0.0011083199323924844,0.0,0.0
0.0018843639981156357,0.000275760999724239,0.0,0.0,0.1325949078674051,0.00013787999986211998,0.0,0.000413640999586359,0.0,0.0,0.0,0.00022980099977019898,0.0,0.0,0.0,0.00445812999554187,0.0,0.048671752951328244,0.0,0.0,0.0009192019990807979,0.0,0.0,0.0,0.2605938047394062,0.39576247760423744,0.0,0.0,0.000367680999632319,0.0008732419991267579,0.0,0.0,0.15281735484718262,0.0,0.0,0.0
7.970000358650016e-5,0.0,0.0,0.0,0.08795853695813416,0.0,0.0,0.0007974480358851616,0.0,0.0,0.0,0.0003189790143540556,0.0,0.0,0.0015948960717703231,0.008771930394736867,0.0035087721578947466,0.08357257176076573,0.0,0.0,0.006539075294258388,0.0,0.0,0.0,0.2609250517416273,0.4145933196566994,0.0,0.0,0.0003189790143540556,0.0,0.0,0.0,0.1310207398959333,0.0,0.0,0.0
0.004636052004636052,0.06932174906932176,0.0,0.0,0.11027962311027963,0.00010951300010951302,0.0,0.00018252200018252203,0.0,0.0,0.0,0.000146017000146017,0.0,0.0,0.0,0.05537709005537709,0.00047455600047455605,0.03581076103581077,0.0,0.0,0.001350661001350661,0.0,0.0,0.0,0.16766445216766446,0.3506607293506608,0.0,0.0,0.0008761040008761041,0.0,0.0,0.0,0.20300065720300067,0.00010951300010951302,0.0,0.0
0.0017208410034416823,0.0004780110009560221,0.0,0.0,0.13064053526128108,4.780000009560001e-5,0.0,0.0004780110009560221,0.0,0.0,0.0,0.00028680700057361405,0.0,0.0,0.0,0.004493308008986617,0.0,0.04823135809646273,0.0,0.0,0.0009082220018164441,0.0,0.0,0.0,0.2538240925076482,0.40200764880401535,0.0,0.0,0.00023900600047801205,0.0011472280022944562,0.0,0.0,0.1554493313108987,4.780000009560001e-5,0.0,0.0
0.014300988985699009,0.0847367009152633,0.0,0.0,0.17869553582130443,0.0,0.0,0.0,0.0,0.0,0.0,0.0,0.0,0.0,0.0016038489983961509,0.06950013393049986,0.0,0.060678962939321034,0.0,0.0,0.006549050993450949,0.0,0.0,0.0,0.16025126983974872,0.305265971694734,0.0,0.0,0.00026730799973269197,0.002004811997995188,0.0,0.0,0.11614541588385457,0.0,0.0,0.0
0.007293355598055159,0.0,0.0,0.0,0.039528186241311276,0.0001800830147668072,0.0,0.0018008281476679083,0.0,0.0,0.0,0.004682154383936659,0.0,0.0,0.00045020703691697707,0.014316587173960149,9.000000738000061e-5,0.03763731608625992,0.0,0.0,0.03601657095335882,0.0,0.0,0.0,0.1897172855568174,0.41428060297100944,0.0,0.0,9.000000738000061e-5,0.0034215742805690915,0.0,0.0,0.24995499949630998,0.0005402490443004216,0.0,0.0
0.005486968,0.053497942,0.0,0.0,0.096021948,0.000685871,0.0,0.001028807,0.0,0.0,0.0,0.001371742,0.0,0.0,0.0,0.006515775,0.0,0.02297668,0.0,0.0,0.000685871,0.0,0.0,0.0,0.242798354,0.37654321,0.0,0.0,0.008573388,0.0,0.0,0.000342936,0.183470508,0.0,0.0,0.0
0.0005495849609794676,0.004274547696507113,0.0,6.109999566190029e-5,0.05172202832773598,0.0,0.0,0.0001831949869931559,0.0,0.0,0.0,0.0018930138655960153,0.0,0.0,0.0002442599826575412,0.03712750136394739,0.0002442599826575412,0.04250121798241351,0.0,0.0,0.01239618911987057,0.0,0.0,0.0,0.15687590486181074,0.5120908286415511,0.0,0.0,0.0,0.0015266238916097036,0.0,6.109999566190029e-5,0.17824864434434623,0.0,0.0,0.0
0.038684381856850324,0.015040674721952385,0.0,0.0,0.04447826013495648,0.0005267160252823692,0.0,0.0009949080477555862,0.0,0.0,0.0,0.0016971970814654597,0.0,0.0,0.0014631010702288512,0.07947562881483017,0.0005267160252823692,0.029437585413004095,0.0,0.0,0.034060983634927204,0.0,0.0,0.0,0.1969333504528008,0.42974192962761254,0.0,0.0,0.00029262001404576065,0.0012875290618013947,0.0,5.850000280800013e-5,0.12524141801158806,0.0,5.850000280800013e-5,0.0
0.0013603389319830532,7.559999622000018e-5,0.0,0.0,0.06370918681454066,0.0,0.0,0.0003022969848851507,0.0,0.0,0.0,0.0003022969848851507,0.0,0.0,0.00022672298866385055,0.03499092925045354,0.0003022969848851507,0.027660216616989166,0.0,0.0,0.019876057006197146,0.0,0.0,0.0,0.16996673850166305,0.39661424816928753,0.0,0.0,0.0,7.559999622000018e-5,0.0,0.00015114899244255035,0.28423517278824134,0.00015114899244255035,0.0,0.0
0.011254236954983054,6.779999972880001e-5,0.0,0.0005423729978305081,0.09525423661898307,0.003389830986440676,0.0,0.0029152539883389845,0.0,0.0,0.0,0.0015593219937627121,0.0,0.0,0.0015593219937627121,0.0038644069845423725,0.0005423729978305081,0.11972881352108476,0.0,0.0,0.013288135946847458,0.0,0.0,0.0,0.13993220244027121,0.45735593017057635,0.0,0.0,0.000135592999457628,0.0016271189934915242,0.0,0.0,0.14698305041206783,0.0,0.0,0.0
0.007543229362075011,0.022977836102936133,0.0,0.00011605000557040028,0.04665196923929453,0.0017987700863409644,0.0,0.0002901240139259527,0.0,0.0,0.0,0.003191366153185576,0.0,0.0,0.0009864220473482584,0.004235813203319034,0.0005222240250667532,0.05448532261529549,0.00011605000557040028,0.0,0.02222351306672863,0.0,0.0,0.0,0.1831263867900666,0.5069630043342243,0.0019728440946965168,0.0,5.800000278400014e-5,0.0011024720529186586,0.0,0.0,0.14158060279586895,5.800000278400014e-5,0.0,0.0
0.011580158671649202,0.06151445856783859,0.0,0.0,0.10290736496862717,8.210000476180026e-5,0.0,0.0017247041000328378,0.0,0.0,0.0,0.0,0.0,0.0,0.0,0.02389947538616957,0.0,0.03884691425312102,0.0,0.0,0.007637976443002633,0.00024638601429038883,0.0,0.0,0.15275953586005306,0.3886333995407371,0.0,0.0,0.0,0.003695795214356122,0.0,0.0,0.20638963097059856,8.210000476180026e-5,0.0,0.0
0.0002769439889222404,0.0,0.0,0.0,0.029817676807292928,0.0009693049612278015,0.0,0.0011077779556888817,0.0,0.0,0.0,0.0010616199575352017,0.0,0.0,4.619999815200007e-5,0.008769904649203814,0.00023078699076852036,0.03327948166882073,0.0,0.0,0.01933994822640207,0.0,0.0,0.0,0.16316639047334436,0.5690745212370192,0.0,0.0,0.0,0.013893375444264982,0.0,0.0,0.15896606764135732,0.0,0.0,0.0
0.03326403296673596,9.44999999055e-5,0.0,0.0,0.047124046952875955,0.002835002997164997,0.0,0.0005985009994014989,0.0,0.0,0.0,0.001260000998739999,0.0,0.0,0.0008190009991809989,0.0072135069927864925,0.000630000999369999,0.048793548951206446,0.0,0.0,0.07109557092890442,0.0,0.0,0.0,0.1739746738260253,0.4516474515483525,3.1499999968499997e-5,0.0,0.0010395009989604988,0.000787500999212499,0.0,0.0,0.15879165884120833,0.0,0.0,0.0
0.007111971,0.133761948,0.0,0.0,0.077833409,0.0,0.0,0.000341375,0.0,0.0,0.0,0.000113792,0.0,0.0,0.000170687,0.02110833,0.000512062,0.028959945,0.0,0.0,0.004779244,0.0,0.0,0.0,0.156918525,0.376649977,0.0,0.0,0.000512062,0.0,0.0,0.0,0.190202549,0.001024124,0.0,0.0
0.03564947239577374,0.0,0.0,0.00016130999274105033,0.045529698951163544,0.0012501509437432075,0.0,0.0016130979274105934,0.0,0.0,0.0,0.0007662219655200116,0.0,0.0,0.0016534259255958333,0.006533047706012853,0.0005645839745937212,0.08186473831608679,0.0,0.0,0.044965114976569825,0.0,8.069999636850016e-5,0.0,0.16235834269387459,0.44327940905242663,0.0,0.0,0.0003629469836673858,0.0004436019800379109,0.0,0.0,0.17292413621841388,0.0,0.0,0.0
0.0029546799970453196,0.000454565999545434,0.0,0.000545478999454521,0.03831992396168007,0.00027273999972726,0.0,0.0006818489993181509,0.0,0.0,0.0,0.0019546339980453654,0.00013636999986363,0.0,0.0,0.016773489983226506,0.0,0.04200190895799808,0.0,0.0,0.03763807396236192,0.0,0.0,0.0,0.22105550277894445,0.4229737715770262,0.0,0.0,0.000181825999818174,0.0,0.0,0.0,0.21378244478621752,0.00027273999972726,0.0,0.0
0.0014641289985358713,0.0,0.0,0.0,0.198671021801329,0.0,0.0,0.001238877998761122,0.0,0.0,0.0,0.0,0.0,0.0,0.0,0.010586777989413224,0.0,0.040657731959342275,0.0,0.0,0.0,0.0,0.0,0.0,0.26343056673656945,0.3194053376805947,0.0,0.0,0.00011262499988737502,0.0,0.0,0.00022525099977474902,0.16420768083579235,0.0,0.0,0.0
0.002040361991838552,0.0013355099946579599,0.0,0.0,0.03854429384582282,7.41999997032e-5,0.0,0.00011129199955483199,0.0,0.0,0.0,0.0007419499970322,0.0,0.0,0.00022258499910965998,0.09459860462160558,0.0,0.017139040931443836,0.0,0.0,0.017510015929959932,0.0,0.0,0.0,0.23838848404644605,0.45718949217124194,0.0,0.0,0.0003709749985161,0.0007419499970322,0.0,0.0,0.13099124447603502,0.0,0.0,0.0
0.00484909304849093,0.0,0.0,0.00025081500250815,0.07056266270562661,0.0,0.0,0.0007524450075244499,0.0,0.0,0.0,8.3600000836e-5,0.0,0.0,0.0,0.00685561406855614,0.00033442000334419996,0.05526293855262938,0.0,0.0,0.038959953389599525,0.00769166507691665,0.0,0.0,0.17281163972811636,0.41434663114346626,0.0,0.0,0.00033442000334419996,0.0,0.0,0.00392943703929437,0.2228910652289106,8.3600000836e-5,0.0,0.0
0.005035008864054761,0.0,0.0,0.0,0.04917000867240977,0.0007080479808827045,0.0,0.0011800799681378408,0.0,0.0,0.0,0.0,0.0,0.0,7.869999787510007e-5,0.04924868067028563,0.0010227359723861287,0.03186216613972151,0.0,0.0,0.040358742910313945,0.0,0.0,0.0,0.10880339606230831,0.4967350975881524,0.0,0.0,0.004169616887420344,0.003776256898041064,0.0,0.0,0.207064741409252,0.0007867199787585606,0.0,0.0
0.00035917003663534376,0.0,0.0,0.0,0.058400982956900264,0.0005028370512893792,0.0,7.180000732360075e-5,0.0,0.0,0.0,0.0007183390732705855,0.0,0.0,0.0,0.027727895828245374,7.180000732360075e-5,0.02492637254249,0.0,0.0,0.017958481831765145,0.0,0.0,0.0,0.15257526156267667,0.42712453156670227,0.0,0.0,0.0010056751025788605,7.180000732360075e-5,0.0,0.0,0.28834138441082124,0.0001436680146541375,0.0,0.0
0.0012912679961261959,0.0,0.0,6.97999997906e-5,0.03360787289917638,0.0,0.0,0.000942276997173169,0.0,0.0,0.0,0.000209394999371815,0.0,0.0,0.000348990998953027,0.012668387961994834,3.48999998953e-5,0.04746283185761151,0.0,0.0,0.018671040943986875,0.0,0.0,0.0,0.21693306234920082,0.48063097455810705,0.0,0.0,0.00024429399926711797,0.000209394999371815,0.0,0.0,0.18660570944018287,6.97999997906e-5,0.0,0.0
0.04431546,0.0,0.0,0.0,0.037958356,0.00046066,0.0,0.000184264,0.0,0.0,0.0,0.000276396,0.0,0.0,0.0,0.016399484,0.000184264,0.060162152,0.0,0.0,0.036668509,0.0,0.0,0.0,0.142620232,0.491708126,0.001750507,0.0,0.001750507,0.0,0.0,0.0,0.164271236,0.001289847,0.0,0.0
0.0035722459964277536,4.5799999954199995e-5,0.0,0.0,0.061323562938676426,0.000183191999816808,0.0,0.0008243649991756349,0.0,0.0,0.0,0.000503777999496222,0.0,0.0,0.0,0.006961300993038698,0.000137393999862606,0.0629722919370277,0.0,0.0,0.02514311897485688,0.000320585999679414,0.0,0.0,0.2255553007744447,0.3846576596153423,0.0,0.0,0.000137393999862606,0.0,0.0,0.00022898999977100996,0.22715823177284172,0.000274787999725212,0.0,0.0
0.016986889509606688,0.00028861200865836026,0.0,0.0,0.037684507130535214,0.0018553640556609216,0.0,0.0007009150210274506,0.0,0.0,0.0,0.0007421460222643806,0.0,0.0,0.0012369090371072713,0.003463346103900383,4.1200001236000037e-5,0.08258431847752956,0.0,0.0,0.07211181916335457,0.0,0.0,0.0,0.16125175683755272,0.3965943878978317,0.0,0.0,0.0008658370259751109,0.0,0.0,0.0,0.22359199170775976,0.0,0.0,0.0
0.003749617,0.0,0.0,0.0,0.111570248,0.000459137,0.0,0.001683502,0.0,0.0,0.0,0.000841751,0.0,0.0,0.0,0.007346189,0.0,0.08761861,0.0,0.0,0.01584022,0.0,0.0,0.0,0.212656872,0.365625957,0.0,0.0,0.0,0.004744414,0.0,0.0,0.187863483,0.0,0.0,0.0
0.009256662018513323,0.0,0.0,0.0,0.047966339095932675,0.00028050500056101,0.0,0.000140252000280504,0.0,0.0,0.0,0.001262272002524544,0.0,0.0,0.0,0.025666199051332397,0.011360449022720898,0.031136045062272088,0.0,0.0,0.02033660604067321,0.000701262001402524,0.0,0.0,0.06970547013941095,0.700561011401122,0.00028050500056101,0.0,0.000140252000280504,0.0,0.0,0.000140252000280504,0.07882187915764376,0.002244039004488078,0.0,0.0
0.004974271004974271,0.035849057035849057,0.0,0.0,0.10360205810360207,0.0,0.0,0.000686106000686106,0.0,0.0,0.0,0.0,0.0,0.0,0.0,0.04391080604391081,0.000343053000343053,0.047169811047169816,0.0,0.0,0.00017152700017152703,0.0,0.0,0.0,0.186963979186964,0.4193825044193825,0.0,0.0,0.00017152700017152703,0.001372213001372213,0.0,0.0,0.15506003415506006,0.000343053000343053,0.0,0.0
0.006423539,0.022171571,0.0,0.0,0.179859097,0.0,0.0,0.0,0.0,0.0,0.0,0.0,0.0,0.0,0.0,0.02196436,0.0,0.00663075,0.0,0.0,0.0,0.0,0.0,0.0,0.334231247,0.334024036,0.0,0.0,0.0,0.0,0.0,0.0,0.0946954,0.0,0.0,0.0
0.008561403982877192,0.000280701999438596,0.0,0.000140350999719298,0.18919298162161405,0.0,0.0,0.000280701999438596,0.0,0.0,0.0,0.000140350999719298,0.0,0.0,0.0,0.0053333329893333345,0.0,0.02792982494414035,0.0,0.0,0.012210525975578947,0.0,0.0,0.0,0.29501754340996494,0.3247719293504561,0.0,0.0,0.0,0.000561403998877192,0.0,0.0,0.1350175437299649,0.000561403998877192,0.0,0.0
0.002131929017055432,6.27000005016e-5,0.0,0.0,0.11443441291547529,6.27000005016e-5,0.0,0.000313519002508152,0.0,0.0,0.0,0.0,0.0,0.0,0.0,0.03856282930850263,0.0,0.020253323162026583,0.0,0.0,0.0,0.0,0.0,0.0,0.24711562797692502,0.4742287467938299,0.0,0.0,0.000188111001504888,0.001065964008527712,0.0,0.000125408001003264,0.10107850580862804,0.000376223003009784,0.0,0.0
0.002747081093400758,0.00031216801061371237,0.0,0.0,0.036648562246051127,0.0005619030191047027,0.0,0.0008740710297184151,0.0,0.0,0.0,0.0011862400403321615,0.0,0.0,0.0005619030191047027,0.013298370452144596,6.240000212160008e-5,0.06586751823949563,0.0,0.0,0.03321471012930015,0.0,0.0,0.0,0.19835175774395977,0.4390959759292632,0.0,0.0,0.00037460201273646843,0.0006243370212274588,0.0,0.0,0.20584379799868915,0.00037460201273646843,0.0,0.0
0.013918146473216977,0.00011285000383690012,0.0,0.00033855001151070034,0.026594944904228122,0.00022570000767380025,0.0,0.0005266330179055225,0.0,0.0,0.0,0.0017679810601113558,0.0,0.0,0.0007523320255792888,0.04976677869207047,0.0021817630741799445,0.04307102146441472,0.0,0.0,0.027986759951549835,7.520000255680008e-5,0.0,0.0,0.1837571532477432,0.49962385098721085,0.0,0.0,0.0,0.0013165810447637555,0.0,0.0,0.14783328802633178,0.00015046600511584417,0.0,0.0
0.0016903909442170988,0.0001779359941281122,0.0,0.0,0.12553380385738447,0.0,0.0,0.0004448399853202805,0.0,0.0,0.0,0.0,0.0,0.0,0.0,0.00907473270053382,0.0,0.023309608230782927,0.0,0.0,0.0,0.0,0.0,0.0,0.3390569288111213,0.3507117324265128,0.0,0.0,8.899999706300008e-5,0.0005338079823843365,0.0,0.0,0.14937721907055176,0.0,0.0,0.0
0.001761098045788549,0.003947289102629516,0.0,0.0,0.04888565127102693,0.0020647360536831375,0.0,0.0005465480142102483,0.0,0.0,0.0,0.0030971030805246797,0.0,0.0,0.0,0.005586931145260209,0.0022469180584198693,0.06443189567522929,0.0,0.0,0.02034371852893668,0.0,0.0,0.0,0.1639035692614928,0.4819335765302729,0.0,0.0,0.0001821830047367581,6.070000157820003e-5,0.0,0.0,0.20015789720410532,0.0008501850221048105,0.0,0.0
0.0017875380357507606,0.0012768130255362603,0.0,0.0,0.07490636849812736,0.0015321760306435204,0.0,0.0005107250102145001,0.0,8.510000170200003e-5,0.0,0.00017024200340484005,0.0,0.0,0.0,0.06843718236874365,0.0,0.03013278960265579,0.0,0.0,0.0005107250102145001,0.0,0.0,0.0,0.20854614017092277,0.43428669568573386,0.0,0.0,0.0014470550289411004,0.0006809670136193402,0.0,0.0,0.17568948251378966,0.0,0.0,0.0
0.005503203851413496,0.02058047444432719,0.0,0.0,0.17926874715974384,0.0001507729959291291,0.0,0.0003015449918582852,0.0,7.539999796420006e-5,0.0,0.0,0.0,0.0,0.0,0.005880135841236333,0.0,0.021108178430079186,0.0,0.0,0.00158311295725595,0.0,0.0,0.0,0.22080662803822104,0.3796456737495668,0.0,0.0,7.539999796420006e-5,0.008669430765925369,0.0,0.0,0.15597436478869217,0.0003769319898228363,0.0,0.0
0.007927747023783242,0.0,0.0,0.0,0.03251379809754139,0.00010035100030105301,0.0,0.0008028100024084301,0.0,0.000501756001505268,0.0,0.004515805013547415,0.0,0.0,0.0,0.07155042621465128,0.0,0.032915203098745606,0.0,0.0,0.017160060051480183,0.0,0.0,0.0,0.20190667360572004,0.49603612748810844,0.0,0.0,0.001003512003010536,0.002910186008730558,0.0,0.0,0.13015554439046664,0.0,0.0,0.0
0.0034646478614140863,0.00044912098203516083,0.0,0.0,0.04253817329847307,6.419999743200011e-5,0.0,0.0008340819666367215,0.0,0.0,0.0,0.0009624019615039217,0.0,0.0,0.00019247999230080035,0.001154882953804682,0.00012831999486720023,0.05460027981598882,0.0,0.0,0.025279095988836167,0.0,0.0,0.0,0.17573462697061495,0.5202104241915831,0.0007699219692031214,0.0,0.0,0.0,0.0,0.0,0.17361734205530635,0.0,0.0,0.0
0.009399299686148877,4.270000311710023e-5,0.0,8.540000623420045e-5,0.057720247213578046,0.0011962740873280083,0.0,0.0028625142089635375,0.0,0.0,0.0,0.0005126890374262998,0.0,0.0,0.0008972060654960428,0.004913270358668736,0.0,0.0914295546743575,0.0,0.0,0.012389985904468971,0.0,0.0,0.0,0.19396737315961826,0.4214304327644216,0.0,0.0,0.0004272410311885953,0.0031615832307955757,0.0,0.0,0.19841067848397953,0.001153550084209156,0.0,0.0
0.0019592970215522674,0.11389205025281256,0.0,6.320000069520002e-5,0.0899380619893187,6.320000069520002e-5,0.0,0.0009480470104285172,0.0,0.0,0.0,0.0006952340076475742,0.0,0.0,0.00012640600139046603,0.013904690152951595,0.0,0.041714069458854766,0.0,0.0,0.010491720115408922,6.320000069520002e-5,0.0,0.0,0.14385033658235372,0.43445835377904196,0.0,0.0,0.00018960900208569905,0.002275313025028444,0.0,0.0,0.14536721159903934,0.0,0.0,0.0
0.008705694583281536,0.0018655061249889103,0.0,0.0,0.21364485731420543,8.88000059496004e-5,0.0,0.0005330020357111364,0.0,0.0,0.0,0.000444168029759258,0.0,0.0,0.0,0.01963223031535943,0.0,0.022563739511770545,0.0,0.0,0.0007106690476148262,0.0,0.0,0.0,0.2695212050579207,0.30540998746246917,0.0,0.0,0.0,0.0,0.0,0.0,0.1567913405050198,8.88000059496004e-5,0.0,0.0
0.0015101671585675519,5.39000056595006e-5,0.0,0.0,0.08688852612329526,0.0,0.0,5.39000056595006e-5,0.0,0.0,0.0,0.0,0.0,0.0,0.0,0.007550833792837549,5.39000056595006e-5,0.02567283569564775,0.0,0.0,0.0007550830792837234,0.0,0.0,0.0,0.27851790824438044,0.3858476215140003,0.0,0.0,0.0,0.0002157380226524924,0.0,0.0,0.21287958635235657,0.0,0.0,0.0
