0.014122992684328763,0.0,0.0,0.0,0.06886685802015405,0.0,0.0,0.0,0.0,0.0,0.0,0.0,0.0,0.0,0.0,0.0,0.0,0.061191052093352336,0.0,0.0,0.0,0.0,0.0,0.0,0.18545135485030512,0.4879394882597038,0.0,0.0,0.0,0.0,0.0,0.0,0.18242825409215602,0.0,0.0,0.0
0.008612502437187902,0.0,0.0,0.0,0.0965535794945866,0.0,0.0,0.0,0.0,0.0,0.0,0.0,0.0,0.0,0.0,0.04373690364217604,0.0,0.03393409275769381,0.0,0.0,0.01962811029034792,0.0,0.0,0.0,0.2238914324455138,0.3761337179568284,0.0,0.0,0.0,0.0,0.0,0.0,0.1975096609756655,0.0,0.0,0.0
0.0036052202036142384,0.0,0.0,0.0,0.061089373008626054,0.0,0.0,0.0,0.0,0.0,0.0,0.0,0.0,0.0,0.0,0.012383715174694656,0.0,0.04650522622004781,0.0,0.0,0.011399805736170653,0.0,0.0,0.0,0.20173312930409104,0.43123767569208177,0.0,0.0,0.0,0.0,0.0,0.0,0.2320458546606738,0.0,0.0,0.0
0.0,0.0,0.0,0.0,0.09361491054453797,0.0,0.0,0.0,0.0,0.0,0.0,0.0,0.0,0.0,0.0,0.033184580035795753,0.0,0.0,0.0,0.0,0.026933509112344385,0.0,0.0,0.0,0.1778600784178033,0.46076270684470694,0.0,0.0,0.0,0.0,0.0,0.0,0.20764421504481162,0.0,0.0,0.0
0.0059446299758988685,0.0,0.0,0.0,0.05418827421739767,0.0,0.0,0.0,0.0,0.0,0.0,0.0,0.0,0.0,0.0,0.018517471408092918,0.0,0.04332078690834488,0.0,0.0,0.03085883394981448,0.0,0.0,0.0,0.17213038230693845,0.46264299967482636,0.0,0.0,0.0,0.0,0.0,0.0,0.21239662155868647,0.0,0.0,0.0
0.01199424996323875,0.0,0.0,0.0,0.06556312114801804,0.0,0.0,0.0,0.0,0.0,0.0,0.0,0.0,0.0,0.0,0.02716300302335763,0.0,0.04569083671713529,0.0,0.0,0.022549075666924864,0.0,0.0,0.0,0.18122388093578007,0.455392420393905,0.0,0.0,0.0,0.0,0.0,0.0,0.1904234121516403,0.0,0.0,0.0
0.0026350398439182157,0.010608367746038648,0.0,0.0,0.0993528693847756,0.0,0.0,0.0,0.0,0.0,0.0,0.0,0.0,0.0,0.0,0.02179739831073888,0.0,0.045877482468898556,0.0,0.0,0.015421039565790428,0.0,0.0,0.0,0.18578739488645166,0.4323839853408999,0.0,0.0,0.0,0.0,0.0,0.0,0.18613642245248804,0.0,0.0,0.0
0.0,0.0,0.0,0.0,0.0,0.0,0.0,0.0,0.0,0.0,0.0,0.0,0.0,0.0,0.0,0.009493696857800939,0.0,0.030567185514457453,0.0,0.0,0.0383593577983829,0.0,0.0,0.0,0.17858654698050316,0.48687571559994713,0.0,0.0,0.0,0.0,0.0,0.0,0.2561174972489085,0.0,0.0,0.0
0.003000408990564765,0.0,0.0,0.0,0.197705065348997,0.0,0.0,0.0,0.0,0.0,0.0,0.0,0.0,0.0,0.0,0.02756380301013237,0.0,0.018524603066608077,0.0,0.0,0.006975889229627964,0.0,0.0,0.0,0.25046826702071784,0.33592158072629713,0.0,0.0,0.0,0.0,0.0,0.0,0.15984038260705485,0.0,0.0,0.0
0.0,0.01361474485960805,0.0,0.0,0.10990275628537821,0.0,0.0,0.0,0.0,0.0,0.0,0.0,0.0,0.0,0.0,0.018417930308703718,0.0,0.032063322440021545,0.0,0.0,0.009030204640407767,0.0,0.0,0.0,0.18346730793507446,0.386393941195732,0.0,0.0,0.0,0.0,0.0,0.0,0.24710979233507419,0.0,0.0,0.0
0.010196286423277,0.0,0.0,0.0,0.03871780667559401,0.0,0.0,0.0,0.0,0.0,0.0,0.0,0.0,0.0,0.0,0.02786363929215403,0.0,0.056186872083535594,0.0,0.0,0.029948189350314278,0.0,0.0,0.0,0.142094547281936,0.42855963785348794,0.0,0.0,0.0,0.0,0.0,0.0,0.2224674219805119,0.0,0.04396559905918943,0.0
0.0,0.003941920274545168,0.0,0.0,0.07252839779094182,0.0,0.0,0.0,0.0,0.0,0.0,0.0,0.0,0.0,0.0,0.02893599926398276,0.0,0.04968675339621562,0.0,0.0,0.010016866166354447,0.0,0.0,0.0,0.1763551583720044,0.4855336999162868,0.0,0.0,0.0,0.0,0.0,0.0,0.1730012048196689,0.0,0.0,0.0
0.0032556630136526088,0.0,0.0,0.0,0.06428064645499547,0.0,0.0,0.0,0.0,0.0,0.0,0.0,0.0,0.0,0.0,0.025836362489247932,0.0,0.0243906323407229,0.0,0.0,0.029041818693707616,0.0,0.0,0.0,0.2008594892403499,0.42549309752870834,0.0,0.0,0.0,0.0,0.0,0.0,0.22684229023861516,0.0,0.0,0.0
0.0,0.0,0.0,0.0,0.10079423884974444,0.0,0.0,0.0,0.0,0.0,0.0,0.0,0.0,0.0,0.0,0.027025487754121585,0.0,0.030922796985873937,0.0,0.0,0.006976376049044094,0.0,0.0,0.0,0.24202207634455775,0.38524876603068303,0.0,0.0,0.0,0.0,0.0,0.0,0.2070102579859752,0.0,0.0,0.0
0.008879014882542995,0.0,0.0,0.0,0.07222824198498949,0.0,0.0,0.0,0.0,0.0,0.0,0.0,0.0,0.0,0.0,0.021879381637974097,0.0,0.043161922670772596,0.0,0.0,0.01899577713067711,0.0,0.0,0.0,0.18194599688559962,0.4494260397603239,0.0,0.0,0.0,0.0,0.0,0.0,0.2034836250471202,0.0,0.0,0.0
0.015448584258016998,0.0,0.0,0.0,0.060398196095446416,0.0,0.0,0.0,0.0,0.0,0.0,0.0,0.0,0.0,0.0,0.013200069599042272,0.0,0.08652042256535594,0.0,0.0,0.0,0.0,0.0,0.0,0.15182428145411753,0.5164694374266874,0.0,0.0,0.0,0.0,0.0,0.0,0.1561390086013334,0.0,0.0,0.0
0.004264997152870448,0.0018565459825742741,0.0,0.0,0.0483514198955937,0.0,0.0,0.0,0.0,0.0,0.0,0.0,0.0,0.0,0.0,0.022067993389490573,0.0,0.057511005643677976,0.0,0.0,0.02286624312496072,0.0,0.0,0.0,0.1838449154644128,0.44128579512917143,0.0,0.0,0.0,0.0,0.0,0.0,0.21795108421724788,0.0,0.0,0.0
0.015854784642286318,0.000511359219040281,0.0,0.0,0.04409930904801409,0.0,0.0,0.0,0.0,0.0,0.0,0.0,0.0,0.0,0.0,0.0,0.0,0.03941338505531895,0.0,0.0,0.0257777866700898,0.0,0.0,0.0,0.204094077371783,0.4515183470587336,0.0,0.0,0.0,0.0,0.0,0.0,0.21873095093473405,0.0,0.0,0.0
0.006788334408380961,0.0,0.0,0.0,0.05471494982231525,0.0,0.0,0.0,0.0,0.0,0.0,0.0,0.0,0.0,0.0,0.018061174438407317,0.0,0.05204084489317717,0.0,0.0,0.018898503408185503,0.0,0.0,0.0,0.18705785552524332,0.4444549809558426,0.0,0.0,0.0,0.0,0.0,0.0,0.21798335654844778,0.0,0.0,0.0
0.02802908986803719,0.025130231897997388,0.0,0.0,0.0,0.0,0.0,0.0,0.0,0.0,0.0,0.0,0.0,0.0,0.0,0.04599038329678922,0.0,0.09268563212410401,0.0,0.0,0.005949837166260451,0.0,0.0,0.0,0.21764452052404246,0.4364252711342811,0.0,0.0,0.0,0.0,0.0,0.0,0.14814503398848825,0.0,0.0,0.0
0.0,0.0,0.0,0.0,0.10444288304678014,0.0,0.0,0.0,0.0,0.0,0.0,0.0,0.0,0.0,0.0,0.02925897675961593,0.0,0.04889646864198658,0.0,0.0,0.0,0.0,0.0,0.0,0.20404386128955432,0.44474509969848264,0.0,0.0,0.0,0.0,0.0,0.0,0.16861271056358035,0.0,0.0,0.0
0.0028459428616675517,0.0,0.0,0.0,0.08389907499977184,0.0,0.0,0.0,0.0,0.0,0.0,0.0,0.0,0.0,0.0,0.02932668592011095,0.0,0.038772053437346535,0.0,0.0,0.02802571822519521,0.0,0.0,0.0,0.21112027607978073,0.4254209216988531,0.0,0.0,0.0,0.0,0.0,0.0,0.18058932677727396,0.0,0.0,0.0
0.0,0.0,0.0,0.0,0.04864580327744937,0.0,0.0,0.0,0.0,0.0,0.0,0.0,0.0,0.0,0.0,0.016910057898554074,0.0,0.046573803126047426,0.0,0.0,0.0317273011884437,0.0,0.0,0.0,0.1843819752665735,0.4602307868348051,0.0,0.0,0.0,0.0,0.0,0.0,0.21153027240812672,0.0,0.0,0.0
0.00990021574877848,0.0,0.0,0.0,0.050309210868613646,0.0,0.0,0.0,0.0,0.0,0.0,0.0,0.0,0.0,0.0,0.0037578597929019825,0.0,0.07327312331057963,0.0,0.0,0.020948397172369196,0.0,0.0,0.0,0.17237773654753244,0.47643650646189356,0.0,0.0,0.0,0.0,0.0,0.0,0.19299695009733106,0.0,0.0,0.0
0.004342936856061314,0.006122040005859341,0.0,0.0,0.08542281875350596,0.0,0.0,0.0,0.0,0.0,0.0,0.0,0.0,0.0,0.0,0.021145373522801963,0.0,0.03365662871609763,0.0,0.0,0.02557571468239523,0.0,0.0,0.0,0.19255191185721918,0.4294247078063254,0.0,0.0,0.0,0.0,0.0,0.0,0.20175786779973395,0.0,0.0,0.0
0.0,0.0,0.0,0.0,0.12561878700021575,0.0,0.0,0.0,0.0,0.0,0.0,0.0,0.0,0.0,0.0,0.013034931279745384,0.0,0.042415239074870714,0.0,0.0,0.009087009151539663,0.0,0.0,0.0,0.2269748617161926,0.3705509462054196,0.0,0.0,0.0,0.0,0.0,0.0,0.2123182255720164,0.0,0.0,0.0
0.005461871569460522,0.0,0.0,0.0,0.05609752397320373,0.0,0.0,0.0,0.0,0.0,0.0,0.0,0.0,0.0,0.0,0.019033436890122258,0.0,0.05752732958888278,0.0,0.0,0.018717327576814123,0.0,0.0,0.0,0.16755011151259225,0.4442523364236258,0.0,0.0,0.0,0.0,0.0,0.0,0.23136006246529842,0.0,0.0,0.0
0.006420424361567749,0.0,0.0,0.0,0.08853724226431135,0.0,0.0,0.0,0.0,0.0,0.0,0.0,0.0,0.0,0.0,0.007992183377791524,0.0,0.046579879163617506,0.0,0.0,0.030618999392681905,0.0,0.0,0.0,0.18321761157501093,0.4461149113921293,0.0,0.0,0.0,0.0,0.0,0.0,0.1905187484728897,0.0,0.0,0.0
0.004286501318858772,0.0,0.0,0.0,0.04739916913579859,0.0,0.0,0.0,0.0,0.0,0.0,0.0,0.0,0.0,0.0,0.016181784147778672,0.0,0.04476200145738821,0.0,0.0,0.027336891280027503,0.0,0.0,0.0,0.19094229565637016,0.44117046306943625,0.0,0.0,0.0,0.0,0.0,0.0,0.22792089393434184,0.0,0.0,0.0
0.0,0.0,0.0,0.0,0.10134155028491257,0.0,0.0,0.0,0.0,0.0,0.0,0.0,0.0,0.0,0.0,0.0251929542531382,0.0,0.041268444867780335,0.0,0.0,0.001166686846660078,0.0,0.0,0.0,0.1967610581120512,0.41308341037880986,0.0,0.0,0.0,0.0,0.0,0.0,0.22118589525664786,0.0,0.0,0.0
0.006404159990946929,0.011028883965841823,0.0,0.0,0.1670929598053482,0.0,0.0,0.0,0.0,0.0,0.0,0.0,0.0,0.0,0.0,0.01733200440308782,0.0,0.029867003475500437,0.0,0.0,0.0033155415694548934,0.0,0.0,0.0,0.2424582803572699,0.37479501426561906,0.0,0.0,0.0,0.0,0.0,0.0,0.1477061521669309,0.0,0.0,0.0
0.004595994080846516,0.0,0.0,0.0,0.15521475179288077,0.0,0.0,0.0,0.0,0.0,0.0,0.0,0.0,0.0,0.0,0.024531546469502046,0.0,0.033937304837567156,0.0,0.0,0.0,0.0,0.0,0.0,0.24631140059079162,0.3380753675818186,0.0,0.0,0.0,0.0,0.0,0.0,0.19733363464659334,0.0,0.0,0.0
0.007063060485401531,0.018159852841716635,0.0,0.0,0.17735557494419485,0.0,0.0,0.0,0.0,0.0,0.0,0.0,0.0,0.0,0.0,0.026475405313509674,0.0,0.03282307760799826,0.0,0.0,0.0,0.0,0.0,0.0,0.24698064851664472,0.2971844580953136,0.0,0.0,0.0,0.0026697281683353263,0.0,0.0,0.19128819402688538,0.0,0.0,0.0
0.003984165748425524,0.0,0.0,0.0,0.16099588281339589,0.0,0.0,0.0,0.0,0.0,0.0,0.0,0.0,0.0,0.0,0.037030264139847474,0.0,0.0339437320087145,0.0,0.0,0.0002533793252941318,0.0,0.0,0.0,0.2245470888353351,0.35465354915721253,0.0,0.0,0.0,0.0,0.0,0.0,0.18459193797177476,0.0,0.0,0.0
0.0,0.0,0.0,0.0,0.19000675187830887,0.0,0.0,0.0,0.0,0.0,0.0,0.0,0.0,0.0,0.0,0.019943101820147212,0.0,0.025530475162844984,0.0,0.0,0.0,0.0,0.0,0.0,0.2860532081604925,0.31808747683301286,0.0,0.0,0.0,0.0,0.0,0.0,0.16037898614519366,0.0,0.0,0.0
0.0,0.0,0.0,0.0,0.16818961807088473,0.0,0.0,0.0,0.0,0.0,0.0,0.0,0.0,0.0,0.0,0.0,0.0,0.02733354475662998,0.0,0.0,0.0,0.0,0.0,0.0,0.47069570327160815,0.279568265104248,0.0,0.0,0.0,0.0,0.0,0.0,0.05421286879662925,0.0,0.0,0.0
0.0195259627530817,0.012545975533388216,0.0,0.0,0.1400993995105922,0.0,0.0,0.0,0.0,0.0,0.0,0.0,0.0,0.0,0.0,0.008759370809715573,0.0,0.049038298046303753,0.0,0.0,0.006542325028159018,0.0,0.0,0.0,0.25430541785578686,0.3497818431777601,0.0,0.0,0.0,0.0,0.0,0.0,0.15940140728521263,0.0,0.0,0.0
0.0,0.0,0.0,0.0,0.030775808978272007,0.0,0.0,0.0,0.0,0.0,0.0,0.0,0.0,0.0,0.0,0.009608544239960274,0.0,0.05193373556941033,0.0,0.0,0.03568955865734334,0.0,0.0,0.0,0.18090235170637467,0.4833910668218645,0.0,0.0,0.0,0.0,0.0,0.0,0.20769893402677475,0.0,0.0,0.0
0.006004425501192129,0.0,0.0,0.0,0.04295511085877762,0.0,0.0,0.0,0.0,0.0,0.0,0.0,0.0,0.0,0.0,0.020733315742038325,0.0,0.05744051919785636,0.0,0.0,0.020136143613743766,0.0,0.0,0.0,0.1541317415293532,0.47458065437069696,0.0,0.0,0.0,0.0015165919893690074,0.0,0.0,0.22250149719697268,0.0,0.0,0.0
0.008630888399690858,0.0,0.0,0.0,0.06002959820979147,0.0,0.0,0.0,0.0,0.0,0.0,0.0,0.0,0.0,0.0,0.0,0.0,0.0,0.0,0.0,0.03130665458738894,0.0,0.0,0.0,0.17570946754732195,0.48080478711742797,0.0,0.0,0.0,0.0028795487177868916,0.0,0.0,0.24063905542059183,0.0,0.0,0.0
0.0,0.0,0.0,0.0,0.08090805477835562,0.0,0.0,0.0,0.0,0.0,0.0,0.0,0.0,0.0,0.0,0.021059131238738836,0.0,0.06446400724656272,0.0,0.0,0.01895276809591367,0.0,0.0,0.0,0.17866302000459403,0.4180907471849388,0.0,0.0,0.0,0.0,0.0,0.0,0.21786227145089637,0.0,0.0,0.0
0.0,0.005014036664147263,0.0,0.0,0.07031763920234653,0.0,0.0,0.0,0.0,0.0,0.0,0.0,0.0,0.0,0.0,0.005833564302052841,0.0,0.06951088589768074,0.0,0.0,0.01756183435918288,0.0,0.0,0.0,0.1868417727911157,0.45016017081081744,0.0,0.0,0.0,0.0,0.0,0.0,0.19476009597265662,0.0,0.0,0.0
0.019306538881378506,0.0,0.0,0.0,0.020675292755378476,0.0,0.0,0.0,0.0,0.0,0.0,0.0,0.0,0.0,0.0,0.007966157853074377,0.0,0.08472259410677903,0.0,0.0,0.03492764907631247,0.0,0.0,0.0,0.1713713347668529,0.513611295933446,0.0,0.0,0.0,0.0,0.0,0.0,0.1474191366267783,0.0,0.0,0.0
0.0,0.0,0.0,0.0,0.04978995056066048,0.0,0.0,0.0,0.0,0.0,0.0,0.0,0.0,0.0,0.0,0.02297671610318948,0.0,0.04933502250196631,0.0,0.0,0.04318743234730606,0.0,0.0,0.0,0.20123427149645934,0.44668947512797724,0.0,0.0,0.0,0.0,0.0,0.0,0.1867871318624411,0.0,0.0,0.0
0.0,0.0,0.0,0.0,0.05894248822239297,0.0,0.0,0.0,0.0,0.0,0.0,0.0,0.0,0.0,0.0,0.01264794986399123,0.0,0.06859142384056346,0.0,0.0,0.03135895006417258,0.0,0.0,0.0,0.16282402999196902,0.4661752568777851,0.0,0.0,0.0,0.0,0.0,0.0,0.19945990113912562,0.0,0.0,0.0
0.011118700883905847,0.0,0.0,0.0,0.09838579030764073,0.0,0.0,0.0,0.0,0.0,0.0,0.0,0.0,0.0,0.0,0.025881704894811997,0.0,0.042915646737032506,0.0,0.0,0.013047447527233875,0.0,0.0,0.0,0.19227793028513498,0.466354386535737,0.0,0.0,0.0,0.0,0.0,0.0,0.15001839282850304,0.0,0.0,0.0
0.0,0.037012775914464106,0.0,0.0,0.17733743017598744,0.0,0.0,0.0,0.0,0.0,0.0,0.0,0.0,0.0,0.0,0.02091029052972209,0.0,0.0,0.0,0.0,0.0,0.0,0.0,0.0,0.29022317789275437,0.34091664476176575,0.0,0.0,0.0,0.0,0.0,0.0,0.1335996807253063,0.0,0.0,0.0
0.0,0.0,0.0,0.0,0.051772762114162485,0.0,0.0,0.0,0.0,0.0,0.0,0.0,0.0,0.0,0.0,0.009856209379052032,0.0,0.04811875676885635,0.0,0.0,0.029992752183559995,0.0,0.0,0.0,0.1924921122161178,0.45611043912386656,0.0,0.0,0.0,0.0,0.0,0.0,0.21165696821438476,0.0,0.0,0.0
0.002500070456404056,0.0,0.0,0.0,0.06855605020569315,0.0,0.0,0.0,0.0,0.0,0.0,0.0,0.0,0.0,0.0,0.028311196423270246,0.0,0.03323595813158577,0.0,0.0,0.021778740462058115,0.0,0.0,0.0,0.2037774013353077,0.4111357807898641,0.0,0.0,0.0,0.0,0.0,0.0,0.23070480219581688,0.0,0.0,0.0
0.012596571068410813,0.01660771535803437,0.0,0.0,0.12367711430686235,0.0,0.0,0.0,0.0,0.0,0.0,0.0,0.0,0.0,0.0,0.0,0.0,0.049406071478058346,0.0,0.0,0.025311796815288407,0.0,0.0,0.0,0.21054219805585628,0.4009708652562886,0.0,0.0,0.0,0.0,0.0,0.0,0.16088766766120077,0.0,0.0,0.0
0.015638518718033765,0.012178715164721837,0.0,0.0,0.10197177723103396,0.0,0.0,0.0,0.0,0.0,0.0,0.0,0.0,0.0,0.0,0.01468337953562249,0.0,0.03030565770066512,0.0,0.0,0.00813361374885039,0.0,0.0,0.0,0.20708110718342698,0.39052764143248564,0.0,0.0,0.0,0.0,0.0,0.0,0.2194795892851597,0.0,0.0,0.0
0.0,0.0,0.0,0.0,0.04531114370113114,0.0,0.0,0.0,0.0,0.0,0.0,0.0,0.0,0.0,0.0,0.01140249532615347,0.0,0.06716763588474853,0.0,0.0,0.0,0.0,0.0,0.0,0.18268939788315197,0.49949859954458287,0.0,0.0,0.0,0.0,0.0,0.0,0.19393072766023212,0.0,0.0,0.0
0.006714777308879981,0.0,0.0,0.0,0.04094697269603353,0.0,0.0,0.0,0.0,0.0,0.0,0.0,0.0,0.0,0.0,0.01755551356541322,0.0,0.07107568825263667,0.0,0.0,0.027589681679118256,0.0,0.0,0.0,0.1655513787354863,0.45670990411330503,0.0,0.0,0.0,0.0,0.0,0.0,0.21385608364912703,0.0,0.0,0.0
0.0012104873877376396,0.0,0.0,0.0,0.04703673102978321,0.0,0.0,0.0,0.0,0.0,0.0,0.0,0.0,0.0,0.0,0.015047517546690928,0.0,0.0374741114649021,0.0,0.0,0.03428031147050757,0.0,0.0,0.0,0.18225159734021523,0.4532059879123381,0.0,0.0,0.0,0.0,0.0,0.0,0.229493255847825,0.0,0.0,0.0
0.01179620487751437,0.011843214860293235,0.0,0.0,0.15141745646475413,0.0,0.0,0.0,0.0,0.0,0.0,0.0,0.0,0.0,0.0,0.0,0.0,0.02634350517156281,0.0,0.0,0.009203853117179485,0.0,0.0,0.0,0.26222323338672676,0.3561562245905012,0.0,0.0,0.0,0.0,0.0,0.0,0.1710163075314681,0.0,0.0,0.0
0.0,0.0,0.0,0.0,0.07286369184351138,0.0,0.0,0.0,0.0,0.0,0.0,0.0,0.0,0.0,0.0,0.0,0.0,0.05030935468884667,0.0,0.0,0.016493471187791944,0.0,0.0,0.0,0.24170472591641684,0.4087908997717057,0.0,0.0,0.0,0.0,0.0,0.0,0.20983785659172743,0.0,0.0,0.0
0.002466742128241035,0.0,0.0,0.0,0.1443783895107584,0.0,0.0,0.0,0.0,0.0,0.0,0.0,0.0,0.0,0.0,0.01756435322052375,0.0,0.05996609765779011,0.0,0.0,0.0,0.0,0.0,0.0,0.23330550066282368,0.3596066410235235,0.0,0.0,0.0,0.0,0.0,0.0,0.18271227579633942,0.0,0.0,0.0
0.0009516878420017765,0.0057056113723859955,0.0,0.0,0.0718209692391396,0.0,0.0,0.0,0.0,0.0,0.0,0.0,0.0,0.0,0.0,0.018937084626396032,0.0,0.05115039660975413,0.0,0.0,0.015921317920438573,0.0,0.0,0.0,0.15219861649430946,0.42930757264335156,0.0,0.0,0.0,0.0,0.0,0.0,0.25400674325222283,0.0,0.0,0.0
0.008882723769545053,0.01851922006786546,0.0,0.0,0.1663780612410763,0.0,0.0,0.0,0.0,0.0,0.0,0.0,0.0,0.0,0.0,0.024144512581324717,0.0,0.027715916032499073,0.0,0.0,0.0,0.0,0.0,0.0,0.2402065690356978,0.3486268906632857,0.0,0.0,0.0,0.0,0.0,0.0,0.16552610660870598,0.0,0.0,0.0
0.009846728925278221,0.0,0.0,0.0,0.08339046412541967,0.0,0.0,0.0,0.0,0.0,0.0,0.0,0.0,0.0,0.0,0.04170434259351465,0.0,0.04146961733890044,0.0,0.0,0.026784873302960477,0.0,0.0,0.0,0.19146114366005124,0.4413868462062145,0.0,0.0,0.0,0.0,0.0,0.0,0.16395598384766094,0.0,0.0,0.0
0.0,0.0,0.0,0.0,0.060750067098818084,0.0,0.0,0.0,0.0,0.0,0.0,0.0,0.0,0.0,0.0,0.010112593490782489,0.0,0.04414632545754084,0.0,0.0,0.02898635799918922,0.0,0.0,0.0,0.19391326233462763,0.4757389041270355,0.0,0.0,0.0,0.0,0.0,0.0,0.18635248949200625,0.0,0.0,0.0
0.008835706148528872,0.013098259916744166,0.0,0.0,0.10781174855350696,0.0,0.0,0.0,0.0,0.0,0.0,0.0,0.0,0.0,0.0,0.025774868077237615,0.0,0.05877884598514989,0.0,0.0,0.004984327365895846,0.0,0.0,0.0,0.24833026707013509,0.38310102881536096,0.0,0.0,0.0,0.0,0.0,0.0,0.1492849480674406,0.0,0.0,0.0
0.001954339500439234,0.01040078760746951,0.0,0.0,0.10762659975450911,0.0,0.0,0.0,0.0,0.0,0.0,0.0,0.0,0.0,0.0,0.02197593390009648,0.0,0.03496596064245464,0.0,0.0,0.015291279684206138,0.0,0.0,0.0,0.19737517373186925,0.41204511624485496,0.0,0.0,0.0,0.0,0.0,0.0,0.19836480893410066,0.0,0.0,0.0
0.0,0.001603674384142976,0.0,0.0,0.051841523652840574,0.0,0.0,0.0,0.0,0.0,0.0,0.0,0.0,0.0,0.0,0.022918422952384297,0.0,0.04917672524192299,0.0,0.0,0.0,0.0,0.0,0.0,0.17392397214292515,0.4840866866958541,0.0,0.0,0.0,0.0,0.0,0.0,0.21644899492992992,0.0,0.0,0.0
0.0,0.009299451148175862,0.0,0.0,0.19142065799445265,0.0,0.0,0.0,0.0,0.0,0.0,0.0,0.0,0.0,0.0,0.018539624688621536,0.0,0.0191969460425241,0.0,0.0,0.0,0.0,0.0,0.0,0.29292721244699294,0.30900082432389625,0.0,0.0,0.0,0.0,0.0,0.0,0.15961528335533662,0.0,0.0,0.0
0.02791494121319866,0.0,0.0,0.0,0.06542123727052467,0.0,0.0,0.0,0.0,0.0,0.0,0.0,0.0,0.0,0.0,0.013677370329810395,0.0,0.04937596607649818,0.0,0.0,0.028663827821256035,0.0,0.0,0.0,0.224034549585859,0.4403518638966624,0.0,0.0,0.0,0.0,0.0,0.0,0.15056024380619057,0.0,0.0,0.0
0.009113642604333928,0.020570477640930798,0.0,0.0,0.11088728021010992,0.0,0.0,0.0,0.0,0.0,0.0,0.0,0.0,0.0,0.0,0.0,0.0,0.034989624849071206,0.0,0.0,0.01040885573849656,0.0,0.0,0.0,0.2445894172838543,0.37334375717256885,0.0,0.0,0.0,0.0,0.0,0.0,0.19609694450063442,0.0,0.0,0.0
0.006673936731976726,0.0,0.0,0.0,0.05767933159798488,0.0,0.0,0.0,0.0,0.0,0.0,0.0,0.0,0.0,0.0,0.007840398277169697,0.0,0.07162050462379943,0.0,0.0,0.0,0.0,0.0,0.0,0.17049172065517346,0.495900674021675,0.0,0.0,0.0,0.0,0.0,0.0,0.18979343409222074,0.0,0.0,0.0
0.005722988316167975,0.018458323234898318,0.0,0.0,0.09973082332193864,0.0,0.0,0.0,0.0,0.0,0.0,0.0,0.0,0.0,0.0,0.02073773275419785,0.0,0.037682525126290174,0.0,0.0,0.02269706852573796,0.0,0.0,0.0,0.17273073316976442,0.4124742858578747,0.0,0.0,0.0,0.0,0.0,0.0,0.2097655196931301,0.0,0.0,0.0
0.02706177541226889,0.0,0.0,0.0,0.03988586012158661,0.0,0.0,0.0,0.0,0.0,0.0,0.0,0.0,0.0,0.0,0.02475790109599542,0.0,0.05903393017542318,0.0,0.0,0.043770187040771215,0.0,0.0,0.0,0.174914729091002,0.4978497884130302,0.0,0.0170812598619934,0.0,0.0,0.0,0.0,0.11564456878792925,0.0,0.0,0.0
0.0,0.0,0.0,0.0,0.05704735991906754,0.0,0.0,0.0,0.0,0.0,0.0,0.0,0.0,0.0,0.0,0.0,0.0,0.057491744869433516,0.0,0.0,0.021578889929790825,0.0,0.0,0.0,0.17132944952339255,0.4718802647338802,0.0,0.0,0.0,0.0,0.0,0.0,0.22067229102443534,0.0,0.0,0.0
0.0,0.0,0.0,0.0,0.04431009994529951,0.0,0.0,0.0,0.0,0.0,0.0,0.0,0.0,0.0,0.0,0.0,0.0,0.0,0.0,0.0,0.03949775345921545,0.0,0.0,0.0,0.189165058755477,0.5138500399707021,0.0,0.0,0.0,0.0,0.0,0.0,0.21317704786930602,0.0,0.0,0.0
0.015446767026629048,0.0,0.0,0.0,0.05333453473387171,0.0,0.0,0.0,0.0,0.0,0.0,0.0,0.0,0.0,0.0,0.0,0.0,0.0564870852209693,0.0,0.0,0.03196174332766555,0.0,0.0,0.0,0.17235689935036055,0.46527947156331473,0.0,0.0,0.0,0.0,0.0,0.0,0.20513349877718895,0.0,0.0,0.0
0.0038819544954375564,0.004055313601752661,0.0,0.0,0.06626226740409857,0.0,0.0,0.0,0.0,0.0,0.0,0.0,0.0,0.0,0.0,0.02031040447748772,0.0,0.042934518147121056,0.0,0.0,0.026743424029249504,0.0,0.0,0.0,0.1894841428191909,0.4319430181165507,0.0,0.0,0.0,0.0,0.0,0.0,0.21438495690911136,0.0,0.0,0.0
0.0,0.0,0.0,0.0,0.04799791611821976,0.0,0.0,0.0,0.0,0.0,0.0,0.0,0.0,0.0,0.0,0.016303249182266853,0.0,0.05658068585501439,0.0,0.0,0.039846914706591366,0.0,0.0,0.0,0.19720468773814534,0.46322859530871857,0.0,0.0,0.0,0.0,0.0,0.0,0.17883795109104378,0.0,0.0,0.0
0.0,0.0,0.0,0.0,0.16252461802809967,0.0,0.0,0.0,0.0,0.0,0.0,0.0,0.0,0.0,0.0,0.0207384064558583,0.0,0.03747925065677288,0.0,0.0,0.009141573529862557,0.0,0.0,0.0,0.17533616675356467,0.38918556077924116,0.0,0.0,0.0,0.0,0.0,0.0,0.20559442379660076,0.0,0.0,0.0
0.014833865161796893,0.0,0.0,0.0,0.048799145058909484,0.0,0.0,0.0,0.0,0.0,0.0,0.0,0.0,0.0,0.0,0.012593987379546643,0.0,0.06817423622061572,0.0,0.0,0.04483473539166885,0.0,0.0,0.0,0.16491234939066043,0.4848605536867945,0.0,0.0,0.0,0.0,0.0,0.0,0.1609911277100075,0.0,0.0,0.0
0.016264803992633806,0.0,0.0,0.0,0.05083206384092502,0.0,0.0,0.0,0.0,0.0,0.0,0.0,0.0,0.0,0.0,0.018081116528787515,0.0,0.06398218524803562,0.0,0.0,0.03340516865106955,0.0,0.0,0.0,0.18172810029325542,0.4914391319445545,0.0,0.0,0.0,0.0020872651992755297,0.0,0.0,0.14218016430146307,0.0,0.0,0.0
0.00784310732160037,0.0,0.0,0.0,0.1224470336585151,0.0,0.0,0.0,0.0,0.0,0.0,0.0,0.0,0.0,0.0,0.0,0.0,0.03894889433683437,0.0,0.0,0.013858619660136946,0.0,0.0,0.0,0.20514479237207428,0.44180077025547215,0.0,0.0,0.0,0.0,0.0,0.0,0.16995678239536677,0.0,0.0,0.0
0.0008036982224203539,0.0,0.0,0.0,0.09513884138702333,0.0,0.0,0.0,0.0,0.0,0.0,0.0,0.0,0.0,0.0,0.030776938349536816,0.0,0.06601430068065262,0.0,0.0,0.0,0.0,0.0,0.0,0.16871483140877974,0.40837806170413,0.0,0.0,0.0,0.0,0.0,0.0,0.23017332824745707,0.0,0.0,0.0
0.008788639632854698,0.0,0.0,0.0,0.028929774169613332,0.0,0.0,0.0,0.0,0.0,0.0,0.0,0.0,0.0,0.0,0.015890627474245494,0.0,0.05092287054483419,0.0,0.0,0.04385142186484942,0.0,0.0,0.0,0.14781609861403994,0.5137537788366183,0.0,0.0,0.0,0.0,0.0,0.0,0.19004678886294468,0.0,0.0,0.0
0.005184280967197049,0.023145434503575143,0.0,0.0,0.19991071703154106,0.0,0.0,0.0,0.0,0.0,0.0,0.0,0.0,0.0,0.0,0.03289465492748568,0.0,0.03253849301411993,0.0,0.0,0.0,0.0,0.0,0.0,0.25669702639140374,0.31844028658740664,0.0,0.0,0.0,0.0,0.0,0.0,0.13118910657727081,0.0,0.0,0.0
0.0,0.0,0.0,0.0,0.05220780416804025,0.0,0.0,0.0,0.0,0.0,0.0,0.0,0.0,0.0,0.0,0.01965692167828715,0.0,0.08681444134537204,0.0,0.0,0.018814994467179873,0.0,0.0018175251990582603,0.0,0.16755287942548872,0.457776799281664,0.0,0.0,0.0,0.0,0.0,0.0,0.19535863443490986,0.0,0.0,0.0
0.004564045245801387,0.0,0.0,0.0,0.0,0.0,0.0,0.0,0.0,0.0,0.0,0.0,0.0,0.0,0.0,0.030248564970814715,0.0,0.053791928833599234,0.0,0.0,0.0,0.0,0.0,0.0,0.19105272994985867,0.4833896521795301,0.0,0.0,0.0,0.0,0.0,0.0,0.23695307882039598,0.0,0.0,0.0
0.0019098446072728424,0.003310216044404686,0.0,0.0,0.06138989678345167,0.0,0.0,0.0,0.0,0.0,0.0,0.0,0.0,0.0,0.0,0.019994841115760973,0.0,0.04214555015801297,0.0,0.0,0.0,0.0,0.0,0.0,0.17799739875694473,0.4456637535123585,0.0,0.0,0.0,0.0,0.0,0.0,0.24758849902179375,0.0,0.0,0.0
0.0,0.0,0.0,0.0,0.0380521143488413,0.0,0.0,0.0,0.0,0.0,0.0,0.0,0.0,0.0,0.0,0.009031279489681531,0.0,0.05688494950128588,0.0,0.0,0.0363667000458094,0.0,0.0,0.0,0.16623933509563474,0.5019014496606813,0.0,0.0,0.0,0.0,0.0,0.0,0.1915241718580658,0.0,0.0,0.0
0.023414870006322003,0.0,0.0,0.0,0.051341850521343116,0.0,0.0,0.0,0.0,0.0,0.0,0.0,0.0,0.0,0.0,0.014278674060413951,0.0,0.05779780110581875,0.0,0.0,0.03600417608022556,0.0,0.0,0.0,0.17910288789143947,0.5201282393795558,0.0,0.0,0.0,0.0,0.0,0.0,0.11793150095488124,0.0,0.0,0.0
0.005704021784926964,0.0,0.0,0.0,0.044337015490631154,0.0,0.0,0.0,0.0,0.0,0.0,0.0,0.0,0.0,0.0,0.019546329870928282,0.0,0.04357636938089003,0.0,0.0,0.03141163097498232,0.0,0.0,0.0,0.18591887193545173,0.4656194525760366,0.0,0.0,0.0,0.0,0.0,0.0,0.203886307986153,0.0,0.0,0.0
0.0063860924217219485,0.0,0.0,0.0,0.03713389483927518,0.0,0.0,0.0,0.0,0.0,0.0,0.0,0.0,0.0,0.0,0.01475215219670351,0.0,0.05569847224686432,0.0,0.0,0.036582278093819635,0.0,0.0,0.0,0.16597355667888342,0.4826494415695136,0.0,0.0,0.0,0.0,0.0,0.0,0.20082411195321842,0.0,0.0,0.0
0.005521297497634643,0.003726552723528669,0.0,0.0,0.07885278150092742,0.0,0.0,0.0,0.0,0.0,0.0,0.0,0.0,0.0,0.0,0.018853616783648847,0.0,0.04683149377875164,0.0,0.0,0.03327836012239684,0.0,0.0,0.0,0.16546099645695136,0.44649524653882805,0.0,0.0,0.0,0.0,0.0,0.0,0.20097965459733244,0.0,0.0,0.0
0.002671010145652723,0.0027865761364359656,0.0,0.0,0.07307950189463598,0.0,0.0,0.0,0.0,0.0,0.0,0.0,0.0,0.0,0.0,0.006335763400066134,0.0,0.07854788899548397,0.0,0.0,0.018439078610513863,0.0,0.0,0.0,0.1612254416212904,0.49700435654856157,0.0,0.0,0.0,0.0,0.0,0.0,0.15991038264735932,0.0,0.0,0.0
0.0,0.0,0.0,0.0,0.05745296682870034,0.0,0.0,0.0,0.0,0.0,0.0,0.0,0.0,0.0,0.0,0.017480395588265276,0.0,0.04940819135389112,0.0,0.0,0.023010041072540833,0.0,0.0,0.0,0.19797301686717533,0.48136573881928524,0.0,0.0,0.0,0.0,0.0,0.0,0.17330964947014194,0.0,0.0,0.0
0.014268739100006615,0.0,0.0,0.0,0.14070903559852163,0.0,0.0,0.0,0.0,0.0,0.0,0.0,0.0,0.0,0.0,0.025185815427906624,0.0,0.03713241134306991,0.0,0.0,0.009242289758001329,0.0,0.0,0.0,0.2677582454852382,0.38345314279096016,0.0,0.0,0.0,0.0,0.0,0.0,0.1222503204962955,0.0,0.0,0.0
0.003372018779846416,0.0,0.0,0.0,0.041485610051359666,0.0,0.0,0.0,0.0,0.0,0.0,0.0,0.0,0.0,0.0,0.018844298207948564,0.0,0.05552538494706449,0.0,0.0,0.04003918317221252,0.0,0.0,0.0,0.18666275474564822,0.45390046711915966,0.0,0.0,0.0,0.0,0.0,0.0,0.20017028297676057,0.0,0.0,0.0
0.01751126557743556,0.0,0.0,0.0,0.041866830567751034,0.0,0.0,0.0,0.0,0.0,0.0,0.0,0.0,0.0,0.0,0.010045506135825971,0.0,0.07731643160170401,0.0,0.0,0.022810272396791936,0.0,0.0,0.0,0.2003494869219771,0.45043347226197655,0.0,0.0,0.0,0.0,0.0,0.0,0.17966673453653784,0.0,0.0,0.0
0.0,0.009141322332364638,0.0,0.0,0.09254934097100449,0.0,0.012455929259170115,0.0,0.0,0.0,0.0,0.0,0.0,0.0,0.0,0.01962247487081414,0.0,0.04515782799097378,0.0,0.0,0.014237867329159075,0.0,0.0,0.0,0.1814332770700042,0.4064507778150304,0.0,0.0,0.0,0.0,0.0,0.0,0.2189511823614792,0.0,0.0,0.0
0.0033434291771230235,0.0,0.0,0.0,0.06166453516897097,0.0,0.0,0.0,0.0,0.0,0.0,0.0,0.0,0.0,0.0,0.016388437296133162,0.0,0.044215507459937825,0.0,0.0,0.026940557729411813,0.0,0.0,0.0,0.19061880345571464,0.43284578466851753,0.0,0.0,0.0,0.0,0.0,0.0,0.2239829450441909,0.0,0.0,0.0
0.013445799569355403,0.0,0.0,0.0,0.07782260971958853,0.0,0.0,0.0,0.0,0.0,0.0,0.0,0.0,0.0,0.0,0.0,0.0,0.0450925718083818,0.0,0.0,0.022821333330414726,0.0,0.0,0.0,0.20734306034895514,0.4455204881517083,0.0,0.0,0.0,0.0,0.0,0.0,0.187954137071596,0.0,0.0,0.0
0.016752136232028304,0.0,0.0,0.0,0.030028114627230346,0.0,0.0,0.0,0.0,0.0,0.0,0.0,0.0,0.0,0.0,0.01835540312387493,0.0,0.06243031333866354,0.0,0.0,0.03809865388028339,0.0,0.0,0.0,0.1791895251039617,0.4934653206614995,0.0,0.0,0.0,0.0,0.0,0.0,0.1616805330324584,0.0,0.0,0.0
0.0,0.0062597524406445,0.0,0.0,0.11579092361882631,0.0,0.0,0.0,0.0,0.0,0.0,0.0,0.0,0.0,0.0,0.006696925173680192,0.0,0.0,0.0,0.0,0.008047308402530354,0.0,0.0,0.0,0.18826585947023716,0.5040868819477025,0.0,0.0,0.0,0.0,0.0,0.0,0.17085234894637905,0.0,0.0,0.0
0.003034288507363431,0.0032919428429692196,0.0,0.0,0.05074686141384471,0.0,0.0,0.0,0.0,0.0,0.0,0.0,0.0,0.0,0.0,0.0,0.0,0.0407114649131609,0.0,0.0,0.02571993717693671,0.0,0.0,0.0,0.18462955878006587,0.44410549554020723,0.0,0.0,0.0,0.0,0.0,0.0,0.24776045082545192,0.0,0.0,0.0
0.026504178421172173,0.027710711742251773,0.0,0.0,0.17076054454368292,0.0,0.0,0.0,0.0,0.0,0.0,0.0,0.0,0.0,0.0,0.033226849414265895,0.0,0.0,0.0,0.0,0.0,0.0,0.0,0.0,0.2527558647592026,0.37702560614075237,0.0,0.0,0.0,0.0,0.0,0.0,0.11201624497867228,0.0,0.0,0.0
0.0037247050580591855,0.0,0.0,0.0,0.07097619027714958,0.0,0.0,0.0,0.0,0.0,0.0,0.0,0.0,0.0,0.0,0.0031281255238735754,0.0,0.04884765807856627,0.0,0.0,0.011742140907643184,0.0,0.0,0.0,0.211190135055191,0.42841886954340874,0.0,0.0,0.0,0.0,0.0,0.0,0.22197217555610843,0.0,0.0,0.0
0.006735401149294829,0.011037170412211975,0.0,0.0,0.10091017030850259,0.0,0.0,0.0,0.0,0.0,0.0,0.0,0.0,0.0,0.0,0.026644610014742696,0.0,0.027123571669558345,0.0,0.0,0.018721059076167154,0.0,0.0,0.0,0.23697955339350113,0.35147589778949984,0.0,0.0,0.0,0.0,0.0,0.0,0.2203725661865215,0.0,0.0,0.0
0.003452144474085004,0.0,0.0,0.0,0.06176865523965588,0.0,0.0,0.0,0.0,0.0,0.0,0.0,0.0,0.0,0.0,0.023267000455090656,0.0,0.047127000150349305,0.0,0.0,0.022746373023666316,0.0,0.0,0.0,0.1632684395119679,0.4345868807455414,0.0,0.0,0.0,0.0,0.0,0.0,0.24378350639964347,0.0,0.0,0.0
0.0,0.007904000308714831,0.0,0.0,0.08711018587344656,0.0,0.0,0.0,0.0,0.0,0.0,0.0,0.0,0.0,0.0,0.016872525392588805,0.0,0.04031290727442651,0.0,0.0,0.0,0.0,0.0,0.0,0.19529556454215005,0.4248893254864159,0.0,0.0,0.0,0.0,0.0,0.0,0.2276154911222574,0.0,0.0,0.0
0.005662400966939184,0.010390790520851623,0.0,0.0,0.1077132463421704,0.0,0.0,0.0,0.0,0.0,0.0,0.0,0.0,0.0,0.0,0.012661212324938626,0.0,0.055441072486968675,0.0,0.0,0.0,0.0,0.0,0.0,0.18394133178793826,0.4057700247156999,0.0,0.0,0.0,0.0,0.0,0.0,0.2184199208544934,0.0,0.0,0.0
0.008858938174017013,0.0,0.0,0.0,0.03705002363042364,0.0,0.0,0.0,0.0,0.0,0.0,0.0,0.0,0.0,0.0,0.013397660308492768,0.0,0.05992922893699827,0.0,0.0,0.03510122369312552,0.0,0.0,0.0,0.15929415614565232,0.48912321735203607,0.0,0.0,0.0,0.0,0.0,0.0,0.1972455517592543,0.0,0.0,0.0
0.004345816061560969,0.0023646288545351936,0.0,0.0,0.06606820556286787,0.0,0.0,0.0,0.0,0.0,0.0,0.0,0.0,0.0,0.0,0.01488261026941323,0.0,0.03459253698586737,0.0,0.0,0.027384909025772525,0.0,0.0,0.0,0.19439879454037767,0.4277586022997879,0.0,0.0,0.0,0.0,0.0,0.0,0.22820389639981722,0.0,0.0,0.0
0.0,0.0,0.0,0.0,0.06333502183345706,0.0,0.0,0.0,0.0,0.0,0.0,0.0,0.0,0.0,0.0,0.010121892916220612,0.0,0.03400057693844755,0.0,0.0,0.026234012226524352,0.0,0.0,0.0,0.16687391674744598,0.4629321452970345,0.0,0.0,0.0,0.0,0.0,0.0,0.2365024340408699,0.0,0.0,0.0
0.0,0.0,0.0,0.0,0.038709865789020734,0.0,0.0,0.0,0.0,0.0,0.0,0.0,0.0,0.0,0.0,0.008472401793862655,0.0,0.04563396804430326,0.0,0.0,0.04391996784162704,0.0,0.0,0.0,0.19122512231059904,0.47731414303096126,0.0,0.0,0.0,0.0,0.0,0.0,0.194724531189626,0.0,0.0,0.0
0.0,0.0,0.0,0.0,0.038306662943983515,0.0,0.0,0.0,0.0,0.0,0.0,0.0,0.0,0.0,0.0,0.01620791804089599,0.0,0.06319643416419518,0.0,0.0,0.038843968139313546,0.0,0.0,0.0,0.1530519488395049,0.494543698873992,0.0,0.0,0.0,0.0,0.0,0.0,0.19584936899811495,0.0,0.0,0.0
0.007816020735660836,0.0,0.0,0.0,0.0444910137310928,0.0,0.0,0.0,0.0,0.0,0.0,0.0,0.0,0.0,0.0,0.009660045868341733,0.0,0.060123478180409154,0.0,0.018070199241911743,0.024692474384935954,0.0,0.0,0.0,0.17043745747901892,0.46677706591385515,0.0,0.0,0.0,0.0,0.0,0.0,0.19793224446477375,0.0,0.0,0.0
