0.008779416455676179,0.002926471818558747,0.0,6.0999996218000234e-5,0.03871478859968311,0.002255821860139045,0.0,0.0031703448034386223,0.0,0.0,0.0,0.0001829049886598907,0.0,0.0,0.0,0.015181074058773409,0.0018900128828192014,0.05974880729557395,0.0,0.0,0.0467625871007196,0.0,0.0,0.0,0.16546761574100782,0.4646993981886373,0.0,0.0,0.0015851729017192801,0.002255821860139045,0.0,0.0,0.18625776145201878,6.0999996218000234e-5,0.0,0.0
0.015029522030059044,0.002898551005797102,0.0,0.0,0.1006977992013956,0.0,0.0,0.0005367690010735379,0.0,0.0,0.0,0.00021470700042941398,0.0,0.0,0.0,0.028985507057971014,0.0,0.07010198614020398,0.0,0.0,0.0018250130036500257,0.0,0.0,0.0,0.1481481482962963,0.40504562581009124,0.0,0.0,0.00042941500085883,0.000751476001502952,0.0,0.0,0.22533548045067095,0.0,0.0,0.0
0.001183432001183432,0.0,0.0,0.0,0.017094017017094013,0.0,0.0,0.0,0.0,0.0,0.0,0.0019723870019723866,0.0,0.0,0.0,0.35332018435332013,0.0,0.011571335011571334,0.0,0.0,0.029191321029191315,0.0,0.0,0.0,0.08060486508060485,0.390401052390401,0.0,0.0,0.000657462000657462,0.0,0.0,0.0,0.11387245211387244,0.000131492000131492,0.0,0.0
0.005027341989945315,0.0,0.0,0.0,0.037131768925736455,0.004145351991709295,0.0,0.0007937909984124178,0.0,0.0,0.0,0.0,0.0,0.0,0.0012347859975304278,0.0028223669943552654,0.0,0.05336038089327923,0.0,0.0,0.017198799965602397,0.0,0.0,0.0,0.18795201962409594,0.46701358206597277,0.0,0.0,8.819999982359998e-5,0.0,0.0,0.0,0.22323161055353674,0.0,0.0,0.0
0.001576199018914388,0.001379174016550088,0.0,0.0,0.02896266434755197,0.00019702500236430003,0.0,0.0005910750070929001,0.0,0.0,0.0,0.002068762024825144,0.0,0.0,9.850000118200001e-5,0.02817456433809477,0.0011821500141858002,0.04561127054733525,0.0,0.0,0.03654812343857748,0.0,0.0,0.0,0.12619446551433358,0.43148458817781504,0.0,0.0,0.0005910750070929001,0.0017732240212786881,0.0,0.0,0.2931730895180771,0.00039405000472860006,0.0,0.0
0.03654727196345273,0.001874218998125781,0.0,0.0,0.05935027094064973,0.000104122999895877,0.0,0.00020824699979175298,0.0,0.0,0.0,0.00062473999937526,0.0,0.0,0.001249478998750521,0.0013536029986463969,0.0,0.13442315686557682,0.0,0.0,0.054560599945439395,0.0,0.0,0.0,0.13567263586432737,0.49260724650739274,0.00041649299958350697,0.0,0.0,0.00020824699979175298,0.0,0.0,0.08059141991940857,0.00020824699979175298,0.0,0.0
0.0011269720709992405,0.0014274980899323798,0.0,0.0,0.03238167004004522,0.0,0.0,0.00045078902839970885,0.0,0.0,0.0,0.0011269720709992405,0.0,0.0,0.00030052601893313925,0.08632607643854283,0.0015777610993989496,0.03501127220571015,0.0,0.0,0.005634861354996266,7.510000473130031e-5,0.0,0.0,0.15529677878369708,0.5743050701812195,0.0,0.0,7.510000473130031e-5,0.0017280241088655191,0.0,0.0,0.1031555284987983,0.0,0.0,0.0
0.004527296990945405,0.000133155999733688,0.0,0.0,0.030359520939280953,0.000133155999733688,0.0,0.0009320909981358178,0.0,0.000133155999733688,0.0,0.0014647139970705718,0.0,0.0,0.0009320909981358178,0.026098534947802926,0.0006657789986684419,0.031158454937683086,0.0,0.0,0.08521970682956058,0.0,0.0,0.0,0.1822902796354194,0.4539280950921437,0.0,0.0,0.0031957389936085215,0.0,0.0,0.0,0.17842876164314245,0.0003994669992010659,0.0,0.0
0.001258125,0.0,0.0,0.0,0.164395051,0.0,0.0,0.0,0.0,0.0,0.0,0.0,0.0,0.0,0.0,0.001887188,0.0,0.019710631,0.0,0.0,0.000209688,0.0,0.0,0.0,0.426714196,0.300691969,0.0,0.0,0.0,0.01551688,0.0,0.0,0.068987209,0.000629063,0.0,0.0
0.005503203851413496,0.02058047444432719,0.0,0.0,0.17926874715974384,0.0001507729959291291,0.0,0.0003015449918582852,0.0,7.539999796420006e-5,0.0,0.0,0.0,0.0,0.0,0.005880135841236333,0.0,0.021108178430079186,0.0,0.0,0.00158311295725595,0.0,0.0,0.0,0.22080662803822104,0.3796456737495668,0.0,0.0,7.539999796420006e-5,0.008669430765925369,0.0,0.0,0.15597436478869217,0.0003769319898228363,0.0,0.0
0.038684381856850324,0.015040674721952385,0.0,0.0,0.04447826013495648,0.0005267160252823692,0.0,0.0009949080477555862,0.0,0.0,0.0,0.0016971970814654597,0.0,0.0,0.0014631010702288512,0.07947562881483017,0.0005267160252823692,0.029437585413004095,0.0,0.0,0.034060983634927204,0.0,0.0,0.0,0.1969333504528008,0.42974192962761254,0.0,0.0,0.00029262001404576065,0.0012875290618013947,0.0,5.850000280800013e-5,0.12524141801158806,0.0,5.850000280800013e-5,0.0
0.004084411,0.012480145,0.0,0.0,0.162922623,0.000113456,0.0,0.001134559,0.0,0.0,0.0,0.0,0.0,0.0,0.0,0.023712276,0.001021103,0.045949626,0.0,0.0,0.005786249,0.003517132,0.0,0.0,0.166893578,0.331064216,0.0,0.0,0.0,0.0,0.0,0.0,0.241320626,0.0,0.0,0.0
0.0036983680554755214,0.09396435040946527,0.0,0.0,0.0928462393926936,8.600000129000004e-5,0.0,0.0009245920138688803,0.0,0.0,0.0,0.00019351900290278507,0.0,0.0,0.0,0.002580257038703856,6.450000096750002e-5,0.03137162147057433,0.0,0.0,0.0005590560083858402,0.0,0.0,0.0,0.20446384706695775,0.4080031021200466,0.0,0.0,0.00030103000451545006,0.0003870390058055851,0.0,0.0,0.16031995440479932,0.00023652400354786009,0.0,0.0
0.002932311724362698,0.023295590810214463,0.0,0.0,0.10238656737566268,0.0012217968851510929,0.0,0.0,0.0,0.0,0.0,0.0010588909004642553,0.0,0.0,0.0,0.06671010172925045,0.0,0.030626372121121022,0.0,0.0,0.005538811479351721,0.0,0.0,0.0,0.13008062677242108,0.3732996309098347,0.0,0.0,8.149999233900073e-5,8.149999233900073e-5,0.0,0.0,0.26219758035342744,0.0004887189540604183,0.0,0.0
0.004557754995442245,0.0,0.0,0.0,0.06110240693889758,0.0,0.0,0.00028485999971514,0.0,0.0,0.0,0.001994017998005982,0.0,0.0,0.0,0.04515026295484974,0.00014242999985757,0.039310639960689356,0.0,0.0,0.08460333291539666,0.0,0.0,0.0,0.13943882586056114,0.40592508159407487,0.0,0.0,0.00014242999985757,0.001424298998575701,0.0,0.0,0.21592365778407632,0.0,0.0,0.0
0.024657533580821928,4.0899999304700006e-5,0.0,0.0002453489958290671,0.036475157379922324,4.0899999304700006e-5,0.0,0.00040891399304846215,0.0,0.0,0.0,0.0011858519798405164,0.0,0.0,0.0028215089520343475,0.019627887666325908,0.0007360459874872181,0.059619708986464945,0.0,0.0,0.04710693019918218,0.0,0.0,0.0,0.18082191492602745,0.4826006867957883,0.0017174399708035203,0.0,0.0024943769575955913,0.0,0.0,0.0,0.1393988936302188,0.0,0.0,0.0
0.007278409701585202,0.00044652798169235274,0.0,0.0,0.0641214533710204,8.929999633870014e-5,0.0,0.0009823619597231596,0.0,0.0,0.0,0.00013395799450772222,0.0,0.0,0.00031256998718463054,0.009109175626523799,0.0,0.0501897729422193,0.0,0.0,0.02638981791801746,0.0,0.0,0.0,0.16539405421884376,0.38361239727189167,0.0,0.0,0.0002679169890154034,0.017593212278678296,0.0,0.0,0.2740343717645907,4.4699998167300076e-5,0.0,0.0
0.012530780225554044,5.4700000984600024e-5,0.0,0.0,0.050123119902216164,0.0013679890246238026,0.0,0.0,0.0,0.0,0.0,0.0014227090256087626,0.0,0.0,0.00010943900196990203,0.02692202548459646,0.0006019150108344702,0.03540355763726404,0.0,0.0,0.06352941314352943,0.0,0.0,0.0,0.13187414737373465,0.4640766153533791,0.0,0.0,0.0010396720187140964,0.0003283170059097061,0.0,0.00016415900295486206,0.2102872817851711,0.00016415900295486206,0.0,0.0
0.002862086773895145,0.016972841659145508,0.0,0.0009318419263844877,0.04013577982927339,0.0005990419526756858,0.0,0.00046592096319224383,0.0,0.0,0.0,0.0023961658107029007,0.0,0.0,0.0,0.0014643238843184128,0.0,0.07840787480577788,0.0,0.0,0.010915867137646496,0.0,0.0,0.0,0.18250797258187015,0.4878194504622633,0.0,0.0,6.659999473860041e-5,0.0017305638632854545,0.0,0.0,0.17265706836009156,6.659999473860041e-5,0.0,0.0
0.001839157001839157,0.000334392000334392,0.0,0.0,0.09279384709279385,0.0,0.0,0.000501588000501588,0.0,0.0,0.0,0.0,0.0,0.0,0.0,0.1432870761432871,0.0,0.02340745702340746,0.0,0.0,0.001170373001170373,0.0,0.0,0.0,0.3211837493211838,0.3181742183181743,0.0,0.0,0.0,0.000668784000668784,0.0,0.0,0.09663935809663936,0.0,0.0,0.0
0.004328558004328558,0.0,0.0,0.0,0.03782335403782335,0.0,0.0,0.0009275480009275481,0.0,0.0,0.0,0.0018550960018550962,0.0,0.0,0.0,0.015665258015665262,0.0,0.05544676905544677,0.0,0.0,0.01690198901690199,0.0,0.0,0.0,0.19025043819025045,0.45037617245037626,0.0,0.0,0.0012367310012367312,0.0036071320036071323,0.0,0.0,0.2175615792175616,0.0040193750040193755,0.0,0.0
0.001840225,0.000108249,0.0,0.0,0.057912968,0.000649491,0.0,0.000974237,0.0,0.0,0.0,0.000324746,0.0,0.0,0.0,0.02446417,0.000324746,0.048928339,0.0,0.0,0.041242693,0.0,0.0,0.0,0.114202208,0.50519593,0.0,0.0,0.00075774,0.0,0.0,0.0,0.201775276,0.001298982,0.0,0.0
0.007293355598055159,0.0,0.0,0.0,0.039528186241311276,0.0001800830147668072,0.0,0.0018008281476679083,0.0,0.0,0.0,0.004682154383936659,0.0,0.0,0.00045020703691697707,0.014316587173960149,9.000000738000061e-5,0.03763731608625992,0.0,0.0,0.03601657095335882,0.0,0.0,0.0,0.1897172855568174,0.41428060297100944,0.0,0.0,9.000000738000061e-5,0.0034215742805690915,0.0,0.0,0.24995499949630998,0.0005402490443004216,0.0,0.0
0.021734381978265622,0.00010921799989078201,0.0,0.00010921799989078201,0.03320227196679773,0.0005460899994539101,0.0,0.0008737439991262561,0.0,0.0,0.0,0.0,0.0,0.0,0.0019659239980340765,0.03265618196734382,0.0,0.07743556092256446,0.0,0.0,0.05286151194713849,0.0,0.0,0.0,0.14384010485615992,0.46679772753320237,0.0,0.0,0.0,0.008300567991699433,0.0,0.0,0.15956749684043253,0.0,0.0,0.0
0.007157124243342225,0.004119507140063243,0.0,0.0,0.0580059939722038,4.160000141440005e-5,0.0,0.0010818910367842954,0.0,8.32000028288001e-5,0.0,0.0016644470565912001,0.0,0.0,0.0,0.0018725030636651044,0.0001664450056591302,0.029751998011567936,0.0,0.0,0.028586884971954094,0.0,0.0,0.0,0.22091378951106888,0.35265480599026344,0.0,0.0,0.00020805600707390426,0.0011651130396138434,0.0,0.0,0.29140313890770675,0.0011235020381990693,0.0,0.0
0.0006149859803204486,0.003916490874672292,0.0,0.0,0.05512218623609004,0.0,0.0,3.2399998963200036e-5,0.0,0.0,0.0,0.0014889139523547536,0.0,0.0,0.0,0.33254570835853736,0.0,0.018611425404434386,0.0,0.0,0.0035280788871014756,0.0,0.0,0.0,0.13956950553377584,0.3003074833901605,0.0,0.0,0.00012947099585692814,0.0005178829834277445,0.0,0.0,0.1434212614105196,0.0001942059937854082,0.0,0.0
0.0013588279429292266,0.0019897119164320994,0.0,0.0,0.0765796337836554,0.00024264798980878446,0.0,0.0009220619612733976,0.0,0.0,0.0,0.0026205958899349732,0.0,0.0,9.709999592180019e-5,0.010676501551586936,0.0,0.03198097465679907,0.0,0.0,0.007764728673881396,0.0,0.0,0.0,0.2234785886138993,0.4057555879582654,0.0,0.0,0.0009220619612733976,0.002135299910317404,0.0,0.0,0.2328933222184805,0.000582354975541091,0.0,0.0
0.00116117001277287,0.0020126950221396453,0.0,0.0,0.11518811126706921,0.00015482300170305301,0.0,0.003483511038318621,0.0,0.0,0.0,0.0,0.0,0.0,0.000232234002554574,0.008670073095370804,0.0,0.0489239825381638,0.0,0.0,0.002090107022991177,0.0,0.0,0.0,0.1711565278827218,0.49334262842676885,0.0,0.0,0.0,7.74000008514e-5,0.0,0.0,0.15335191368687104,0.00015482300170305301,0.0,0.0
0.007792860976621417,0.0,0.0,0.0,0.047176134858471594,0.00259761999220714,0.0,0.0009217359972347921,0.0,0.0,0.0,0.001340706995977879,8.37999997486e-5,0.0,0.000167587999497236,0.01416121995751634,0.000167587999497236,0.06535947680392157,0.0,0.0,0.033182503900452485,0.0,0.0,0.0,0.1290430696128708,0.5067873284796379,0.0,0.0,0.0,0.0005865589982403229,0.0,0.0,0.19046421942860733,0.000167587999497236,0.0,0.0
0.0032805929934388144,0.013190718973618563,0.0,0.0,0.08734579482530842,0.000546765998906468,0.0,0.000102518999794962,0.0,0.0,0.0,0.0,0.0,0.0,0.0,0.24689881350620238,0.0,0.015446126969107748,0.0,0.0,0.00041007399917985203,0.0,0.0,0.0,0.15053138769893723,0.34692273430615456,0.0,0.0,0.0009568399980863201,0.000512592998974814,0.0,0.0,0.1336500017327,0.00020503699958992602,0.0,0.0
0.009010350387296173,7.449999493400033e-5,0.0,0.0,0.10052870016404838,0.0,0.0,0.003276490777198627,0.0,0.0,0.0,0.0,0.0,0.0,0.0,0.004021147726561955,0.0,0.10909225558172661,0.0,0.0,0.01578672892650243,0.0,0.0,0.0,0.2318862002317384,0.34164864776789194,0.0,0.0,0.00014893098987269268,7.449999493400033e-5,0.0,0.0,0.18393028749274043,0.0005212599645543223,0.0,0.0
0.0048752179951247815,0.00069645999930354,0.0,0.0,0.19280324980719674,0.0,0.0,0.0009286129990713869,0.0,0.0,0.0,0.0,0.0,0.0,0.0,0.01822402798177597,0.0,0.027394079972605918,0.0,0.0,0.00023215299976784697,0.0,0.0,0.0,0.2698781197301219,0.3593731856406268,0.0,0.0,0.00011607699988392298,0.0033662219966337776,0.0,0.0,0.12211259387788741,0.0,0.0,0.0
0.001212709,0.061605627,0.0,0.0,0.197429057,0.000242542,0.0,0.001091438,0.0,0.0,0.0,0.0,0.0,0.0,0.0,0.002789231,0.0,0.039049236,0.0,0.0,0.0,0.0,0.0,0.0,0.243875819,0.310696095,0.0,0.0,0.000970167,0.002304147,0.0,0.0,0.138733932,0.0,0.0,0.0
0.0002178330047923261,7.260000159720004e-5,0.0,0.0,0.12888469683546333,0.0,0.0,0.0,0.0,0.0,0.0,0.0,0.0,0.0,0.0,0.0024687770543130954,0.0,0.01306999728753994,0.0,0.0,7.260000159720004e-5,0.0,0.0,0.0,0.21681673476996818,0.2256026769632589,0.0,0.0,0.0002178330047923261,0.0,0.0,0.0,0.4125762510766775,0.0,0.0,0.0
0.010225132,0.38438425,0.0,0.0,0.184411158,0.0,0.0,0.000134541,0.0,0.0,0.0,0.0,0.0,0.0,0.0,0.001928424,0.0,0.000583012,0.0,0.0,0.0,0.0,0.0,0.0,0.157816845,0.224280205,0.0,0.0,0.000179388,0.0007624,0.0,0.0,0.035294645,0.0,0.0,0.0
0.0076289289237107104,0.0,0.0,0.0,0.22108635678913646,0.0,0.0,0.0,0.0,0.0,0.0,0.0,0.0,0.0,0.0,0.015410435845895642,0.0,0.04241684457583156,0.0,0.0,0.00022886799771132003,0.0,0.0,0.0,0.22841012871589872,0.29600243803997567,0.0,0.0,0.0,0.00045773599542264006,0.0,0.0,0.18828196311718037,7.629999923700001e-5,0.0,0.0
0.0029835589373452625,0.003491397926680644,0.0,0.0,0.12499206237516669,0.0008252399826699603,0.0,0.0002539199946676801,0.0,0.0,0.0,0.0,0.0,0.0,0.0,0.09325207704170639,0.0,0.017012632642734716,0.0,0.0,0.0012695989733384216,0.0,0.0,0.0,0.29194438586916793,0.31505109438392703,6.349999866650002e-5,0.0,0.0004443599906684402,0.0002539199946676801,0.0,0.0,0.14733701190592274,0.0008252399826699603,0.0,0.0
0.01444507998555492,0.0,0.0,0.0,0.12542906187457092,0.0,0.0,0.000143020999856979,0.0,0.0,0.0,0.00042906199957093796,0.0,0.0,0.00028604099971395896,0.015160182984839817,0.0007151029992848969,0.05863844394136155,0.0,0.0,0.03017734596982265,0.0,0.0,0.0,0.12886155587113843,0.4137585805862414,0.0,0.0,0.0,0.0,0.0,0.0,0.21195652178804347,0.0,0.0,0.0
0.0011767960564862108,0.00027689301329086467,0.0,0.0,0.08286031097729493,0.0,0.0,6.920000332160017e-5,0.0,0.0,0.0,0.002145923103004309,0.0,0.0,6.920000332160017e-5,0.002215146106327013,0.0,0.0392496208839818,0.0,0.0,0.002907379139554199,0.0,0.0,0.0,0.23376714422082293,0.4208777722021331,0.0,0.0,0.0017998060863906923,0.0009691260465180503,0.0,0.0,0.21078500211768014,0.000830680039872642,0.0,0.0
0.0002769439889222404,0.0,0.0,0.0,0.029817676807292928,0.0009693049612278015,0.0,0.0011077779556888817,0.0,0.0,0.0,0.0010616199575352017,0.0,0.0,4.619999815200007e-5,0.008769904649203814,0.00023078699076852036,0.03327948166882073,0.0,0.0,0.01933994822640207,0.0,0.0,0.0,0.16316639047334436,0.5690745212370192,0.0,0.0,0.0,0.013893375444264982,0.0,0.0,0.15896606764135732,0.0,0.0,0.0
0.0029995800029995797,0.005819185005819185,0.0,0.0,0.04475373404475373,0.0,0.0,0.000899874000899874,0.0,0.0,0.0,0.0032995380032995376,0.00017997500017997498,0.0,0.000299958000299958,0.02033715302033715,0.0,0.05051292805051292,0.0,0.0,0.02525646402525646,0.0,0.0,0.0,0.19191313219191308,0.4595956574595956,0.0,0.0,0.0016197730016197726,0.000119983000119983,0.0,0.0,0.19221309019221305,0.00017997500017997498,0.0,0.0
0.002715052057016093,0.0025163900528441907,0.0,6.620000139020002e-5,0.04191775488027285,0.0,0.0,0.0011919740250314545,0.0,0.0,0.0,0.0007284290152970093,0.0,0.0,0.0,0.004304351090391372,0.0005959870125157272,0.041123104863585204,0.0,0.0,0.015032117315674462,0.00019866200417190208,0.0,0.0,0.21508509851678706,0.5078471726647906,0.0,0.0,0.00039732500834382516,0.007681610161313813,0.0,0.0,0.1585987713305742,0.0,0.0,0.0
0.009538261009538262,0.0,0.0,0.0007587250007587251,0.12573162812573166,0.0,0.0,0.001409061001409061,0.0,0.0,0.0,0.00021677900021677902,0.0,0.0,0.00162584000162584,0.004443963004443964,0.0,0.10296986810296989,0.0,0.0,0.03620203803620204,0.0,0.0,0.0,0.11023195311023196,0.4181660524181661,0.0,0.0,0.0,0.0,0.0,0.0,0.18870583118870585,0.0,0.0,0.0
0.007815275,0.0,0.0,0.0,0.041385435,0.0,0.0,0.001509769,0.0,0.0,0.0,0.005595027,0.0,0.0,0.00062167,0.015541741,0.00017762,0.035435169,0.0,0.0,0.035879218,0.0,0.0,0.0,0.18383659,0.424245115,0.0,0.0,0.0,0.003641208,0.0,0.0,0.243428064,0.000888099,0.0,0.0
0.0012783209002909697,0.0001322399896852808,0.0,8.819999312040055e-5,0.04945781114229073,0.00022039998280880133,0.0,0.00022039998280880133,0.0,8.819999312040055e-5,0.0,0.0007493609415498466,0.0,0.0,0.00030855997593232185,0.011460812106056656,0.0,0.043242524627083084,0.0,0.0,0.011725292085427217,0.0,0.0,0.0,0.21189278047236312,0.46486816474028314,0.0,0.0,0.00017631998624704107,0.0,0.0,0.0,0.20409061308093218,0.0,0.0,0.0
0.007624021,0.0,0.0,0.0,0.087519582,0.0,0.0,0.003759791,0.0,0.0,0.0,0.000939948,0.0,0.0,0.0,0.001044386,0.0,0.084908616,0.0,0.0,0.009086162,0.002506527,0.0,0.0,0.223603133,0.391958225,0.0,0.0,0.0,0.034255875,0.0,0.000835509,0.15154047,0.000417755,0.0,0.0
0.009838558206609723,0.3864317421150666,0.0,0.0,0.191628285024194,0.0,0.0,4.470000093870002e-5,0.0,0.0,0.0,0.0,0.0,0.0,0.0,0.0016099460338088666,0.0,0.0011627390244175195,0.0,0.0,0.0,0.0,0.0,0.0,0.1533026282193552,0.21702965455762274,0.0,0.0,0.0005366490112696293,0.0007602520159652923,0.0,0.0,0.03765484579075176,0.0,0.0,0.0
0.05513495484973675,0.0,0.0,0.0006034669764647879,0.04975861105941416,0.0006034669764647879,0.0,0.0010423519593482735,0.0,0.0,0.0,0.0011520739550691156,0.0,0.0,0.0,0.004608294820276502,5.489999785890008e-5,0.07724379798749187,0.0,0.0,0.026442833968729474,0.0055409257839038936,0.0,0.0,0.1596444967738646,0.43202763315092224,0.0,0.0,0.0007680489700460901,0.0,0.0,0.0,0.1851546997789667,0.00021944299144172332,0.0,0.0
0.005117583117704411,6.090000140070003e-5,0.0,0.0,0.06713781054416963,0.0005483120126111762,0.0,0.0007920070182161613,0.0,0.0,0.0,0.00018277100420373307,0.0,0.0,0.0,0.05495309026392106,0.0018277080420372846,0.029243329672596574,0.0,0.0,0.03734616885896187,0.0,0.0,0.0,0.1631534097525284,0.44151335215480697,0.0,0.0,0.0010966250252223753,0.026014378598330706,0.0,0.0,0.17009869991227006,0.0009138540210186423,0.0,0.0
0.007640637572124296,0.003568429800167931,0.0,0.0,0.0581863947415619,4.199999764800013e-5,0.0,0.0008396309529806666,0.0,0.00020990798824515266,0.0,0.0016792609059613894,0.0,0.0,0.0,0.0011335009365239475,0.0,0.030352643300251975,0.0,0.0,0.027287991471872476,0.0,0.0,0.0,0.22380351346700325,0.34701929256691966,0.0,0.0,8.399999529600026e-5,0.0008816119506297308,0.0,0.0001259449929470804,0.2961796644139388,0.000965574945927803,0.0,0.0
0.0005756500725319091,0.00019188302417726103,0.0,0.0,0.05046532335863074,9.590001208340151e-5,0.0,0.0012472421571525117,0.0,0.0005756500725319091,0.0,0.00019188302417726103,0.0,0.0,0.0,0.17499762304970048,0.0,0.031468870965077736,0.0,0.0,0.003549842447280148,0.0,0.0,0.0,0.21577283718737747,0.37589950036333697,0.0,0.0,0.0,0.0011513001450638182,0.0,9.590001208340151e-5,0.14362469409671144,9.590001208340151e-5,0.0,0.0
0.0010869570597826384,0.0,0.0,9.880000543400033e-5,0.03458498190217401,9.880000543400033e-5,0.0,0.0009881420543478132,0.0,0.0,0.0,0.00039525702173913625,0.0,0.0,0.0,0.01531620684239138,9.880000543400033e-5,0.07440711909239156,0.0,0.0,0.012351779679347885,0.0,0.0,0.0,0.11403162727173952,0.5236166297989147,0.0,0.0,0.0,0.0,0.0,0.0,0.2228260992554355,9.880000543400033e-5,0.0,0.0
0.0008730660087306602,4.8500000485000007e-5,0.0,0.00033952600339526,0.03346752733467527,0.0005335400053354001,0.0,0.0008730660087306602,0.0,0.0,0.0,0.0013095990130959903,0.00024251800242518004,0.0,0.0,0.006159965061599651,9.700000097000001e-5,0.05946549059465491,0.0,0.0,0.012756463127564632,0.0,0.0,0.0,0.2019207470192075,0.4344958083449581,0.0,0.0,0.0018916430189164302,0.00048503700485037006,0.0,0.0,0.24470097744700978,0.00033952600339526,0.0,0.0
0.0027759790860553517,0.0,0.0,0.0,0.05912834483297869,0.00023133200717129223,0.0,0.0009715920301193529,0.0,0.0,0.0,0.0012491900387248914,0.0,0.0,0.0,0.003655038113306182,9.250000286750009e-5,0.03349680903840108,0.0,0.0,0.027574720854816347,0.0,0.0,0.0,0.2265661220235498,0.3727676625557975,0.0,0.0,0.00023133200717129223,0.0,0.0,0.0,0.269316192348802,0.001943185060238737,0.0,0.0
0.00445235999554764,0.07138616792861384,0.0,0.0,0.1795785098204215,0.0,0.0,0.0008904719991095282,0.0,0.0,0.0,0.0,0.0,0.0,0.0,0.025972098974027902,0.0,0.024487978975512026,0.0,0.0,0.0008904719991095282,0.0,0.0,0.0,0.19649747680350255,0.35129118364870887,0.0,0.0,0.001335707998664292,0.0,0.0,0.000148411999851588,0.14306915985693086,0.0,0.0,0.0
0.0,0.0,0.0,0.0,0.07828134192171865,0.0,0.0,0.0,0.0,0.0,0.0,0.0008828719991171279,0.0,0.0,0.0,0.004120070995879929,0.0,0.03472630996527369,0.0,0.0,0.006474396993525602,0.0,0.0,0.0,0.2061506767938493,0.46468510853531486,0.0,0.0,0.0,0.002648616997351383,0.0,0.0,0.2020306057979694,0.0,0.0,0.0
0.012228676354631615,0.13948334204501694,0.0,0.0,0.18763375644137892,0.0,0.0,7.640000221560006e-5,0.0,0.0,0.0,0.0,0.0,0.0,0.0,0.002140018062060524,0.0,0.022164476642769822,0.0,0.0,0.0,0.0,0.0,0.0,0.1891623414857079,0.34263223293633477,0.0,0.0,0.00022928800664935218,0.00022928800664935218,0.0,0.0,0.10402018001658522,0.0,0.0,0.0
0.004173186803860221,0.012278800422896382,0.0,0.0,0.09574254150010056,8.029999622590019e-5,0.0,0.00032101398491234275,0.0,0.0,0.0,0.00016050699245617137,0.0,0.0,0.0,0.17114079695638257,0.0,0.029493197613819716,0.0,0.0,0.0014044379339914173,0.0,0.0,0.0,0.22093815461590674,0.3505477145242574,0.0,0.0,0.00020063399057020244,0.0,0.0,0.0,0.11323782667782216,0.0002808879867982647,0.0,0.0
0.000576451998847096,0.000144112999711774,0.0,0.0,0.0722006048555988,0.0008646779982706441,0.0,0.0008646779982706441,0.0,0.0,0.0,0.0,0.0,0.0,0.0,0.03228130893543738,0.0,0.0371811499256377,0.0,0.0,0.003026372993947254,0.0,0.0,0.0,0.31647211336705583,0.30177258939645485,0.0,0.0,0.0018734689962530621,0.030984291938031417,0.0,0.002449920995100158,0.1993082576013835,0.0,0.0,0.0
0.005930429869530543,0.1149705944706469,0.0,0.0,0.18972390682607404,0.0,0.0,0.0,0.0,0.0,0.0,9.969999780660004e-5,0.0,0.0,0.0,0.002342270948470039,0.0007475329835542742,0.019435861572411044,0.0,0.0,4.9799998904400014e-5,0.0,0.0,0.0,0.2257051680344863,0.32612378382527674,0.0,0.0,9.969999780660004e-5,0.0016944079627230246,0.0,0.0,0.11307684351230943,0.0,0.0,0.0
0.0012926930943665956,0.010545652769832652,0.0,0.0,0.09599946300796078,0.0018369851340999145,0.0,0.00020410901489995806,0.0,0.0,0.0,0.0014287661042999254,0.0,0.0,6.800000496400035e-5,0.06123282546999625,0.0,0.03224928835419805,0.0,0.0,0.00238127617383316,0.0,0.0,0.0,0.18335829338515539,0.390257206488776,0.0,0.0,0.0010885830794665646,6.800000496400035e-5,0.0,0.0,0.21621990978405337,0.001768948129133213,0.0,0.0
0.006722514986554969,0.00020684699958630596,0.0,0.0,0.08584134882831729,0.0,0.0,0.005481435989037127,0.0,0.0,0.0,0.00041369299917261396,0.0,0.0,0.0,0.0016547729966904538,0.0,0.0904953978190092,0.0,0.0,0.0068259389863481205,0.0012410799975178398,0.0,0.0,0.22473885555052223,0.3825628292348743,0.0,0.0,0.00010342299979315399,0.03826662492346674,0.0,0.0012410799975178398,0.15327334769345327,0.0009308099981383799,0.0,0.0
0.00042171899957828106,0.0009488669990511332,0.0,0.0,0.03763837596236163,0.0,0.0,0.0012651559987348442,0.0,0.0,0.0,0.0,0.0,0.0,0.0,0.01697416998302583,0.00010542999989457001,0.07496046392503955,0.0,0.0,0.009488665990511335,0.0,0.0,0.0,0.13790194986209806,0.6221402203778599,0.0,0.0,0.0057986289942013715,0.0,0.0,0.0,0.09225092290774908,0.00010542999989457001,0.0,0.0
0.005716724131484656,0.005972696137372012,0.0,0.0,0.01806029641538682,0.0,0.0,0.0003697380085039742,0.0,0.0,0.0,0.0012229810281285637,0.0,0.0,0.00031285600719568814,0.07940842082639368,0.0005688280130830443,0.043885098009357255,0.0,0.0,0.024317406559300352,0.0,0.0,0.0,0.18333333721666675,0.5176336869055749,0.0,0.0,8.530000196190004e-5,0.0007679180176621144,0.0,0.0,0.1183447127219284,0.0,0.0,0.0
0.004902835406935339,8.910000739530061e-5,0.0,0.0,0.1563558699775372,0.0006239970517917553,0.0,0.003298271273756516,0.0,8.910000739530061e-5,0.0,0.0,0.0,0.0,0.0,0.0022285611849705783,0.0,0.09707613605731928,0.0,0.0,0.004902835406935339,0.00017828501479765624,0.0,0.0,0.20752364022446212,0.34177218036709095,0.0,0.0,0.0,0.0,0.0,0.0,0.1809591880196126,0.0,0.0,0.0
0.008010118008010119,0.0,0.0,0.0,0.06155143306155144,0.0,0.0,0.0,0.0,0.0,0.0,0.001264755001264755,0.0,0.0,0.00084317000084317,0.014755481014755482,0.0,0.053119730053119735,0.0,0.0,0.0033726810033726817,0.0,0.0,0.0,0.12563237812563238,0.5794688035794688,0.0,0.0,0.0,0.0018971330018971331,0.0,0.00021079300021079303,0.14987352414987354,0.0,0.0,0.0
0.011309576536307363,0.013733057436944647,0.0,0.0,0.2756484946984118,0.0,0.0,0.00017951699263980332,0.0,0.0,0.0,0.0,0.0,0.0,0.0,0.00439816881967508,0.00017951699263980332,0.027555873870209177,0.0,0.0,0.00017951699263980332,0.0,0.0,0.0,0.20509827759097063,0.30912843132573437,0.0,0.0,8.979999631820017e-5,0.00035903398527960663,0.0,0.0,0.1521407347622299,0.0,0.0,0.0
0.004243439004243439,0.0,0.0,0.0006700170006700171,0.039865997039866,0.0,0.0,0.0017867110017867113,0.0,0.0,0.0,0.0005583470005583472,0.0,0.0,0.000223339000223339,0.006811837006811838,0.000335008000335008,0.07225014007225015,0.0,0.0,0.053266332053266335,0.0,0.0,0.0,0.21038526021038526,0.4151870464151871,0.0,0.0,0.0005583470005583472,0.000335008000335008,0.0,0.0,0.1935231711935232,0.0,0.0,0.0
0.00055731000947427,0.000483002008211034,0.0,0.0,0.05394761391710942,7.430000126310001e-5,0.0,0.0008916960151588321,0.0,0.0,0.0,0.001374698023369866,0.0,0.0,0.0,0.0037897080644250366,7.430000126310001e-5,0.04209548671562326,0.0,0.0,0.01148058719516998,0.0,0.0,0.0,0.22626788384655397,0.4584432547935352,0.0,0.0,0.00018577000315809,0.00148616002526472,0.0,0.0,0.19862530537663015,0.00022292400378970802,0.0,0.0
0.02296795497703205,0.007701828992298172,0.0,0.0,0.04167239695832761,0.0,0.0,0.00013753299986246704,0.0,0.0,0.0,0.002200522997799477,0.0,0.0,0.0020629899979370103,0.0071516989928483024,0.0027506529972493475,0.08815843791184158,0.0,0.0,0.04923669395076331,0.0,0.0,0.0,0.13478201086521802,0.5209737304790263,0.001100260998899739,0.001100260998899739,0.0,0.0,0.0,0.0,0.11800302588199699,0.0,0.0,0.0
0.0006833600239176009,4.880000170800007e-5,0.0,0.0,0.0471030426486065,4.880000170800007e-5,0.0,0.0014155320495436218,0.0,0.0,0.0,0.0006833600239176009,0.0,0.0,0.00034168001195880045,0.0011714750410016265,0.0,0.050324597761360924,0.0,0.0,0.009274174324596101,0.0,0.0,0.0,0.2304876340670672,0.44481868056865387,0.0,0.0,0.0013179090461268167,0.00043930301537560557,0.0,0.0,0.21179285141274984,4.880000170800007e-5,0.0,0.0
0.02576212997423787,0.01660226098339774,0.0,0.0005724919994275079,0.08630313391369686,0.0005724919994275079,0.0,0.004150564995849435,0.0,0.0,0.0,0.0037211969962788025,0.0,0.0,0.002003720997996279,0.013167310986832687,0.0,0.052382996947617,0.0,0.0,0.011163589988836408,0.0,0.0,0.0,0.11621582888378416,0.5719192784280807,0.0,0.0,0.0004293689995706309,0.0,0.0,0.0,0.09489051090510948,0.00014312299985687698,0.0,0.0
0.0011720158968626009,0.00027046497619908206,0.0,4.5099996031200344e-5,0.047872335787234446,0.00022538798016585773,0.0,0.0004507749603318034,0.0,4.5099996031200344e-5,0.0,0.001036782908763104,0.0,0.0,0.00022538798016585773,0.012125854932924765,0.0,0.045212762021276935,0.0,0.0,0.013478180813920087,0.0,0.0,0.0,0.20217271920880067,0.4639379321734619,0.0,0.0,9.019999206240069e-5,0.0,0.0,0.0,0.21163900037576794,0.0,0.0,0.0
0.006109567908356482,5.0499999242500015e-5,0.0,0.0,0.03721282444180764,0.0014137839787932403,0.0,0.0018682149719767755,0.0,0.0,0.0,0.0009593539856096904,0.0,0.0,0.0003029539954556901,0.0025246149621307758,0.0008583689871244653,0.08013127879803082,0.0,0.0,0.04953294525700583,0.0,0.0,0.0,0.18232769226508463,0.4942691165859633,0.0,0.0,0.0,0.0006563999901540002,0.0,0.0,0.14173188387402175,5.0499999242500015e-5,0.0,0.0
0.0012851269691569528,0.0024845779403701294,0.0,0.0007710759814941764,0.031785468237148756,8.569999794320005e-5,0.0,0.0005997259856065763,0.0,0.0,0.0,0.0,0.0,0.0,0.0001713499958876001,0.0666552414002742,0.0005997259856065763,0.03821110208293355,0.0,0.0,0.040352980031528485,0.0,0.0,0.0,0.13485263576353673,0.47618230557162466,0.0001713499958876001,0.0,0.003941055905414658,0.004112405901302258,0.0,0.0,0.19773817225428386,0.0,0.0,0.0
7.11000093141012e-5,0.0038417765032727215,0.0,0.0,0.08444793406267935,0.00014228801863973043,0.0,0.0013517361770774392,0.0,0.0,0.0,0.0,0.0,0.0,0.0,0.040196362265723456,7.11000093141012e-5,0.016718841190168192,0.0,0.0,0.0027746163634747435,7.11000093141012e-5,0.0,0.0,0.21151112570795746,0.443013718034797,0.0,0.0,0.0008537281118383825,0.0011383041491178434,0.0,0.0,0.1937962693873113,0.0,0.0,0.0
0.011990747095925975,4.72000003776e-5,0.0,0.000330454002643632,0.03238445925907567,0.00014162300113298402,0.0,0.00028324600226596803,0.0,0.0,0.0,0.00080253000642024,0.0,0.0,0.00023603800188830399,0.03365906626927253,0.00132181501057452,0.04763253638106029,0.0,0.0,0.02407591019260728,0.0,0.0,0.0,0.1750932364007459,0.5253269172026153,0.0,0.0,0.000472077003776616,0.0,0.0,0.0,0.14620214416961716,0.0,0.0,0.0
0.0556016896132794,0.007141196335636227,0.0,0.0003653640171721088,0.032185207512704754,0.00019928900936658342,0.0,0.00039857801873316684,0.0,0.0,0.0,0.0015278840718105512,0.0,0.0,0.0004317930202942719,0.01597635175088853,0.0007639420359052756,0.06257681194111016,0.0,0.0,0.03739994175779726,0.0,0.0,0.0,0.13820706749573214,0.5178862303406528,0.000465008021855377,0.0,6.640000312080014e-5,0.0012953800608828628,0.0,3.320000156040007e-5,0.12747866499149724,0.0,0.0,0.0
0.0030765369600050194,0.140704462170842,0.0,0.0,0.10937401757813778,0.0008790099885728702,0.0,0.0010673699861241902,0.0,0.00012557299836755102,0.0,0.00018835899755133306,0.0,0.0,0.0,0.021786902716770265,0.0,0.02925849161963961,0.00012557299836755102,0.0,0.016324479787781763,6.279999918360001e-5,0.0,0.0,0.13549318623858858,0.3813649730422554,0.0,0.0,0.0003767189951026531,0.0008790099885728702,0.0,0.0,0.1582218849431155,0.0006906509910215372,0.0,0.0
0.017083258204999098,0.0054846250658155005,0.0,0.0,0.2078762834945154,0.0073727750884733005,0.0,8.990000107880002e-5,0.0,0.0,0.0,0.001258766015105192,0.0,0.0,0.0,0.007013127084157525,0.0,0.03587484343049811,0.0,0.0,0.00017982400215788802,0.0,0.0,0.0,0.18881496326577957,0.37664089651969074,0.0,0.0,0.000899119010789428,0.001528502018342024,0.0,0.0,0.1498831167985974,0.0,0.0,0.0
0.017006802982993195,0.000109720999890279,0.0,0.000493745999506254,0.053653719946346275,0.000438884999561115,0.0,0.0019201229980798768,0.0,0.0,0.0,0.001974983998025016,0.0,0.0,0.0020298439979701557,0.007077023992922976,0.00016458199983541798,0.08042571891957428,0.0,0.0,0.05979811294020188,0.0,0.0,0.0,0.15926047784073952,0.44744349355255647,0.0,0.0,0.0005486069994513929,0.0,0.0,0.0,0.16765415783234583,0.0,0.0,0.0
0.00045289899909420204,0.00045289899909420204,0.0,0.0,0.11911231876177536,0.0,0.0,0.0,0.0,0.0,0.0,0.0,0.0,0.0,0.0,0.046195651907608694,0.0,0.00951086998097826,0.0,0.0,0.001358695997282608,0.0,0.0,0.0,0.4184782601630435,0.3722826082554348,0.0,0.0,0.0,0.0,0.0,0.0,0.03215579693568841,0.0,0.0,0.0
0.002739455073965287,3.3000000891000025e-5,0.0,6.600000178200005e-5,0.025447224687075068,0.0001650270044557291,0.0,0.0014852470401016701,0.0,0.0,0.0,0.001419236038319373,0.0,0.0,0.0002640440071291882,0.0010891810294078878,0.0007261210196052675,0.055284178492672816,0.0,0.0,0.030134002813618076,3.3000000891000025e-5,0.00036306000980262026,0.0,0.18558981301092495,0.5493432058322665,0.0,0.0,3.3000000891000025e-5,0.0024094000650538017,0.0,0.0,0.1433758038711467,0.0,0.0,0.0
0.009464125990535872,0.0,0.0,0.0,0.03146182396853817,0.0,0.0,0.0,0.0,0.0,0.0,0.000127893999872106,0.0,0.0,0.00038368099961631893,0.04885535195114464,0.0,0.042460672957539324,0.0,0.0,0.038240183961759815,0.0,0.0,0.0,0.165877989834122,0.5087607104912393,0.0,0.0,0.0,0.0,0.0,0.0,0.15436756584563244,0.0,0.0,0.0
0.004852809917502231,0.06697591286140947,0.0,0.0,0.11489741104674402,0.00010704699818020102,0.0,0.00014272999757359005,0.0,0.0,0.0,0.00017841199696699606,0.0,0.0,0.0,0.056271185043389856,0.0003568239939339921,0.037430864363675306,0.0,0.0,0.0019982159660303284,0.0,3.569999939310001e-5,0.0,0.1699553941107583,0.3438001721553971,0.0,0.0,0.0007136489878679672,0.0,0.0,0.0,0.20206957756481717,0.00021409499636038505,0.0,0.0
0.0019689599980310404,0.0,0.0,0.0,0.03798934396201066,0.0,0.0,0.00046328499953671507,0.0,0.0,0.0,0.004227472995772527,0.00011582099988417902,0.0,0.0005211949994788051,0.10470233989529767,0.00028955299971044707,0.05686819594313181,0.0,0.0,0.02698633297301367,0.0,0.0,0.0,0.11912207588087793,0.46913365753086644,0.0,0.0,0.00017373199982626802,0.0005211949994788051,0.0,0.0,0.1745425058254575,0.0023743339976256663,0.0,0.0
0.0042970257550695315,0.0003862499779837512,0.0,0.0,0.055088833859936466,0.00043453097523173437,0.0,0.0010621859394554013,0.0,0.0,0.0,0.00260718385139052,0.0,0.0,0.0007724989559675594,0.006035148655996526,0.0004828119724797175,0.03625917093322725,0.0,0.0,0.025733872533169264,0.0,0.0,0.0,0.2160100296874283,0.47484547293380797,0.00014484399174389246,0.0,0.0,4.829999724690016e-5,0.0,0.00014484399174389246,0.1755503959936274,9.659999449380031e-5,0.0,0.0
0.015426114876591082,0.0,0.0,0.0,0.04189496766484026,8.429999932560001e-5,0.0,0.0,0.0,0.0,0.0,0.0013487309892101522,0.0,0.0,0.0009272529925819761,0.08977492928180057,8.429999932560001e-5,0.019893786840849706,0.0,0.0,0.02613166979094664,0.0,0.0,0.0,0.09382112424943101,0.46615526927075784,0.0,0.0,0.0,0.0048048549615611605,0.0,0.0,0.2388940380888477,0.0007586609939307121,0.0,0.0
0.053479299893041406,0.0,0.0,0.000125833999748332,0.04259468991481062,0.000440417999119164,0.0,0.000440417999119164,0.0,0.0,0.0,0.00050333499899333,0.0,0.0,0.001069585997860828,0.034289668931420665,0.000377500999244998,0.07380143485239714,0.0,0.0,0.03334591693330817,0.0,0.0,0.0,0.13583742272832516,0.47263118105473767,0.0,0.0,0.001069585997860828,0.001635836996728326,0.0,0.0,0.14835787070328427,0.0,0.0,0.0
0.006847305191724545,0.028856500807982022,0.0,0.0,0.12780006257840174,4.890000136920004e-5,0.0,0.0006847310191724685,0.0,0.0,0.0,0.00029345600821676824,0.0,0.0,0.0,0.010906779305389821,9.780000273840007e-5,0.047344225325638305,0.0,0.0,0.00019563700547783615,0.0,0.0,0.0,0.24885063796781784,0.3901985829255603,0.0,0.0,0.0004890930136946044,0.0009781860273892088,0.0,0.0,0.1361146468112101,0.00029345600821676824,0.0,0.0
0.0043610991788050665,5.450000223450009e-5,0.0,0.00027256901117532945,0.07479285106650689,0.00010902700447010717,0.0,0.0010902750447012767,0.0,0.0,0.0,5.450000223450009e-5,0.0,0.0,0.0,0.002453118100577842,0.0,0.06623419371560194,0.0,0.0,0.01024858342019192,0.0021260360871674794,0.0,0.0,0.19374183094341507,0.40367424255064394,0.0,0.0,0.00010902700447010717,5.450000223450009e-5,0.0,0.0,0.2391517758052228,0.0014718710603467133,0.0,0.0
0.004490634000000001,0.0011547340000000001,0.0,0.0,0.05003849100000001,0.0002566080000000001,0.0,0.0007698230000000002,0.0,0.0,0.0,0.0012830380000000002,0.0,0.0,0.00012830400000000004,0.007954837000000001,0.00012830400000000004,0.07608416700000001,0.0,0.0,0.02643058800000001,0.0010264310000000002,0.0,0.0,0.14318706700000003,0.5201437000000001,0.0,0.0,0.0,0.0,0.0,0.0,0.16692327400000004,0.0,0.0,0.0
0.011713031,0.085718089,0.0,0.0,0.186210568,0.0,0.0,0.000266205,0.0,0.0,0.0,0.0,0.0,0.0,0.001197924,0.074670571,0.0,0.058298948,0.0,0.0,0.0050579,0.0,0.0,0.0,0.157327299,0.301610542,0.0,0.0,0.000266205,0.001863437,0.0,0.0,0.115799281,0.0,0.0,0.0
0.0076888730768887295,0.00218264802182648,0.0,0.00014881700148817,0.029366536293665358,0.00019842300198423,0.0,0.0013889580138895798,0.0,0.0,0.0,0.00084329600843296,0.0,0.0,0.0007440850074408499,0.00754005707540057,0.0023810700238107,0.07143211571432115,0.0,0.0,0.05228434052284339,0.0,0.0,0.0,0.16181358361813583,0.44828612948286123,0.0,0.0,9.920000099199999e-5,0.0,0.0,0.0,0.21315541613155412,0.00044645100446451,0.0,0.0
0.00504521001009042,0.0007207440014414881,0.0,0.00013104400026208801,0.07672651015345303,0.0036692440073384886,0.0,0.001375966002751932,0.0,0.0,0.0,0.0005897000011794001,0.00013104400026208801,0.0,0.0,0.0026864110053728225,0.0,0.08144411016288823,0.0,0.0,0.03321976106643953,0.0,0.0,0.0,0.16957148533914299,0.41298650282597305,0.0,0.0,0.00019656700039313404,0.0011794000023588002,0.0,0.0,0.20986764541973532,0.00045865500091731004,0.0,0.0
0.009661306178788975,0.14513834466324071,0.0,0.0,0.09362352904200004,0.00036457796901087267,3.649999689750026e-5,0.00014583098760436605,0.0,0.0,0.0,3.649999689750026e-5,0.0,0.0,0.0,0.05753034610992058,0.0,0.030442230412410416,0.0,0.0,0.0010937329070327029,0.0,0.0,0.0,0.168690058661345,0.32513030936392373,0.0,0.0,0.00010937299070329579,0.0,0.0,0.0,0.1678150717357189,0.00018228898450543634,0.0,0.0
0.0026683999946632,0.028531353942937293,0.0,0.0,0.07567308684865383,0.00064999499870001,0.0,0.000342102999315794,0.0,0.0,0.0,0.000855255998289488,0.0,0.0,0.0,0.016728814966542372,0.000752625998494748,0.026273476947453047,0.0,0.0,0.002292086995415826,0.0,0.0,0.0,0.15989873768020255,0.43891758612216486,0.0,0.0,0.000478943999042112,0.0,0.0,0.0,0.24559542950880917,0.000342102999315794,0.0,0.0
0.00562516,0.01615955,0.0,0.0,0.073689593,0.000409103,0.0,0.00046024,0.0,0.0,0.0,0.0,0.0,0.0,0.0,0.083559192,0.000255689,0.022040399,0.0,0.0,0.004142163,0.0,0.0,0.0,0.21733572,0.398977244,0.0,0.0,0.001073894,0.0,0.0,0.000153413,0.175811813,0.000306827,0.0,0.0
0.006866631247198724,0.0031836201146103237,0.0,0.0002496960089890563,0.02247261280901406,9.360000336960012e-5,0.0,0.0005930270213489727,0.0,0.0,0.0,0.00031212001123632035,0.0,0.0,0.0004993910179780766,0.00555572920000625,0.003901495140453825,0.04235463152476673,0.0,0.0,0.016979306611255036,0.0,0.0,0.0,0.1761915233428948,0.5839133770208815,0.0005306030191017086,0.0,0.0014045380505633698,0.0,0.0,0.0,0.1348980978563315,0.0,0.0,0.0
0.0035697159178965346,0.00010655899754914307,0.0,0.00026639699387286916,0.0773083262219085,0.0005860729865203214,0.0,0.0009590279779423566,0.0,0.0,0.0,0.0,0.0,0.0,0.0,0.0026106879399541774,0.0,0.0683573964277799,0.0,0.0,0.009217325788001508,0.001811497958335547,0.0,0.0,0.18647769871101294,0.4062017066573608,0.0,0.0,0.0,5.329999877410004e-5,0.0,0.0,0.2408226274610796,0.001651659962011821,0.0,0.0
0.001468908,0.000489636,0.0,0.0,0.059354769,0.0,0.0,0.001414504,0.0,0.0,0.0,0.001305696,0.0,0.0,0.0,0.011044013,0.000326424,0.08329253,0.0,0.0,0.023393722,0.0,0.0,0.0,0.220336217,0.447255318,0.0,0.0,0.0027202,0.0,0.0,0.0,0.147434851,0.000163212,0.0,0.0
0.014121946985878054,0.000498421999501578,0.0,0.0,0.2606745307393255,0.0,0.0,0.0016614059983385942,0.0,0.0,0.0,0.0,0.0,0.0,0.0,0.0013291239986708762,0.0,0.0254195049745805,0.0,0.0,0.00016614099983385902,0.0,0.0,0.0,0.22777870077222134,0.41053331058946674,0.0,0.0,0.0,0.00033228099966771906,0.0,0.0,0.05748463194251538,0.0,0.0,0.0
0.0028459222105982436,0.0,0.0,5.6900004210600314e-5,0.04325801420109305,0.0,0.0,5.6900004210600314e-5,0.0,5.6900004210600314e-5,0.0,0.0005122660379076868,0.0,0.0,0.0,0.014058855040355273,0.0,0.06596847188166692,0.0,0.0,0.02384882676481318,0.0,0.0,0.0,0.1893676500132061,0.48562813093648166,0.0,0.0,0.00028459202105980956,0.0006830210505435577,0.0,0.0,0.17331664982543207,5.6900004210600314e-5,0.0,0.0
0.0009216120009216121,5.12000000512e-5,0.0,0.0,0.13624494413624497,0.0,0.0,0.000665609000665609,0.0,0.0,0.0,0.0,0.0,0.0,0.0,0.01710101901710102,0.00020480300020480304,0.03241001503241002,0.0,0.0,0.0010240130010240132,0.0,0.0,0.0,0.24473913324473914,0.373303978373304,0.0,0.0,0.00010240100010240101,0.0014336180014336182,0.0,5.12000000512e-5,0.1915928521915929,0.000153602000153602,0.0,0.0
0.0037316490746329813,0.13003362860067258,0.0,0.0,0.0537603550752071,0.00016402900328058004,0.0,0.0006151070123021403,0.0,0.0,0.0,0.0005330930106618602,0.0,0.0,8.200000164000003e-5,0.021487739429754786,0.0,0.06569343231386864,0.0,0.0,0.007217256144345123,0.0,0.0,0.0,0.17001558640031172,0.35901747618034946,0.0,0.0,4.100000082000001e-5,0.0,0.0,0.0,0.18723858374477165,0.0003690640073812801,0.0,0.0
0.005516879,0.003677919,0.0,0.0,0.146197294,0.0,0.0,0.001182188,0.0,0.000131354,0.0,0.001970314,0.0,0.0,0.0,0.001444897,0.0,0.048207014,0.0,0.0,0.0,0.000262709,0.0,0.0,0.248522265,0.335872849,0.0,0.0,0.000656771,0.0,0.0,0.0,0.206094838,0.000262709,0.0,0.0
0.0002589110028480211,8.630000094930002e-5,0.0,0.0,0.09182704901009754,8.630000094930002e-5,0.0,0.0010356430113920732,0.0,0.0,0.0,8.630000094930002e-5,0.0,0.0,0.0,0.008285147091136619,0.0,0.023215673255372406,0.0,0.0,0.0,0.0,0.0,0.0,0.2980063892780703,0.3305428536359714,0.0,0.0,0.0,0.0012945540142400944,0.0,0.0,0.24139121665530341,0.0038836630427202938,0.0,0.0
0.008538785000000002,0.0020444980000000005,0.0,0.00012026500000000003,0.049669272000000014,0.0,0.0,0.00012026500000000003,0.0,0.0,0.0,0.0010823810000000003,0.0,0.0,0.00012026500000000003,0.005652435000000001,0.00012026500000000003,0.11533373400000002,0.0,0.0,0.04666265800000001,0.0,0.0,0.0,0.08129885700000002,0.44750451000000013,0.0,0.0,0.0,0.0,0.0,0.0,0.24161154500000007,0.00012026500000000003,0.0,0.0
0.026289254604652854,0.058772689351771844,0.0,0.0,0.05668395430373094,0.0009363300215355903,0.0,0.00043215200993949616,0.0,0.0,0.0,0.00021607600496974808,0.0,0.0,0.002160761049697504,0.12503601587582835,0.0,0.03320368876368484,0.0,0.0,0.03320368876368484,0.0,0.0,0.0,0.10897436150641031,0.4690291087876694,0.0,0.0,7.200000165600003e-5,0.0010083550231921655,0.0,0.0,0.08383751292826279,0.00014405100331317305,0.0,0.0
0.005163897989672203,0.000561292998877414,0.0,0.0,0.10350246979299504,0.00044903499910192994,0.0,0.0,0.0,0.000561292998877414,0.0,0.0031432419937135157,0.0,0.0,0.00044903499910192994,0.004153569991692859,0.0010103279979793438,0.04467893991064211,0.0,0.0,0.022002693955994607,0.006960035986079927,0.0,0.0,0.18387965863224065,0.5039290519921418,0.0,0.0,0.000561292998877414,0.0,0.0,0.0,0.11899416276201165,0.0,0.0,0.0
0.00418726952340869,0.0922090185261273,0.0,4.450000556250069e-5,0.09675265109408138,4.450000556250069e-5,0.0,8.910001113750137e-5,0.0,4.450000556250069e-5,0.0,0.0007127270890908861,0.0,0.0,0.00013363601670450206,0.015234533904316736,0.00013363601670450206,0.030513612814201597,0.0,0.0,0.00017818202227275277,0.0,0.0,0.0,0.15132079091509884,0.3820660637582579,0.0,0.0,0.00017818202227275277,0.0004900000612500075,0.0,0.0,0.22566709620838699,0.0,0.0,0.0
0.01917038616939356,0.0,0.0,8.26000050386003e-5,0.04255495259585211,8.26000050386003e-5,0.0,0.001074203065526387,0.0,0.0,0.0,0.00016526201008098263,0.0,0.0,0.001900512115931239,0.016030408977854946,0.00033052402016196526,0.10006611110403278,0.0,0.0,0.03594447419261292,0.0,0.0,0.0,0.11609652008188773,0.5365229217278982,0.0,0.0,0.0002478930151214739,0.0,0.0,0.0,0.12973063091356848,0.0,0.0,0.0
0.02950265314751327,0.0,0.0,0.0,0.04938487624692439,0.0033817270169086357,0.0,0.001107807005539035,0.0,0.0,0.0,0.0012827240064136203,0.0,0.0,0.0026237540131187702,0.0015742520078712602,0.0,0.07684683138423418,0.0,5.830000029150001e-5,0.03953122319765612,0.0,0.0,0.0,0.19649000198245004,0.4211416261057082,0.0,0.0,0.0,0.0,0.0,0.0,0.1769576128847881,0.00011661100058305502,0.0,0.0
