0.0,0.0,0.0,0.046619097158646976,0.0,0.0,0.07592261675418462,0.026392131723852845,0.00013832376029730318,0.0,0.0,0.0,0.0,0.0,0.006295984875968957,0.011625427501627941,0.0014367280384456954,0.018945355848752694,0.0032342048775952804,0.0,0.0,0.0026788091377172784,0.06075709794349833,0.0,0.0,0.002776593463953566,0.014466680122704125,0.0,0.0,0.0,0.0,0.0,0.0,0.0,0.0,0.0,0.05126101691502386,0.0,0.04237055066807437,0.0,0.0,0.0,0.0,0.031097169908518824,0.0,0.0,0.03761108026554034,0.05929424425439403,0.0,0.0,0.0,0.0,0.0,0.0,0.0,0.0,0.0,0.028124090122311273,0.01721949729529684,0.0,0.0,0.0054615561206156574,0.0,0.0,0.0,0.05341476752499687,0.0,0.05100184096132981,0.0,0.0,0.0,0.0,0.0,0.0059242297000617564,0.0,0.0,0.03721406762989131,0.0,0.0,0.0,0.0,0.0,0.0,0.0,0.0,0.0,0.0,0.02576787298666137,0.030057409071139466,0.0329830461197968,0.0,0.014817575009475847,0.013349317985031639,0.014793309973867002,0.0,0.08099557410631208,0.006655164566902286,0.0,0.023796420377752526,0.00029671585383880675,0.07079785815545428,0.012294853287584348,0.0,0.0,0.0,0.001159338359846433
0.036906554252579785,0.006474541753998626,0.0030796013361719015,0.07158945796347242,0.0007895363917661047,0.014445784443381467,0.017066940355973902,0.008845249873891032,0.012649002481799149,0.0391665591908006,0.008628753359643557,0.008151833158996669,0.0,0.053625275526281234,0.0067851410063552945,0.02605101098972569,0.013210322225095966,0.07772551258510126,0.0051784694097950995,0.09213672556459818,0.0003911565469146226,0.0,0.002844289297967028,0.05008570501704794,0.0,0.0012975544866981393,0.016621138799931708,0.018238324044415125,0.0,0.05592076078267353,0.0029059650360886875,0.010737576668527407,0.007938874376996896,0.07128027199344372,0.006805392843037711,0.08153794895517004,0.0,0.0,0.01146687873553138,0.0,0.0009488713616965834,0.0,0.024821963960406132,0.013464219948410976,0.07011034005232376,0.1100476147307128,0.04595753491064631,0.1567479939224446,0.027041972559489365,0.0019376965137055332,0.0,0.010769339884135911,0.0003040903658729995,0.007285209102682676,0.06494580982749021,0.010420651233127803,0.0350055146590078,0.001340369768622522,0.017999806895158108,0.017699301772386586,0.0,0.0005312569372782085,0.0,0.0073235568950436,0.017632056073166452,0.0,0.0,0.028065855594470758,0.030258978614428816,0.0,0.0183976707851147,0.025181643530875316,0.02029847168172879,0.0,0.03366405933859212,0.05755210257458741,0.0,0.02973135058222371,0.02366759104711111,0.016645020262286675,0.0,0.0,0.013532768205808185,0.01686740794230174,0.009088664849463819,0.020041853358593664,0.0,0.0331473624816574,0.01628964480768113,0.05499908994537858,0.029684238578650816,0.006750134680212098,0.005774437381221241,0.01380506738814044,0.0,0.03969248513236917,0.01685329661365111,0.05653939561786097,0.015472919541234684,0.012658484715346592,0.0,0.0,0.03630479411215075,0.009098098189116525,0.02053977895250249,0.014990252927398336
0.008010221895434629,0.00807796919553086,0.06716422567713753,0.0530134640681129,0.016643916982196114,0.011450182065155063,0.03825403516526011,0.06480906300933043,0.014200916424094072,0.09648744011613856,0.028343165874499705,0.06924894012897503,0.024477111647624138,0.004291138308396059,0.06826100882251612,0.040729112150730745,0.0,0.009760145647504298,0.0,0.0,0.0,0.01892627876486803,0.051973090831701,0.0010371973938887718,0.1205899127739657,0.0296499326846049,0.02551957335097739,0.04070181375471608,0.0,0.016848877012473694,0.02807475784504355,0.0,0.0,0.009638439690553011,0.0250401620823273,0.0,0.0,0.0627131401250695,0.007643688046778322,0.0038887664347346538,0.0,0.019840510258211118,0.0341383586885742,0.0,0.03854564741798869,0.022422636077988983,0.002708445558742546,0.019634457136701366,0.0014023110748688954,0.0,0.0,0.0682623506016321,0.08104972045705182,0.0,0.0,0.0,0.0,0.0,0.0,0.0021796127576885708,0.0,0.03814649947099574,0.06396759785307772,0.019121490353410743,0.021579895191716093,0.0,0.0,0.01496450937010602,0.03657487487328579,0.0,0.002743051393134948,0.05737588178413192,0.0,0.0,0.0,0.027684865708263375,0.0,0.0,0.008293103270413098,0.0,0.10065050188067631,0.0,0.006766414656384193,0.08389415501867341,0.002685194530477289,0.004735425267447254,0.0,0.012023518958215936,0.0,0.07610127272952592,0.0,0.049963306094342366,0.007819626645201722,0.0,0.02871623516073263,0.0071556306553685715,0.03371688533751221,0.0,0.051639546046404174,0.02908076756202995,0.005902757450835321,0.0,0.02653856311494891,0.01167684475992966,0.004968122382848541,0.0
0.0,0.36067103256848476,0.0,0.003934917597186807,0.0,0.0,0.004014317459603826,0.0,0.0,0.0,0.0,0.030142121135324218,0.0,0.0,0.011617302853840463,0.0,0.032663268955364665,0.0,0.0,0.0,0.0,0.007052479027876952,0.021053732819298142,0.0,0.0,0.009212408356995754,0.018801368851136403,0.03672180015942265,0.0,0.0,0.0,0.0,0.0,0.0,0.06018289669714455,0.0,0.0,0.0,0.01603696518350027,0.0,0.0,0.0,0.0,0.0,0.0,0.0,0.0,0.08488189789907545,0.0,0.0,0.0,0.0,0.0,0.0,0.0,0.011755098601985411,0.0,0.0,0.0,0.03160820952588906,0.0,0.0,0.0,0.0,0.0,0.0,0.0,0.0,0.0,0.0,0.030556908150952987,0.0,0.0,0.0,0.0,0.0,0.0,0.0,0.0,0.0,0.0,0.0,0.02070262251198007,0.0,0.03761513582105768,0.02069267247970167,0.0,0.0,0.0,0.0,0.0,0.0,0.0,0.06160681868193689,0.0,0.0,0.0036699289145565705,0.0036781415055987627,0.04287336668626219,0.0,0.0,0.0,0.010179758450769672,0.07051309302080333,0.021798741928550698,0.0
0.0,0.0,0.03130762498750042,0.0,0.042946404737647166,0.0,0.0030847286440829854,0.0,0.0,0.0,0.012089998361894182,0.012719138854093094,0.0,0.0,0.0,0.0,0.0,0.02185344015437159,0.07736107921084137,0.0,0.0,0.0,0.0,0.0,0.0,0.0,0.06046630888399029,0.0027457254458861,0.0,0.0,0.14010359421534332,0.0,0.0,0.0,0.0,0.0,0.0,0.0,0.0,0.0,0.01750237036407539,0.0,0.0,0.0,0.0,0.040444718627653885,0.0,0.0,0.0,0.005692043014379081,0.0,0.0,0.0,0.0,0.0034247957829106543,0.0073076737773506975,0.0,0.0,0.0,0.008728883779283238,0.0,0.0,0.0,0.0,0.0,0.0,0.0,0.0,0.0,0.0,0.0,0.0,0.0,0.0,0.0,0.0,0.0,0.0,0.0,0.0,0.0,0.0,0.0,0.0,0.034871732830926906,0.0034493874544963055,0.03277728354881306,0.011676702570700028,0.02045365823545311,0.03281019991024189,0.0,0.0,0.0,0.02893904872315809,0.0,0.0,0.01836098287763321,0.0,0.0,0.004887251721852895,0.0016654944151599574,0.0010540810474553247,0.0,0.04763650239877614,0.02157861463225019,0.007989600704542884
0.04237893376418426,0.0,0.045384146226022284,0.0,0.10925722626594571,0.014767747023673661,0.010130437503982785,0.16990243466775626,0.017977620811861085,0.0011814436082957366,0.0007091485559208889,0.0,0.016777264586604786,0.017597318513277886,0.0,0.00646913420006242,0.0007962420919121934,0.005957115243055477,0.026076047176297284,0.0,0.0,0.0,0.054252769890216705,0.0,0.05618218127073527,0.008155742447677264,0.016402841915624543,0.062409655495999965,0.04267991572529676,0.0,0.06505650910793148,0.012384513013029964,0.08043569566294424,0.101670857141395,0.0,0.0,0.0,0.0,0.0,0.0,0.03292964845575845,0.048578008992965924,0.025789852981668637,0.0,0.0,0.014879246737790184,0.029487820638060307,0.0,0.04060370434858539,0.04397267095721749,0.05573479303297585,0.06061283904235446,0.01582745254023272,0.0214282466669492,0.0,0.004865949073372137,0.0025797964044113188,0.033076985478080544,0.008484706063163058,0.025112121590455522,0.0,0.02810704473366678,0.0,0.05595775169763152,0.038751496588884125,0.09648790950072268,0.008485253365403117,0.0,0.0,0.0,0.06734908019381002,0.0,0.008368376608468134,0.004189332941063345,0.005513438483238409,0.0024001664348142293,0.010572521893290537,0.02697781694706418,0.02296202430669517,0.0,0.050455710515463846,0.016271561075521607,0.0,0.02131934651085863,0.029604261574699503,0.02926534266280181,9.318090937724132e-6,0.04910704435107307,0.036718934601905534,0.0,0.014714267169798855,0.023701538096432526,0.0,0.001965220813425625,0.0,0.0,0.023084768167749892,0.010032366329738134,0.0,0.007610235911402946,0.020555748085696438,0.026492117295323497,0.0,0.009825023547804294,0.0050048970159031255,0.020726143482911356
0.0,0.03244098937215053,0.015624282109380003,0.0,0.07587371898015555,0.0,0.030397601134585905,0.014740646830116985,0.011286438050751548,0.013934233066826812,0.011615319753101396,0.033134518929689716,0.006997757761626722,0.0,0.0,0.02402354306289583,0.00267820528540242,0.038353557514516794,0.07660561382630762,0.004717125712021348,0.0,0.0,0.041562905877696135,0.0018522688457505226,0.0,0.006863639832950877,0.05871037866486736,0.03123617852659229,0.0,0.009083571092426483,0.0,0.0,0.09403998895498014,0.1079774824853132,0.0,0.026458137453474806,0.0,0.0,0.0,0.0,0.027332784118013303,0.001411451193496855,0.0009466942546202736,0.0,0.0,0.0,0.0,0.0,0.014056061409037491,0.04976064851799876,0.0,0.0,0.0,0.037724389200739,0.0,0.03730350406346581,0.0052975813909243415,0.0,0.0,0.008047078007007826,0.0,0.037554717505428284,0.0,0.0,0.0,0.0,0.0,0.0,0.0,0.0,0.008632034970971375,0.0,0.10181488298628597,0.010168173994507578,0.05509333914550503,0.0,0.0,0.0,0.0,0.01997745210108117,0.0,0.0,0.0,0.0023640800366699,0.021371031815013302,0.11084689072870646,0.0,0.0,0.011531004433398046,0.0,0.0,0.03359512744808885,0.0,0.035532555212710884,0.0,0.0,0.027426902266042472,0.012804837985158154,0.0,0.044816724453512945,0.0,0.0,0.014449745719857124,0.0,0.05285412125417639,0.0
0.0,0.0,0.0,0.0,0.008273803636551553,0.001222084194247004,6.0377869949297754e-5,0.007245112972912673,0.011323163332509545,0.0,0.019092793842502127,0.011797018071552194,0.0,0.0,0.05791990939530105,0.045507357305267435,0.06624170099117536,0.0,0.0,0.05903132247933244,0.0,0.0,0.0,0.0033743010098342074,0.0,0.02339311718796001,0.0,0.05321142865536987,0.0,0.04057424497793719,0.0,0.0,0.0,0.0,0.10399105459876519,0.0,0.0,0.0,0.0,0.0,0.0,0.0,0.0,0.0,0.0,0.0,0.0,0.0,0.0,0.0,0.0,0.0,0.0,0.0,0.030379234046379936,0.025045897995644596,0.02286543930203857,0.0,0.0,0.025236391484662665,0.0,0.0,0.06042399831499187,0.0,0.0,0.04123234045919308,0.0,0.0,0.0,0.0,0.0,0.014378970658161877,0.0,0.0,0.0,0.0,0.0,0.0909489074234555,0.0,0.0,0.0,0.0,0.0,0.008215327045022421,0.002487376686218687,0.001948034916605115,0.0,0.0,0.0,0.0,0.04860092374277576,0.0,0.0,0.012359965415142919,0.0,0.0,0.0,0.011651018704018742,0.0,0.0011351057890426593,0.0,0.06162704509859224,0.031568455696324375,0.022416833137632652,0.02350018832403794,0.07238797739465284
0.0,0.025678769858608785,0.0,0.0,0.03896736469838208,0.0,0.0,0.05200419038364121,0.0,0.0,0.010046641531418822,0.0,0.0,0.055950157681387946,0.0,0.0,0.0,0.0,0.0,0.0,0.0,0.0,0.0,0.0,0.0,0.0,0.0,0.0,0.0,0.0,0.0,0.0,0.0,0.0,0.0,0.0,0.0,0.0,0.0,0.0,0.0,0.0,0.0,0.0,0.0,0.0,0.0,0.0,0.0,0.0,0.0,0.0,0.0,0.1051157733927351,0.08786347858932601,0.0,0.004461698389514608,0.0091875747127561,0.0,0.0,0.01510071155971199,0.0,0.0,0.0,0.0,0.0,0.0,0.0,0.0,0.0,0.0,0.0,0.013090777306378264,0.0,0.0,0.0,0.0,0.0,0.0,0.0,0.0,0.0,0.0,0.0,0.0,0.0,0.0,0.0,0.0386470544284398,0.0,0.0,0.0,0.0,0.0,0.0,0.0,0.0,0.0,0.0,0.0004177605479539591,0.0023411250375894514,0.0,0.0,0.0,0.0,0.0
0.0,0.0,0.0,0.0,0.04249973533983019,0.10999121436978282,0.001978538811262825,0.012526250279169815,0.006493235106061625,0.07122753172126514,0.0,0.0,0.0,0.0,0.0897833730657589,0.023161626325756694,0.0,0.0,0.0,0.008898065764330384,0.0,0.0,0.009003694452760244,0.0,0.0,0.00609576659473156,0.0,0.0,0.0,0.0,0.0,0.0,0.0,0.027836181246147746,0.0,0.0,0.040120741742191136,0.032200454463522765,0.0,0.0,0.0,0.0,0.0,0.006445065213861089,0.0,0.07204257959827942,0.0,0.0,0.0,0.0,0.0,0.0,0.0,0.006366228713458127,0.009188113805573897,0.0,0.0,0.011877949352764705,0.0,0.0,0.04408303658231104,0.014790927793337627,0.0,0.0,0.0,0.0,0.06719925025511671,0.0,0.0,0.0,0.0,0.015238608387070028,0.0,0.0,0.0,0.06656652981666314,0.0,0.0,0.0,0.08893440258477271,0.027054244045400563,0.0,0.0,0.0,0.0,0.014275195276848023,0.0022944543250839194,0.0,0.01958475858084877,0.0,0.0,0.004251843043443897,0.0,0.0015273846645220024,0.04068774316595671,0.14392747936702668,0.013739906187046685,0.0,0.0,0.00946366231410404,0.0,0.0,0.0,0.0,0.007754334607332105,0.0
0.0,0.0,0.0,0.0,0.0,0.0,0.0,0.0,0.0,0.0,0.0,0.0,0.0009360981187040449,0.0,0.0,0.002140532266841156,0.0,0.04764268517728697,0.0,0.0,0.0,0.0,0.0,0.0,0.0,0.0,0.0,0.0,0.0,0.0,0.0,0.0,0.0,0.0,0.058281045669563936,0.0,0.0,0.0,0.0,0.0,0.0,0.0,0.21091629342361642,0.0,0.0,0.0,0.0,0.0,0.0,0.0,0.0,0.0,0.0,0.0,0.0,0.0,0.0,0.0,0.0,0.0,0.0,0.0,0.0,0.0,0.0,0.0,0.0,0.0,0.0,0.0,0.0,0.0,0.0,0.0,0.0,0.0601972106635054,0.0,0.0,0.0,0.0,0.0,0.0,0.0,0.0,0.0,0.0,0.0,0.0,0.0,0.0,0.0,0.0,0.0,0.01053211740555706,0.0,0.0,0.0,0.0,0.0,0.0,0.0,0.0,0.0,0.0023689109647228096,0.025211451933875497,0.0
0.04399555934901681,0.028199557844630123,0.0,0.004563481200770337,0.006172251827281537,0.0,0.0076635589045875975,0.006756515984933681,0.0,0.04732901283026497,0.029500232891725098,0.008600932091397178,0.0,0.0005858113291953463,0.0049456930703395225,0.003044123736283837,0.0028899071065075733,0.026187980898549335,0.022798659722709353,0.020011643163730244,0.0,0.0,0.02524714806615873,0.002571551958142284,0.0,0.0086061473275959,0.04197743487420787,0.0,0.0,0.0,0.017021284349969856,0.0,0.022351472526447955,0.0,0.013974796856546156,0.0,0.0,0.0025541310437158645,0.01697446337257628,0.08530808234977544,0.007087171731849726,0.0,0.0023116249895812403,0.0,0.0,0.0,0.03665754557360816,0.0,0.0,0.0,0.0,0.0,0.0,0.0,0.03885381030078453,0.0,0.0,0.0,0.0,0.0,0.05196717693184777,0.00896186906525753,0.0,0.0,0.05439478546162037,0.002282846143166268,0.0,0.0748084612435317,0.0,0.0,0.05174075086600139,0.022346504635349124,0.0,0.0,0.11720808200012134,0.0010861340083153594,0.0022020975988809007,0.0005523761442439021,0.008318674763865786,0.0,0.0,0.013964452757475494,0.0,0.0,0.0,0.0,0.0,0.0,0.015829442066934516,0.0,0.03354963823955591,0.012758498162707787,0.14203575220433598,0.03461315562606489,0.015151556695649023,0.019951789221265157,0.02196152864087144,0.04190538389785312,0.09841385910693362,0.000989180043332725,0.0,0.044132676278839114,0.016955512961842598,0.050359279260178906,0.031483854664910924,0.003771013063979267
0.026940121530822907,0.0,0.0,0.0,0.0,0.05802917461140181,0.0,0.04175985457866337,0.0,0.03067607946214317,0.051437621733920996,0.0,0.026675127768442053,0.0,0.0010027412438341815,0.01898510677203497,0.03862394398368455,0.0,0.0,0.0,0.0,0.0,0.007092709229077803,0.05811746614898399,0.0,0.006885382302665968,0.01736563743162144,0.03426339113381841,0.0,0.04019991954373241,0.0,0.0,0.0,0.0,0.0,0.0,0.09568553818879269,0.0,0.06160837365611981,0.0,0.0,0.0,0.0,0.01998119711179053,0.0,0.0,0.0388445811256213,0.00506599063226406,0.0,0.007906287006724124,0.0,0.0,0.007244179463235632,0.0,0.01678103203104694,0.00607758866453738,0.0,0.0,0.0,0.007267597406981264,0.022379861632480264,0.008095918013497735,0.005162521385330525,0.0442981251983867,0.0340163259282141,0.0,0.0,0.04614626669238369,0.01543556140740109,0.0,0.0,0.03428996121876491,0.11735689920784684,0.0,0.0,0.0,0.0,0.0,0.0,0.011611410225350609,0.0,0.0,0.0,0.04746781102533046,0.012529163193457595,0.010462250747716952,0.0,0.0013667336514111169,0.04365561502240438,0.09656042100492947,0.010306034919649744,0.0,0.01007379632308943,0.004289311585811051,0.0,0.0,0.0,0.0037244480413838425,0.0,0.016735048985048948,0.03262150733266283,0.0,0.05585481301372539,0.013446068790354886,0.056033226295835147,0.019832184782682984
0.011070896989595316,7.2816528184764686e-6,0.01461229993589694,0.03599162112162884,0.020860141037666906,0.05797245054427568,0.04559009286872977,0.10535486745038784,0.03564080143113994,0.0018801871807972005,0.1158079872645329,0.020871106499361632,0.03726325867600443,0.0069821549894792554,0.0,0.021001091825885335,0.015588148167586836,0.008900452575577396,0.007221721188077026,0.003103156620094205,0.08133969632218684,0.12577568909044654,0.03547031908830174,0.014829674063225691,0.0,0.1327637878391688,0.07257017019968315,0.016719022279348853,0.019469419153767608,0.010268534906306956,0.032968047577484866,0.10943720715884954,0.006843599124398986,0.059203784296843226,0.03357411636044394,0.0,0.03663166334096505,0.01564992074208315,0.05257722792379727,0.0,0.027360094160574465,0.0028233469291669396,0.0877914711988724,0.16793165146428837,0.037413037408529325,0.11155758685799579,0.0007337513863657618,0.0,0.029993856692777137,0.056970288263606436,0.08670769990024578,0.0,0.04166388291867944,0.025210929763455563,0.022636384025317945,0.08988510951928176,0.0038018152694697395,0.003041213074061813,0.003586233798707162,0.025355658496604174,0.007650848945762898,0.02722194623996895,0.14562135785789979,0.004873994715920542,0.0,0.008976991171260057,0.0036171631470590894,0.0,0.025751304812915796,0.0,0.028199407343702524,0.021705191244204624,0.012185857879398588,0.09424838066837743,0.017347491247727352,0.0,0.026504947873110477,0.02614831455618702,0.004510434199835014,0.021714421721565326,0.026233562504516077,0.044497906133936685,0.03956301617232302,0.14554995620692185,0.02837385277971654,0.014942271332898481,0.045901687594859825,2.6330416781041588e-5,0.00653455728799315,0.019345850040472578,0.026750873918054627,0.012373831847792342,0.016055961321663873,0.03968012352632174,0.010472678819055873,0.0,0.06543096802052766,0.022585666534890275,0.0210998721671636,0.00762641408433844,0.0025763629258899186,0.009637482129649768,0.007456122285764351,0.0061856355975476365,0.007386273869688543,0.033084620082359927
0.048564849816791836,0.0,0.0,0.0,0.002303161474962953,0.0,0.0,0.0,0.0,0.0,0.001497815607295062,0.0008670647912233774,0.010856722788966327,0.0,0.0,0.0,0.06068080658559227,0.0,0.0,0.0,0.0,0.012357546721061709,0.008096920096100012,0.007700269929368281,0.0,0.00710006324960912,0.0,0.16249343175753111,0.0,0.0,0.0,0.015602017382963997,0.0,0.0,0.0,0.0,0.0,0.0,0.0,0.0,0.0,0.01393919213802366,0.0212409487277481,0.0,0.0,0.0,0.0,0.0,0.0,0.06573403254902968,0.0,0.0,0.0,0.0,0.0,0.015233641673045136,0.05401481268290407,0.020435492500551003,0.0,0.0,0.0,0.05016083314052623,0.0,0.0,0.0,0.03572839426610678,0.0,0.0,0.0,0.0,0.012352631832653364,0.0,0.0,0.0,0.0,0.0,0.0,0.0,0.0,0.0,0.0,0.0,0.0,0.0,0.0,0.10456880182468559,0.0,0.0,0.0,0.0,0.028366883135473902,0.0,0.0,0.025298919323472762,0.0,0.0,0.0,0.018851113913198714,0.0,0.049241896609854535,0.0031021058556593936,0.0,0.0,0.0,0.015020331119367155,0.03595063444158623
0.0,0.0,0.0,0.0,0.017559410419648386,0.0,0.0,0.0,0.0,0.0,0.0,0.0,0.0,0.0,0.0,0.0,0.0,0.0,0.0,0.0,0.0,0.0,0.0,0.0,0.0,0.0,0.0,0.0,0.0,0.0,0.0,0.0,0.0,0.0,0.0,0.0,0.0,0.0,0.0,0.0,0.0,0.04128670765604174,0.0,0.0,0.0,0.0,0.0,0.0,0.0,0.0,0.0,0.0,0.0,0.0,0.0,0.0,0.0,0.0,0.0,0.0,0.0,0.0,0.0,0.0,0.0,0.0,0.0,0.0,0.0,0.0,0.0,0.0,0.0,0.0,0.0,0.0,0.0,0.0,0.0,0.0,0.0,0.0,0.0,0.0,0.0,0.0,0.0,0.0,0.0,0.0,0.0,0.0,0.0,0.0,0.0,0.0,0.0,0.0,0.0,0.0,0.0,0.0,0.0,0.0,0.0,0.0
0.08470403054825146,0.0,0.0026519327772348738,0.03657625131615398,0.04825202580107164,0.041926181961710544,0.014855704126085386,0.0,0.023945796435594958,0.046144566634900165,0.018079869661526398,0.014542175957138779,0.04930182366926111,0.014598410139792847,0.0010902600106560373,0.02101735867583929,0.0026767315428835614,0.008979698397246055,0.006251283075395031,0.039918755778271295,0.018188988753885728,0.023838416696778907,0.003331674237749101,0.014269526941108007,0.033132980352878864,0.03930470732652724,0.0012334694707270934,0.0019232291667701682,0.022055640851761284,0.028481090112400628,0.10716690333809563,0.012240996580985678,0.0023137568108644513,0.04651262005982523,0.029549347530800168,0.04823652061452707,0.10295951373930204,0.004277881425709534,0.012499222767296729,0.00972824281417173,0.0015354527607144989,0.0,0.062409372537926965,0.07921637016572378,0.05060812665307785,0.0019795277679565118,0.0450268555322848,0.029574939218906103,0.05789218847285341,0.0290588558141654,0.0,0.0185422020932156,0.0003275196541341457,0.010348426425958788,0.009275030736111344,0.02336558219160612,0.00511960535677507,0.09041263015235296,0.02236623527181788,0.0038451291761181215,0.024284528224801486,0.008110795841506683,0.0431329517747569,0.02697094054292053,0.05728244915074315,0.007891946210841055,0.05900091354277171,0.0,0.24049801731600381,0.0,0.06544955625720583,0.02139099499770182,0.0,0.018101286192996172,0.024941199712969573,0.018062518399426342,0.03812727709486988,0.016134850755298448,0.0,0.0035826262850282356,0.053927479960114384,0.008341534426129745,0.008017621124558304,0.10424715813347324,0.03592072887817529,0.03224131772723043,0.007900494644824257,0.015976329727782613,0.0021652924116134582,0.12996908064640764,0.011848797866726496,0.05638458058890738,0.016694155022739205,0.004982467830749807,0.004229614005606157,0.007478707794149639,0.03446190263172567,0.022035983726667437,0.012516625176661711,0.011156305622305152,0.07903356514268892,0.0,0.010892159838410222,0.008222317501735863,0.07572669407128227,0.006406142590968268
0.04787263222974012,0.10374888229277145,0.052562147682308456,0.0,0.0,0.0,0.004278807153016889,0.027711781083697724,0.053420284641433044,0.036385389070093935,0.025774575004012614,0.02477567907858621,0.03251478976480192,0.0,0.005812035679135873,0.04736968385936271,0.05739984251330794,0.0050495125345960306,0.0011930413937377557,0.012927774702472344,0.0,0.05915420968129037,0.003143706664137628,0.009132030075972805,0.0,0.021694572280050062,8.369822331708926e-5,0.006812446759802871,0.033474736189742164,0.020683010416231013,0.0,0.0869045162301763,0.06526566542194324,0.0,0.08587758744972872,0.0,0.016503540298723172,0.0,0.0,0.0,0.016460581681932634,0.002535061819925239,0.004131765213845621,0.0,0.0,0.014446844507483961,0.024614181910291914,0.0,0.051341755345377764,0.0,0.03719824218595267,0.03825089250129806,0.008552882433510777,0.0,0.0023648629968488987,0.0,0.04203085126588492,0.0,0.0008578545419854295,0.024833355023148953,0.0,0.0,0.011095097563925483,0.085106268189778,0.013157870949132452,0.0802211909266977,0.0,0.0,0.0,0.0,0.0,0.00796699362869807,0.07902100119238765,0.011478193201367608,0.0,0.0,0.016381422563288568,0.03883263172580211,0.014304609421466682,0.0012086364319857284,0.02026612517417314,0.0,0.10566457671243698,0.0,0.05517899528995625,0.0,0.0,0.035635079866138425,0.04566386784983638,0.0,0.03398251369926297,0.041875514059274206,0.02120268726445227,0.012957283667619017,0.0,0.0,0.007511273571032906,0.02222367391271322,0.0,0.003530471965324302,0.0,0.007635887598956036,0.011197293716204978,0.11729153154675352,0.001263185794990644,0.007827493645561881
0.0,0.0,0.0,0.0,0.0,0.0,0.0,0.0,0.0,0.0,0.0,0.0,0.0036266242217049115,0.0,0.0,0.0,0.0,0.0,0.0,0.0,0.0,0.0,0.0,0.0,0.0,0.03210778270205914,0.0,0.0,0.0,0.0,0.0,0.0,0.0,0.0,0.0,0.0,0.0,0.0,0.0,0.0,0.0,0.0,0.0,0.0,0.0,0.0,0.07304870502041404,0.0,0.0,0.0,0.0,0.0,0.0,0.0,0.0,0.0,0.0,0.0,0.0,0.0,0.0,0.0,0.0,0.0,0.0,0.0,0.0,0.0,0.0,0.0,0.0,0.0,0.0,0.0,0.0,0.0,0.0,0.0,0.0,0.0,0.0,0.0,0.0,0.0,0.0,0.0,0.0,0.0,0.007095490693902511,0.0,0.0,0.0,0.0,0.0,0.0,0.0,0.0,0.0,0.0,0.06172762896526189,0.0,0.020653565994514993,0.0,0.0,0.0,0.0
0.0,0.0,0.0,0.0,0.0,0.0,0.0,0.0,0.0,0.0,0.0,0.0,0.008422798798623508,0.0,0.0,0.0,0.10055350119003689,0.0,0.0,0.0,0.0,0.041952842568874785,0.0,0.024616004792836575,0.0,0.04239848982261057,0.002940388993776053,0.0,0.0,0.0,0.0,0.0,0.0,0.0,0.0,0.0,0.0,0.0,0.09686915235357214,0.0,0.0,0.0,0.0,0.0,0.0,0.0,0.0,0.0,0.0,0.0,0.0,0.0,0.0,0.0,0.0,0.0,0.0,0.0,0.0,0.0,0.0,0.0,0.0,0.03935102099039957,0.0,0.0,0.0,0.0,0.0,0.0,0.0,0.02075270358516353,0.0,0.0,0.0,0.0,0.0,0.0,0.0,0.0,0.0,0.0,0.0,0.0,0.0,0.0,0.0,0.0,0.030850598808286292,0.0,0.019673735567890736,0.0,0.0,0.018592126241891032,0.0,0.0,0.0,0.0,0.0,0.0,0.0,0.0,0.0,0.0,0.008429110996447447,0.0019323124589055564
0.02119805436391634,0.03396892398447242,0.03902691647299057,0.011629241579123307,0.031476657866158254,0.0,0.007587277353683051,0.01830573196506487,0.019607250289896197,0.007147385436663925,0.035203915513994155,0.0076846420405491354,0.028214813696438436,0.011231372521016223,0.041169653691986066,0.00829140526909098,0.0021237954260400617,0.01837412207422699,0.005778449446181212,0.012446480982557852,0.10723094764874706,0.03225136081144921,0.0017799948101606092,0.07327182091995905,0.016215692143688534,0.021104962530131447,0.004760863902406018,0.06663227096693716,0.09014050262297157,0.0020057690600366186,0.0026610953093472076,0.0677443791840336,0.20019299350379663,0.06407677899761098,0.011651760620693627,0.05647263369955639,0.02791920588686263,0.020749742725343075,0.0,0.012736968150611065,0.056282392793624916,0.03826514735455248,0.009802962282294686,0.07094829704882709,0.0,0.0698267628958487,0.04010047231533108,0.14566200066919788,0.03663673269102834,0.020891606271505308,0.009829786443756941,0.04791639918127035,0.026398673267894263,0.0027907751098206523,0.04360601600503317,0.06292917537819132,0.040349581790515336,0.006567057124730135,0.1279193541252847,0.061414635081352864,0.012804026304680518,0.005129310292052339,0.0509336671626483,0.020127494440256643,0.00166078768420585,0.032896308210328386,0.022932495142430204,0.026169445157079023,0.0305868093732547,0.031469273582855485,0.00811735193182195,0.00040460713957125546,0.1965022540679064,0.05212911788129123,0.04720352108196999,0.06929254822146155,0.04658625412972006,0.02413836493259165,0.12774472536385656,0.002906307306073261,0.03226697566137915,0.04953620647805323,0.021439771869739995,0.031193946717155172,0.014813811186314424,0.04368144637442434,0.02810629445296505,0.05284791936435159,0.007610543001513668,0.07087927146882657,0.021741240064037885,0.056546470229263866,0.045723952669183394,0.03967571447296508,0.0343418381390317,0.14427716958445277,0.001581262650841281,0.04768267490145742,0.0,0.01095243639404637,0.0042645256659877475,0.04485060495239572,0.04492624464961189,0.06733716281238293,0.0014266952336474197,0.006041367795437267
0.007247094940897549,0.008181118521789746,0.13462615439387807,0.005853432175176095,0.0036797631483103392,0.035156089310729735,0.009642939369713116,0.01865280857665739,0.0094597087396789,0.01115621043982216,0.02006958628273542,0.06247918482091783,0.008346490112688381,0.010063198523709165,0.06880928797908273,0.031207907559766497,0.044737317116248405,0.0013734030833282493,0.007558350927263635,0.0006853226997036708,0.030944836943740624,0.006253401156010945,0.008953855917390096,0.013241761746289339,0.056717000652548824,0.046936424446268374,0.023043068461393562,0.007539431699390185,0.033676487636154225,0.053671354490794576,0.012925070405641876,0.04624582349221127,0.01932759498790876,0.005717221810829454,0.009145397758806061,0.07324277747406918,0.06536523255803212,0.022566999620184148,0.016811809122443545,0.034702799482126984,0.03461738801661775,0.0048502197695164066,0.03677923029483792,0.012815908209970372,0.048371210606327215,0.027612632549287995,0.02675390220411636,0.1258706058061547,0.0,0.040635083464956125,0.019005090049980987,0.029947031827076174,0.027077273539661592,0.11395610656713409,0.003307050921551946,0.06593799580627405,0.018064483036030875,0.0226152361824512,0.06640648027250103,0.038569609775668603,0.049047554318921056,0.03425360875792504,0.04866706116622226,0.002225070254384225,0.007999576688341073,0.10922481434734269,0.0,0.00854619637172931,0.07418521641521847,0.0,0.03725940854398101,0.025241726692064478,0.05030152189172728,0.037361575262168684,0.04072429656853899,0.10411772821340143,0.011961244870099832,0.001172650625156786,0.011652525643148618,0.08805871133916436,0.018099263223933938,0.007413993578214195,0.017371646069219742,0.043789070132199306,0.052199722503098046,0.0040141359549376796,0.07285197574869784,0.057430207096692,0.002001075154940837,0.09745008459717956,0.007360965864277981,8.1924179090044e-7,0.14458490594345386,0.054345384125784706,0.0074844604849322515,0.06272438835745382,0.028096918426598238,0.0068090946088195025,0.0030949986652821023,0.038172242446730155,0.12246679232699074,0.029298414582782244,0.0290481021156171,0.006244286658964687,0.0036511679923932373,0.014552880133671746
0.0,0.0,0.019118957517020873,0.0031121448479335978,0.0,0.013178380420015286,0.017034946008949902,0.0,0.0,0.023187198563656985,0.016519461058132574,0.022090659409706507,0.0,0.06174030833480812,0.0,0.0,0.0,0.0,0.0,0.0,0.0,0.0,0.0,0.0,0.0,0.02530535368676974,0.00804052561561241,0.0,0.0,0.0,0.0,0.0,0.0,0.0,0.009302155591147917,0.0,0.0572413199604947,0.0,0.0013226400606730889,0.0,0.0819618753962832,0.0,0.0,0.0,0.008247111210420228,0.0,0.0654817575431172,0.07925632595763654,0.0,0.042311702915118446,0.0,0.036628297380118746,0.11909973933973214,0.0,0.011298388429869438,0.04987241554778981,0.07032941050674955,0.0,0.0,0.022494646951261077,0.0,0.0,0.026199788463645915,0.0,0.0,0.0,0.0,0.0,0.0,0.0,0.0013890915747590941,0.022609103601063333,0.0,0.0,0.015492072448388204,0.0,0.0,0.0,0.011418453601042463,0.0,0.0,0.0,0.004309696400153123,0.007867371563321254,0.0,0.023764559654650352,0.0,0.030774298888240313,0.0,0.0,0.0,0.004599821101270694,0.008134704953480999,0.0,0.00800739132236251,0.017611257367353222,0.0,0.040599684541815985,0.0,0.002567775434728018,0.040417769055644925,0.0,0.0,0.015552042747336537,0.00656279933974326,0.09556858658952808
0.0,0.0,0.0,0.0,0.009110866846889118,0.0,0.0,0.0,0.0,0.015392131089985538,0.0,0.0,0.0,0.0,0.007866520830129004,0.0,0.0,0.08359829922107989,0.04932315677843983,0.027419727726413986,0.0,0.0,0.007864299751183336,0.0,0.0,0.0,0.0,0.0,0.0,0.0,0.0,0.0,0.0,0.0,0.0,0.0,0.025337173943545854,0.0,0.0,0.0,0.011191520867031825,0.0,0.0036888436859619975,0.12804622710315086,0.0,0.0,0.0,0.0,0.0,0.0,0.0,0.0,0.0,0.0,0.007640662482770615,0.0,0.0,0.02476418352647944,0.0,0.0,0.0,0.0,0.0,0.0,0.04783356378356634,0.0,0.0,0.0,0.0,0.0,0.01718077279148122,0.004862841342021676,0.0,0.0,0.0,0.0,0.0,0.00583759604786062,0.0,0.0,0.0,0.0,0.03883599396532168,0.0,0.0,0.0,0.0,0.0,0.028958260860911824,0.0,0.02459343731258596,0.0,0.0,0.0,0.0,0.02275570715916373,0.013928844381045578,0.0007685935146116813,0.0,0.0,0.0,0.0,0.0,0.0,0.0,0.023104546294632707
0.03434549007017505,0.060604745056816865,0.008132607370299385,0.0034029153006994847,0.014753081467198162,0.06239903414016516,0.04448919329956115,0.016411615374201473,0.14798820349766817,0.06699946305911195,0.09731189150676163,0.015080912724576628,0.05129464309586972,0.006332950511334152,0.009005073171126064,0.07926358759920311,0.02936926964552118,0.03248269627794574,0.011802608058542394,0.010481251034462388,0.043485588382035915,0.0017754666981912321,0.02499006144939761,0.05413857967275752,0.10743974243880884,0.002312329362848673,0.05855819297239254,0.016167556845823643,0.024371672142160336,0.06660441371465792,0.06871504940224259,0.0394905430599491,0.009204088426525937,0.003238064418565703,0.046818267141766616,0.021470810786767675,0.0,0.04083391121923722,0.036732371782530714,0.03494397741178366,0.046909734520645514,0.07417054128269228,0.004342313971697541,0.0,0.008542767267110913,0.03369388513496968,0.013660353287160067,0.0,0.046531066975953356,0.03625449012637839,0.009827963250411617,0.06804575796203659,0.00915878471135925,0.08124994562963196,0.021793885409061717,0.0033763293124358944,0.0059663547881988535,0.0722838245826026,0.009165957908525408,0.002728426112572175,0.01802751022334414,0.02463274083765711,0.004663262158685702,0.07316169177168576,0.016768309850213003,0.0070828482739147235,0.02695700196680117,0.0032978692110059364,0.138275538468574,0.0,0.01902943767976223,0.037143690294009456,0.024368805727574855,0.10232854538934398,0.12522421623673793,0.1829682305492208,0.021789819339178063,0.07502642282479415,0.016319591006354012,0.08748982155771434,0.006449320404468668,0.08052590169994554,0.002645880431101962,0.04633169583340403,0.04365565395737924,0.030959004454899675,0.0875313645078843,0.030418191493744456,0.08009237986502003,0.017011968502886103,0.09362996306637492,0.051825441178155914,0.006246578791245862,0.02005358882279693,0.0024210773670067967,0.0,0.02487898037642114,0.012457180430366274,0.012817507555778642,0.014355500447132833,0.0019290986593579272,0.1295395070060696,0.007981858645650645,0.003065055226012376,0.010711214852923364,0.02773486243693266
0.0,0.011102747862853167,0.007128602488521922,0.0005968642227558765,0.006163097310469046,0.07243045146850499,0.03398378979968442,0.030113991949251004,8.16011565993648e-5,0.02608226424085217,0.04885020090301829,0.08494986875863754,0.02115352263699814,0.016917602609081737,0.008124291104017245,0.034106480930115916,0.0,0.03778048034408603,0.0872336171237619,0.0,0.0,0.0,0.038718698166418326,0.04003219447950291,0.0,0.018470261915344437,0.0,0.052371646400909654,0.0,0.0,0.10191677604658701,0.01025349026576456,0.028625025611920322,0.0,0.0,0.0,0.0,0.1405159643363032,0.10717939955369622,0.0,0.001932489287406301,0.0,0.07934568718284685,0.001921966083846524,0.03354840154109209,0.014265986404518965,0.003963081362125051,0.0,0.0,0.009052430627157914,0.0,0.00039491569843425316,0.018057520757936974,0.0,0.03402355968966284,0.053007536650468194,0.0,0.0,0.0,0.024804907724022638,0.0,0.0029380465698893516,0.007739109843619131,0.0,0.0,0.018363902155753793,0.0,0.0,0.0,0.0,0.01892287567133277,0.0,0.0,0.0,0.0,0.0,0.0,0.0,0.04468942664198257,0.0,0.0,0.0,0.0,0.0,0.0065743046753225275,0.0,0.0,0.0,0.016847042739306366,0.042511014794838244,0.024419714005386107,0.028216571273668473,0.009320298421316082,0.02167757854810517,0.04410737419224049,0.008497041217495097,0.025471450524801823,0.0,0.03044646056337878,0.0,0.0,0.0,0.0,0.04733472877771348,0.011519475880896876,0.0
0.0,0.0,0.03649034338782836,0.0,0.0,0.035376967680912856,0.0,0.0,0.027521105793038347,0.0,0.0,0.021937123324630433,0.032610754981795574,0.0,0.0,0.007437862083688681,0.0,0.0,0.0,0.0,0.012775498708907956,0.0,0.0,0.0,0.0,0.0,0.0,0.0,0.0,0.0,0.0,0.0,0.0,0.0,0.0,0.0,0.0,0.0,0.0,0.022398846690000033,0.0,0.0,0.005638627204514165,0.0,0.0,0.0,0.0,0.0,0.0,0.0,0.09097875487915853,0.0,0.0,0.0,0.0,0.0,0.0,0.0,0.0,0.0,0.0,0.0,0.0,0.0,0.0,0.0,0.0,0.0,0.0,0.0,0.008092573204576799,0.0,0.0,0.0,0.0,0.0,0.0,0.0,0.0,0.011404980809227612,0.027892211126841874,0.0,0.0,0.0,0.0,0.0,0.07688670003892899,0.0,0.0,0.0,0.07059629472041042,0.0,0.0,0.0,0.0,0.0,0.0,0.029513065606462233,0.06087728482436894,0.0,0.0,0.0,0.0,0.0,0.0,0.0
0.0,0.0,0.014825467987041681,0.0,0.0,0.0,0.0516411396060096,0.0,0.0,0.0,0.048291244304482846,0.0,0.0,0.0,0.0,0.0,0.029733733228567316,0.0,0.008533491073709206,0.0,0.0,0.010607449210176515,0.0004894823333357483,0.024920014654383517,0.0,0.04049602078156078,0.05208554101626367,0.0,0.0,0.0,0.0,0.0,0.0,0.0,0.0,0.0,0.0,0.0,0.0,0.0,0.0,0.0,0.0,0.0,0.0,0.0,0.0025969157282034754,0.0,0.0,0.0,0.0,0.0,0.0,0.0,0.0,0.0,0.0,0.0,0.0,0.027718462952304276,0.0,0.01806660258291875,0.0,0.0,0.0,0.0,0.0,0.0,0.0,0.0,0.030056817641871795,0.08544936278330147,0.0,0.0,0.0,0.0,0.0,0.0,0.0,0.0,0.0,0.00042925151329896823,0.0,0.018860217578590962,0.0,0.00760511633544716,0.0,0.0,0.0,0.0,0.0,0.0,0.0,0.0019804756426166363,0.0,0.0,0.0,0.0,0.0,0.0004416293958590548,0.0,0.0,0.07785688560901509,0.0,0.0,0.005877728186324871
0.0,0.0,0.0,0.0,0.0,0.0,0.0,0.0,0.0,0.0,0.0018453456537008198,0.015847686645871842,0.0,0.08513013476595661,0.007808484099898002,0.023532900842417572,0.005247331490267467,0.0,0.0,0.0,0.0,0.011712418688986233,0.00236564118096728,0.0,0.01655425996600268,0.006753400429731341,0.023215505323906344,0.0,0.0,0.0,0.0,0.0,0.0,0.0,0.0,0.0,0.058802826703512286,0.0,0.0,0.0,0.0,0.0,0.0,0.0,0.0,0.0,0.0,0.0,0.0,0.0,0.0,0.0,0.0,0.0,0.012914932779361352,0.0,0.0,0.0,0.0,0.0,0.0,0.006062961348064825,0.0,0.0,0.0,0.0,0.0,0.0,0.0,0.0,0.0,0.0,0.0,0.0,0.0,0.0,0.0,0.016641035976068683,0.0,0.0,0.0,0.0,0.0,0.0,0.0,0.0,0.0,0.0,0.01610885788522895,0.0,0.0,0.0,0.009114146518431792,0.0,0.0,0.0,0.0,0.0,0.0,0.0,0.0,0.0,0.0,0.0,0.021402087618726758,0.0
0.0012858743702687874,0.015434359881825788,0.011097475614357092,0.01887922395916624,0.020906991143701897,0.03435137356929752,0.046720984877623425,0.005413914733241141,0.08745864587116317,0.012364671507224333,0.007618716258507382,0.018598925414359577,0.02231168741900878,0.0391446648275147,0.08316503193186468,0.017533480570831622,0.014584243138221488,0.03602615432287904,0.02406623756411865,0.026875554590482534,0.010146892384699045,0.00671407439495833,0.014299496484102303,0.01350918102789094,0.021482432316845664,0.027615718774456014,0.020489738132535597,0.0241353855580796,0.015606925634233224,0.002492066518569127,0.0024152232456338117,0.18954601334116436,0.016072719045533007,0.058737015757339084,0.0012475052314017264,0.03274139619457084,0.03418340034024227,0.0009671338081174097,0.0008679437809853764,0.06144967138156563,0.00341393842125512,0.05428090735277263,0.014172921614964333,0.011364684955831582,0.026835870227385455,0.02289056965200039,0.01869498709758408,0.0,0.09844406820539123,0.007732359217718435,0.0,0.008274632867200322,0.09095932412076242,0.0016953517689029167,0.11143166370896053,0.05436920259828594,0.09149442751950058,0.08899042382289789,0.08383835428616224,0.0385667264879597,0.04473494699374746,0.0012883600950973346,0.005540281606931119,0.008628132061846792,0.06183555693363594,0.0454934342850506,0.051143810454299686,0.07052019459896512,0.0,0.3065820953859332,0.14395505097294872,0.01924997897476571,0.01593267835410191,0.11818206053222331,0.0024512906539527783,0.0,0.03115745037952185,0.08428371870447184,0.040173700684790606,0.056806292560175185,0.028314428652336885,0.0012091042242472632,0.013314743486655508,0.01884706180905559,0.010012023866828597,0.002412486972599445,0.09786265840849662,0.0003255024501025227,0.0627211106131964,0.00848672958920063,0.013195084737474098,0.07193089512251939,0.044862554252042636,0.003794268634408344,0.0,0.0,0.02171874313354507,0.006363057640773499,0.0,0.03142587958897872,0.0004287611019733704,0.042881837734811565,0.03373740454892182,0.00015561199317633154,0.035632565236440275,0.02731850375122916
0.11226597149391308,0.0,0.0,0.0,0.024396118054026764,0.0,0.0,0.0007660594447814679,0.0,0.0,0.0010897736496356984,0.0,0.006947132992842356,0.0,0.0,0.0,0.01330776469200415,0.007915891815833924,0.05934832007113955,0.00546418129271234,0.0,0.019351744356777455,0.002435891688102483,0.012025185607577024,0.0,0.013731194987365879,0.0160404854435152,0.0,0.0,0.16864961216078542,0.031180666032065835,0.01456948873949814,0.0,0.0,0.0,0.006605100749231977,0.0,0.0,0.0,0.0,0.02409348285552076,0.036428397894591846,0.0022090815881960955,0.0,0.0,0.0005221294897490181,0.0,0.0,0.0,0.0,0.0,0.0238972655842545,0.0,0.10691905508236431,0.0,0.0,0.0,0.0,0.023353442041455542,0.04332029011818984,0.0,0.04458418733598912,0.0,0.0,0.0,0.06039261812069896,0.0,0.0,0.0,0.0,0.0,0.0,0.013768443687590915,0.01777793179932144,0.0,0.0,0.0,0.030519637071591117,0.045148421884839786,0.0,0.05479898840524851,0.07526747270566814,0.0,0.0,0.0,0.018929664569464117,0.0,0.0533391203422124,0.022417275271443944,0.0,0.0,0.004155231861861794,0.0,0.020889646053938504,0.0,0.0,0.0,0.0,0.0,0.01999951263830658,0.0,0.06598244687266638,0.05133135194443361,0.0,0.026187035942511785,0.036845681515014925
0.01732486937833193,0.005909446887061076,0.05816126400648363,0.001716500959157227,0.027174149115568137,0.01765537048365875,0.025958099102717302,0.009768857408691574,0.013310310396297627,0.02492357837512742,0.0046207792908258515,0.04333762001344588,0.030201949477536093,0.05266944505334196,0.024866547450863297,0.020855720977368528,0.011017905394794353,0.1543954026060457,0.035386924768810515,0.02608421469763172,0.0,0.0015723479983391145,0.07469201236755814,0.012049999703500373,0.018844816381769332,0.011323655064925376,0.01944237790836981,0.003646501567787869,0.03024925104410234,0.015982466957069494,0.0045727870974764575,0.018010440180127835,0.00011352509856321641,0.0,0.0,0.01473501590754462,0.008376567665384707,0.01188152398914094,0.06835858380842871,0.11334622808892914,0.0018772557926661096,0.004186024459677178,0.07804750725243194,0.027625547601300454,0.0,0.05898520281199002,0.036050367338106626,0.0,0.07044869027003804,0.036082343275815144,0.05101231580815808,0.06897425813143362,0.05753820880054191,0.030383621498994373,0.01253785610342124,0.024799815985239535,0.004711233548591335,0.023259167015081583,0.12020528404441963,0.009360553127772385,0.010834649967268777,0.04355609252849716,0.045921379236981655,0.004577452218165331,0.023056411221501753,0.05864943521865244,0.0,0.09966204748055678,0.0006560722497728311,0.0,0.0,0.02440194929629904,0.017842786260033442,0.0025143851062917662,0.04823639404107979,0.0,0.05675990818177629,0.0019957223134071415,0.033015150993143436,0.051929788556842646,0.0113979699480997,0.11592404756445801,0.05368633392783659,0.017977230053945192,0.0038988337672637976,0.10727534937691534,0.015892813039005728,0.05059476346236211,0.038044751949458964,0.01039964161695033,0.02313379649465594,0.005134480145040311,0.0,0.0016808574208823511,0.015282585255273078,0.0,0.04863857403153644,0.06965339267959818,0.09401922326666406,0.01832290077422851,0.002709928233326582,0.010486001319098113,0.04241012436980568,0.005574226610652843,0.011921475648653373,0.08453690651914145
0.018199029717458067,0.00034035606321348457,0.05078782519972183,0.05730348014316599,0.027993755985577455,0.04859721967815405,0.012716321194339703,0.0,0.028757476157774266,0.011324975409546524,0.001520314424875565,0.005166399048458391,0.013187051876038343,0.04291465999850597,0.010910454606758557,0.0005025351633976509,0.031604371972539215,0.0,0.0,0.10526264667996568,0.01770543258542224,0.008371761762612666,0.06868942562195401,0.03012793845400768,0.06401994897982163,0.0,0.01554448369302565,0.01548286414418914,0.0,0.009486231342949632,0.0,0.015376623574562235,0.028389104706765284,0.0,0.0,0.1372980078999242,0.01785901893153101,0.07253519013431894,0.01986008613388799,0.0,0.09877912832389082,0.13095967042619414,0.0,0.041764280846617714,0.0680404517419715,0.017783965164328133,0.1578581927191269,0.013928156394894763,0.0,0.0035518217980913852,0.14592747320884372,0.027280806312952044,0.02768353804507445,0.00556674967670196,0.0040911723611862265,0.011039269844713762,0.1292230091626029,0.002820501089877148,0.020587638751402737,0.050610046043316585,0.10615834881197604,0.015390593400096554,0.0,0.010618511685345123,0.019572726064601274,0.012864559313153648,0.015851277882966204,0.0,0.03490976125214959,0.0,0.0,0.02026437290728963,0.0026955703477953914,0.022759748927765586,0.08610750537020244,0.0,0.025260371969385433,0.0046685168613659934,0.039648662734345516,0.003620406970993059,0.13128506913985696,0.024843734583152585,0.0,0.022038045910020315,0.00033531574566845806,0.059221093094834955,0.04619943594191291,0.038238707957279856,0.005140645226614574,0.06691397230358594,0.0,0.042649204838213155,0.05664800575907011,0.0,0.08991006400657624,0.010523218794265548,0.026462856734898826,0.07582181570548277,0.021493129263190157,0.0245962084785655,0.03063631662265487,0.016882509983203026,0.005652479065282814,0.03295402733353953,0.03939922399960955,0.0039164958074851056
0.0,0.0,0.0,0.07842638173236098,0.0,0.006202287200598028,0.01957544433721903,0.0008169194149494823,0.0,0.05522332105595099,0.03470940094503804,0.0,0.010163874400183846,0.13028161247831518,0.0,0.0,0.0041347496920156775,0.010238191088247155,0.0,0.0,0.0,0.0,0.012471301292290718,0.01438752989228209,0.0,0.0237810983360207,0.04627369780535437,0.03081804050416419,0.0,0.0,0.0,0.0,0.0,0.0,0.0,0.0,0.0,0.0,0.0,0.0,0.0,0.0,0.0,0.0,0.0,0.0,0.0,0.0,0.0,0.0,0.0,0.0,0.005538373853734805,0.0,0.0,0.0,0.0,0.0,0.0,0.0633263482779032,0.0,0.0,0.0,0.07667598224318087,0.08453951965042367,0.0,0.0,0.0,0.0,0.0,0.0,0.06466108611458768,0.0,0.0,0.0,0.0,0.0,0.03700425083778723,0.0,0.01040417959504026,0.0,0.015490400122810983,0.0,0.0,0.044198937408628305,0.0,0.0,0.0,0.0,0.010498767908737805,0.0,0.007435067068346701,0.0,0.028247134502002672,0.0,0.0,0.019599152287440455,0.0212550120989721,0.0,0.0,0.0,0.0,0.0,0.0062547783955990205,0.0,0.03138128540615619
0.0,0.0,0.037261759949271576,0.01326761813317489,0.012809099432610282,0.0,0.056683773497397685,0.01853950254012043,0.0,0.0059644152223750566,0.025813256202732962,0.01908669394396424,0.007687774708265567,0.0,0.09371550219304066,0.0,0.0,0.038843564793389324,0.0,0.0,0.0,0.0,0.010306338717610546,0.0026465130142547086,0.0,0.015575282898060917,0.0009490514956046927,0.0,0.0,0.0,0.0,0.0,0.04740524138516599,0.0,0.0027810730555273594,0.000713185106599498,0.0,0.0,0.007894000995102337,0.039067498008887175,0.0155034086172815,0.0,0.03747289953310296,0.0,0.0,0.0,0.0008199651575652953,0.0,0.0,0.0,0.0,0.01904195189818529,0.0,0.0,0.0,0.0,0.0,0.0,0.023120686968981917,0.011216467967071698,0.0,0.0,0.0,0.0,0.0,0.0,0.0,0.0,0.0,0.012863808986557436,0.0,0.025717608935649495,0.048161121744937495,0.1451736866019785,0.0,0.0,0.0028039316674502235,0.0,0.0,0.0,0.007904038224245647,0.0,0.0,0.0,0.07668667876320935,0.012620616155172296,0.03318706815172244,0.0,0.09988921626738761,0.0,0.022496372239706363,0.0,0.024435459958127497,0.028508310857018694,0.0,0.0,0.037777079767788234,0.0,0.0671590521023823,0.006686881455382125,0.0,0.02339419035477872,0.0156379471277121,0.016171481950330302,0.00933380562813525,0.0
0.04004772433768268,0.020943884072173295,0.027622025116717342,0.04485660766415178,0.023805514581530185,0.05335864356499721,0.04917721618735059,0.0193072622528433,0.022248654700204873,0.02484024133984339,0.005511814965301631,0.03792414336371537,0.007786020205084587,0.02378421878529986,0.026702869825402598,0.004299109360570001,0.07130659749983392,0.07691632135381767,0.012759747559980439,0.08152653813188643,0.0021165850103933206,0.04845077123264842,0.02545450379259576,0.0033019710027146682,0.1048706978617251,0.007778074859322868,0.012376433480239618,0.01713788054702135,0.235488510982716,0.01333740093347954,0.03170533029239407,0.019340573794329095,0.042375914949264404,0.04230882053820184,0.0,0.0,0.0,0.020265069913184098,0.0,0.0,0.07134442733885728,0.0671518949679566,0.005943429428594571,0.020663047381981686,0.3013065880748529,0.029941233140606007,0.07028679637643942,0.0,0.08323236814059061,0.004273758798169379,0.028846526854623442,0.022757882908950176,0.01250009815212946,0.024130325959238853,0.0007964849651992226,0.020829047440803234,0.040897068337202185,0.08667142284180437,0.033618005462573874,0.007826446010222995,0.05086409587877478,0.016622025245798987,0.012237345950172292,0.05320092336819208,0.048182487389037014,0.07789382430009044,0.010058096757434881,0.0,0.06512241746034587,0.05784781545874692,0.01957612408764335,0.006424927026584086,0.0376873418833328,0.005682241168381747,0.0003562993108580803,0.060290062698278045,0.009715782675511929,0.012325093747362575,0.0005127788073470463,0.027624317030061657,0.0021263003910131136,0.003037398076638382,0.07127985611007365,0.04312448886494101,0.042887845159739035,0.054282674954710425,0.02492599451477682,0.017220541599397295,0.03781534779169119,0.0,0.009380276046814897,0.019855509524777135,0.04424874338156445,0.03545847729925807,0.01560287461795282,0.0,0.003242855304868818,0.0535997903504211,0.021220627006170778,0.03046251071168676,0.025364863840743,0.026235009986705065,0.0,0.01148078806343901,0.06168837880575419,0.002519173718907233
0.00820958715523124,0.0,0.0,0.0,0.0,0.0,0.010737517968607979,0.0010982010161742078,0.04253309663751127,0.03550414421295516,0.039121265281374426,0.0010155907088972404,0.0,0.0,0.00010980768731272033,0.027938407950253725,0.06210096151196271,0.0,0.0012957655087291106,0.09270426635992357,0.03456617358024599,0.0,0.0,0.0,0.014230950852882042,0.0,0.0,0.015659362594957097,0.06661864095107196,0.0,0.02685355621981783,0.007837067163096524,0.0,0.0,0.001757636912113047,0.0005917901952337774,0.029303103650961018,0.050216321946589614,0.08981281660702091,0.008091243414988004,0.01824712863780363,0.0,0.0,0.04672120328498823,0.0,0.0,0.016753915643238918,0.0018088020066118235,0.0,0.016900722633534496,0.0,0.00984519805581694,0.0,0.0,0.01387658991819575,0.026682731231395418,0.014072253560891965,0.01461847452947344,0.0,0.024726560721156157,0.0,0.0,0.0,0.0,0.013454342257972138,0.011554529841780391,0.04387935476418053,0.20303265909190527,0.03678486910202201,0.0,0.0,0.0,0.05071262070352669,0.0,0.060878577605075104,0.026731195406539492,0.0,0.0,0.0001373018020956971,0.0,0.0,0.018382320475661205,0.017982173375983585,0.0,0.016289101849426675,0.037781797949959166,0.11419234724565601,0.017527538235216824,0.02182491687691441,0.004745425648500474,0.0,0.01555623307262866,0.0,0.012468526777301482,0.0,0.0,0.0,0.016057945216737552,0.04643057555435967,0.01255956180778351,0.0,0.010867145836606227,0.012155214693110308,0.011406326539801205,0.010845428864273511,0.1073380153070812
0.0005936419210889888,0.0186985460767241,0.043906266581287545,0.0,0.024930784454863845,0.0,0.0008534676156250964,0.04459255545812954,0.0,0.01102735568994579,0.01265210478639926,0.011861408400328172,0.0036345370667066686,0.0,0.01001211865506253,0.05218755341989122,0.01766200289672885,0.005410592014076645,0.022453471828331285,0.02659471194102197,0.09560492833810823,0.06956052897208005,0.008346974306187523,0.0027185899273429316,0.10007355059174512,0.02097691927412676,0.060304434141488915,0.016657160552030304,0.0,0.036403839717738924,0.042905978892753376,0.061667098784780355,0.07029784736744195,0.02093821306860775,0.0,0.01274074385325053,0.0,0.0,0.008492336482206729,0.009587354910339442,0.11729876646531726,0.19555824833781468,0.019833284148421688,0.0,0.0,0.0033367952542067026,0.02075390105328445,0.0,0.059420579120927575,0.04878283829147317,0.0,0.011542543511125129,0.0,0.1081053901200342,0.023851907737146676,0.0981897253305564,0.1038846808193897,0.0626043231421935,0.02931384585418799,0.009486571286870617,0.005047512605686053,0.0751448334002737,0.03551433988535466,0.0,0.09322757136961786,0.0043115185595590235,0.03671205616092478,0.02347203928070355,0.0,0.0,0.008270372290805694,0.06261204584547383,0.003104837645954873,0.011983208137954868,0.0018015637184958236,0.0,0.02376539598062006,0.02999055164029563,0.0030774011817402713,0.023335717954685503,0.0062815561180755404,0.0769709767108726,0.08665019402851944,0.0,0.04037796925672656,0.0011345699005085223,0.0,0.02183244627979558,0.0046546731203955935,0.06678394210649304,0.07082043858899253,0.0033743397635838013,0.0,0.027173266824631306,0.030996563464399468,0.0,0.0012536631789766604,5.710923697440324e-5,0.0,0.07310833486348214,0.05581691332406156,0.04164141193884199,0.0012123898706911079,0.04667703897977905,0.035281272463556765,0.022033585524935045
0.0,0.0,0.007458326167907904,0.055681976558476176,0.0,0.04357007108288049,0.0,0.014846552088841666,0.03460400748989756,0.0,0.0,0.010855097461104142,0.001903957190059265,0.0,0.0,0.0,0.0,0.0,0.0,0.028522134512218578,0.0,0.03299340331947642,0.0039412663381798085,0.0,0.0,0.06802527488168875,0.0,0.00022442910249281304,0.0,0.0,0.00618746163423836,0.0,0.0,0.0,0.0,0.0,0.016099523331749643,0.0,0.0,0.0,0.0,0.0,0.0,0.0,0.0,0.0366415648827305,0.0,0.0,0.0,0.013396925701626266,0.0,0.04240535852889196,0.031944029066166384,0.0,0.0,0.0,0.0,0.0,0.0,0.0,0.0,0.0,0.01942098713843296,0.0,0.06724202017307597,0.029022194151862343,0.12321566977677603,0.0,0.0,0.0,0.0,0.08647605026398171,0.0,0.0,0.019446274832828802,0.0,0.0,0.0,0.0,0.0,0.0,0.057223305693836685,0.0,0.0,0.0,0.00025362899939539814,0.0,0.0,0.0,0.0,0.0,0.06482500508583507,0.031048245477689272,0.0,0.0,0.016343506805830778,0.09998144179199026,0.037469030016130035,0.001415656616185373,0.0034289549750434775,0.010147483501028315,0.010167079702202219,0.05332802461146928,0.0,0.0,0.016336468226727838
0.0,0.0,0.0,0.07088990197413451,0.0,0.0,0.0,0.026731742864190628,0.0,0.035050412967476435,0.0,0.014061078371438256,0.0,0.05491429841636102,0.056957038185805345,0.009033812473700671,0.011182919448213249,0.019297243343902547,0.07764253716413916,0.0,0.0,0.0,0.0018905644537779403,0.031560336939848076,0.0,0.0036958910376332786,0.03896248060072821,0.0209074108059287,0.0,0.07562924360164339,0.0,0.0,0.0,0.0,0.0,0.0,0.0,0.214519128603218,0.02216161768912372,0.0,0.0,0.0,0.0,0.0,0.0,0.0,0.020243439118354,0.0,0.0,0.010056754837007537,0.0,0.0,0.1045579625125673,0.0,0.0,0.024012611662756398,0.0,0.054037475032628145,0.0,0.04746228602252462,0.0,0.0008976920170901245,0.016847003024487866,0.0,0.04409179314023843,0.0,0.0,0.0,0.009137613166385995,0.0,0.03482258782226275,0.0153111309296342,0.09125158063996347,0.0,0.0,0.0,0.014668844709479855,0.0490461285352391,0.0,0.0,0.0,0.0,0.02939050335439797,0.015093921588900617,0.0,0.0,0.0,0.046766080849652995,0.0,0.0,0.0,0.0,0.0,0.0007688735856853114,0.0,0.0,0.06075668922958806,0.02032616759785494,0.003129350177040496,0.05031937068184759,0.031170738542774943,0.0,0.022538128013149243,0.034746841208589764,0.0,0.0
0.0,0.0,0.0,0.0,0.0,0.0,0.0,0.0,0.0,0.0,0.020857187381899994,0.0,0.0,0.0,0.019879482260241513,0.0,0.0,0.0,0.0,0.0,0.0,0.0,0.0,0.0,0.0,0.0,0.0,0.02596111033898232,0.0,0.0,0.0,0.0,0.0,0.0,0.01127851731000933,0.0,0.02084938334412361,0.0,0.0,0.0,0.0,0.0,0.0,0.0,0.021326923985729027,0.0,0.0,0.0,0.0,0.0,0.0,0.0,0.013698608543512293,0.0,0.0,0.0,0.0,0.0,0.0,0.0,0.0,0.0,0.0,0.009237519419391257,0.0,0.0,0.0,0.0,0.0,0.006837786846801072,0.0,0.0,0.0,0.0,0.0,0.0,0.0,0.0,0.0,0.0,0.0,0.0,0.0,0.0,0.0,0.0,0.0,0.0,0.0,0.0,0.0,0.0,0.0,0.0,0.0679897758925527,0.0,0.0,0.0,0.0,0.0,0.0,0.0,0.034636444796170736,0.0,0.0,0.0
0.020082327775966073,0.011166837869268129,0.003088727803535667,0.03167046621036495,0.00602984047314902,0.0010828152854875574,0.01709062748082701,0.045924141449821446,0.029156877497083396,0.006604559476835082,0.031962759024707466,0.035825531274953,0.009343267786427795,0.0,0.013087773561831993,0.028396451496509264,0.03148158358430161,0.025729527559770208,0.01823359779362683,0.0286654657926584,0.04357576610008772,0.0,0.027387219711146285,0.0008357056978281084,0.0,0.010692767826712432,0.0005909993467417847,0.005463349161225948,0.0,0.0,0.013233077447389769,0.0,0.012913891472917209,0.02288159675033046,0.10805827820281264,0.0,0.03275901236873564,0.0470354741312555,0.01774150041605919,0.0,0.03353407695671907,0.024479086616137295,0.00566847200835548,0.0,0.0,0.059324614331976604,0.0636218027382031,0.0,0.0,0.02038505080335253,0.0,0.040486957961916696,0.0076797198636402095,0.0,0.12076745792334573,0.016682288731160153,0.044670561312464406,0.027132185238793967,0.0,0.00013132859437162595,0.0,0.029217864835304037,0.0961193949944309,0.0861568423786815,0.04044280479787493,0.02094894624633877,0.0,0.001921471239760459,0.0,0.0,0.06164659324014606,0.03888581718816038,0.008910879212874999,0.03679665181523975,0.046172362326343044,0.0,0.09232923257174466,0.031198782892850496,0.0,0.029576211602927366,0.08605445992250921,0.009099099589437427,0.04730335089028046,0.03366349720742179,0.031127185405640887,0.006547429170643236,0.0,0.03384630765364294,0.0070377945115349195,0.03744217596310957,0.0,0.01288370102010265,0.004983654245232187,0.0023372894785514448,0.08978198314831808,0.0,0.0,0.0004277777214588494,0.0,0.00937940733999952,0.06483939637857229,0.021710522646342535,0.00699872894071499,0.023483053417332575,0.0,0.04764924147997676
0.032697868378363186,0.0841907911842046,0.019073720481186014,0.02915629646267144,0.052255047689708234,0.0,7.391229795059355e-5,0.046525040470696596,0.038599152367804444,0.007676650150774265,0.023172440846998724,0.01835134583863352,0.1423211983450963,0.024221780069598346,0.02782780946069922,0.0067404890346859,0.06518331375020393,0.01712658020821037,0.00810860053975316,0.018455040105295015,0.04090618880201955,0.04636978105719992,0.015014668475701357,0.025929825226970404,0.025166570063487517,0.013481833702545559,0.07022821716312774,0.08584211650184616,0.013814357091415812,0.062412376676533446,0.08171902859049926,0.008693804962503148,0.002310192420091861,0.006966805961004091,0.16859383707250283,0.09917007908973666,0.06786863027407111,0.05899549902040757,0.01303391199947792,0.1088778114290543,0.041436181209542185,0.06228817520204159,0.02843947839430856,0.02676742541821688,0.0,0.016997381324015456,0.029988648983022358,0.00579289892042918,0.007947477506702222,0.02649272887954235,0.0,0.01952099020154214,0.03995158667722024,0.03520611884477349,0.03630685773409618,0.003246431184993159,0.06500302474890687,0.009043547978946928,0.005491986674791004,0.004597303333630317,0.03462079991942612,0.05492764160313641,0.00582307524157647,0.024312325744245314,0.04345563074835007,0.008841184569435735,0.158758183995037,0.025405802151687917,0.017694704088149386,0.01396528772221494,0.021808394704026596,0.0027670316630555554,0.010499307525106335,0.001103627047505604,0.008712151041728247,0.0,0.12588795006730905,0.0018378936397074439,0.023499915967607338,0.007269109598869983,0.02174247233724414,0.042906249448196654,0.05194894898701514,0.01578808901871993,0.011595881194781842,0.005295122946576088,0.011723594432403233,0.016919707892826458,0.011590951260814894,0.010931685732940281,0.03501344278751704,0.011298307722488073,0.02667200058199516,0.007305749147317463,0.030183876905585497,0.0,0.011422244405480344,0.004420477418488372,0.006807766382717088,0.011829505749263286,0.059587961781023796,0.006154456361802353,0.008589107616710029,0.011347567965328762,0.09659465429780012,0.0073244907811927445
0.025480406344665408,0.018556866752191602,0.022140863406499112,0.008960749281200265,0.024300799569842643,0.07282804898115039,0.02001045506037045,0.026398187146989636,0.00470945613458426,0.07491511898618225,0.027243166182746904,0.07840592775351277,0.028959101266265736,0.005126594911662661,0.09590194536085343,0.09192510495353835,0.0043159103514234295,0.022444826340034096,0.0571665269243514,0.041757305108222856,0.036310821256971715,0.07336564687736276,0.011430322555822622,0.03497341223026161,0.13361411971779238,0.03598941988119373,0.003399617373127073,0.004653227214355822,0.03530095797418265,0.031426017662788366,0.01911629612570986,0.02211107154858621,0.03656267492896643,0.0,0.0,0.04357803016229157,0.04493886795882689,0.0332319495667304,0.0,0.10507578687211314,0.01151931290564422,0.020857184357365444,0.020292453190468046,0.0102289705653499,0.01023699106257705,0.011087003113813743,0.008391977369891116,0.0,0.09279731616465196,0.017646239158119918,0.008726347034007455,0.0410771306689289,0.043972806387182026,0.02865547024899357,0.012871766481130685,0.05850406731840559,0.024100278943982752,0.012112336726925653,0.009211063418660745,0.010166003098080592,0.017569267088262508,0.1150681437808501,0.025049437010374896,0.03666599669295932,0.010059944642926352,0.013343729313046235,0.07599083642975564,0.0659907454150124,0.004414926728368382,0.23371453378354795,0.0025416181284999262,0.005750752517609991,0.010498974260867693,0.05924667522224047,0.0713325135130372,0.00860334493137883,0.031354665603577615,0.012345941889006765,0.05283394012674163,0.0026689046026378807,0.00605170800045026,0.01573462337012425,0.05681811516138123,0.02816491759979975,0.08696679494525415,0.005844900761328207,0.05274031391129837,0.003080932025917515,0.006313736285329095,0.01762050381528574,0.07664268596199177,0.051633887152464704,0.0325293120347401,0.0271984352022961,0.024826737230424074,0.0,0.04894711891618557,0.02818473042147262,0.004403797605340931,0.016308166906878276,0.008424066719638435,0.014612574880498542,0.03775071378084732,0.01851535692743294,0.0016717848294396,0.07288528830337036
0.08954692471691429,0.021214252493022667,0.030260252242866936,0.0030588953113057675,0.010323411888473698,0.016297267709750363,0.004748679606112048,0.0036143364253580436,0.0037134549203045983,0.013663899004383171,0.03503223801341965,0.1506429482360601,0.019761619165829653,0.031775144159442305,0.031978655685096294,0.006749171686795232,0.008167752466350448,0.010028391005391157,0.011414279586378827,0.0015042375481127653,0.22380363069857556,0.0038403130866192657,0.0009171006978681598,0.0814083314989916,0.0,0.007776809569803285,0.003901504555065265,0.01938964073609246,0.0,0.04646779225825713,0.024134486952453668,0.08536623465050963,0.013944760213156984,0.002124374661516789,0.009801305087109871,0.11588540177865034,0.013710104970786431,0.015269986879275515,0.0007905402868320431,0.0,0.058024167711974654,0.0,0.0,0.051500083494490485,0.044013318169145846,0.06583617109599128,0.0,0.07695901185941426,0.02228690211216799,0.07782740790916412,0.04336858721643887,0.054031100399885346,0.0,0.0,0.061954021760443435,0.02318568578414044,0.033422388661851814,0.07253766140133872,0.022348285246550928,0.02284961465368405,0.06090843174813595,0.010160738698244222,0.010981128046975458,0.03587298756039456,0.01411611328102053,0.011698965442886197,0.005160534325667028,0.0,0.07833297005535507,0.0,0.07307431021997438,0.004486776160579481,0.0,0.0,0.03029177702791194,0.07246882949517057,0.1123583435800026,0.01277081667858898,0.029114399632953383,0.039293899710501665,0.045137837308869395,0.009635696088097636,0.010158260734274446,0.055607411983838104,0.09166427747137228,0.008031880385503867,0.0063245226157575855,0.03555309774218825,0.0023171601035254824,0.00116269399099785,0.018606171330142703,0.025822400090517155,0.024539964267096342,0.000328888694895186,0.05892722130181357,0.18552871952355196,0.025015036174876513,0.011151725920783154,0.0214097354544442,0.02569339730795466,0.09727476697131195,0.023100015134400475,0.01331891732667769,0.0011596507971806222,0.05021857801155338,0.011718699158667927
0.0,0.038494253990705087,0.0,0.0,0.02458203851719887,0.0,0.03216193311067122,0.0,0.0,0.03582740939563297,0.0,0.0,0.00769263200020476,0.028275286758110137,0.010484337121914716,0.01578176671998626,0.0,0.004336689651085799,0.1063144345481228,0.0,0.0,0.0,0.086205634247251,0.0025621704497659505,0.03972761566327746,0.0009339533415035224,0.0,0.0,0.0,0.0,0.0,0.009067409714270568,0.0,0.009536328553136849,0.0,0.002286828364805859,0.0,0.03528188810471226,0.0,0.01924777266699892,0.0,0.0,0.0,0.00017990341229590502,0.0,0.0,0.011743702189050425,0.0,0.0,0.0,0.0,0.0,0.0,0.013782122496952617,0.0,0.0,0.0,0.0481745449691754,0.06873590018190248,0.0,0.036969596076833096,0.029634440672292903,0.0,0.0051184919986222936,0.014423045483813528,0.0,0.0,0.0,0.0,0.0,0.0,0.0,0.0,0.07384320666424872,0.0,0.0729000196832394,0.01733921559871894,0.16967175248309935,0.03187588004583351,0.019420503931024253,0.026855191686419127,0.0,0.011111252042177182,0.0,0.0,0.0,0.0025319297071995438,0.0,0.01731810394261251,0.0069419331949967895,0.0,0.0,0.0,0.0,0.10758623008920945,0.0,0.0,0.0,0.0,0.00665465862013419,0.0,0.0,0.0,0.021057932218447935,0.008314869888496829,0.0
0.04968786838316026,0.0,0.0,0.0034458379670975568,0.04914572168700934,0.0,0.00863108302033591,0.0,0.0,0.02435963873236784,0.026442176508592822,0.0,0.06979928809131955,0.0,0.003404139025301655,0.031157298668589403,0.0,0.0,0.018842052214708933,0.0,0.0,0.0,0.005760027667140729,0.005253785045752986,0.0,0.02723379415206206,0.0022274404027525885,0.028941335430360517,0.0,0.0,0.0,0.0,0.0,0.0,0.0,0.0,0.0,0.0,0.0,0.0,0.0,0.0,0.011322995811785528,0.0,0.0,0.0,0.0,0.0,0.0,0.0,0.0,0.0,0.0,0.0,0.0,0.023625891729586374,0.0030193196504541536,0.0,0.021093800422408587,0.0,0.0,0.0,0.0,0.004191503990821959,0.0,0.0,0.0,0.0,0.0,0.008701481778062507,0.0,0.014788885809907209,0.002623012351350574,0.03703160279669614,0.0,0.0,0.0,0.035743213696976125,0.0,0.03400887226403593,0.0,0.0013063189652911845,0.0,0.020741681898467985,0.0,0.07916210455183108,0.0,0.03692594727451472,0.02185925741476177,0.0,0.016831743194941136,0.0,0.0,0.04770844946215479,0.0,0.0,0.04356505448119698,0.03311198890699712,0.044687888487322976,0.11172651624672844,0.014520943057950386,0.04057311709419297,0.020773351571306917,0.05141895623225413,0.049458774165758064,0.0
0.0,0.0,0.03146548592345062,0.0,0.0,0.0,0.0,0.02540164911798005,0.0,0.0,0.0,0.0,0.021393643873894534,0.0,0.02455255268516982,0.0,0.0,0.0,0.007162356677684377,0.0,0.0,0.010237826466827072,0.03220217746892792,0.03388676278260341,0.0,0.024102531762487465,0.04057920835644888,0.0,0.0,0.0,0.0,0.0,0.04261850008343686,0.01933978118556999,0.022052808758094802,0.0029632419458114614,0.004735800382056221,0.0,0.0,0.0,0.026193415105517617,0.026205187597125323,0.0,0.0,0.0,0.0,0.0,0.0,0.0,0.03196062436474064,0.0,0.0,0.0,0.0,0.0,0.02517322001639185,0.0,0.011133896366301802,0.0,0.026242687529513472,0.0,0.0,0.0,0.0,0.0,0.005456293932363423,0.0,0.0,0.0,0.0,0.0,0.014102500754501129,0.0,0.0,0.0,0.0,0.0,0.01313562996517875,0.0,0.042457972602732034,0.03204487314973566,0.0,0.0,0.004755682583944743,0.0,0.011631075943524444,0.0,0.0,0.007058921570200618,0.0,0.0,0.04337112669590995,0.0,0.0,0.0,0.0,0.008062813291191196,0.015402887346032474,0.0,0.0,0.0,0.0,0.042980937089494235,0.0,0.0,0.02104207766381274
0.0023239902565552356,0.021261730049534612,0.02734057597803524,0.056310783056021226,0.0008669861863581855,0.015962804632570226,0.046901073628800145,0.029266620721101116,0.1385674933907943,0.024841253725758895,0.05541152629723626,0.042408916423250155,0.008240925788371854,0.0014337110837254253,0.0008026707009922634,0.02266361166294283,0.006982688760087644,0.0370980849563551,0.003456128784173389,0.04096370287954792,0.13497447862900108,0.11802212355701946,0.02599084249247018,0.027821271330866357,0.0,0.023472763428193315,0.011244273729143077,0.03571017676263737,0.07575486256416097,0.1407606214621305,0.01520074438816823,0.040027620613442345,0.0025948384422429657,0.0038322811289253117,0.02978805647521216,0.04582012513051149,0.03479380238166007,0.014431572810142252,0.1254485027782625,0.015704475976333662,0.0013985061174790331,0.011567900322839804,0.016269607469513604,0.0,0.026958739490315013,0.04621137783620836,0.00019064164019687508,0.0,0.027264396261977752,0.08254143683392338,0.02565161342645758,0.048482906967571265,0.03940977794432514,0.03243544247146717,0.01244526900215997,0.007413054668842309,0.013129383775477713,0.02909757683974697,0.050309441346714244,0.06545986861043118,0.0,0.010559122514512754,0.03874860520218982,0.024090138584066164,0.031616567260182186,0.03226413485830604,0.0862368277454445,0.0,0.0625320954844683,0.0,0.011491321664227836,0.01083762621685873,0.019676109389854375,0.020181698268823194,0.011513458995404364,0.03535652347690579,0.10030282336058693,0.0016121071030875446,0.06505662690513153,0.03585945669750113,0.018189468438601496,0.006242950933419869,0.033737165596691585,0.015693687125854262,0.042062604850550335,0.03859753422747518,0.006606758427479487,0.09176637372686014,0.04463202657583896,0.0,0.11462169599950697,0.006887893286346206,0.021908989130489658,0.009867244902644103,0.031190551729695204,0.0,0.025417140520263327,0.022858655478984493,0.1008056644551587,0.001651958626181382,0.053591163964653736,0.1034049851738248,0.037697113550973035,0.05423079578766599,0.0015357020091720664,0.022924589211826
0.020778318938613885,9.291236240179276e-5,0.06733854022946234,0.0537427310256793,0.031173383903272584,0.01408251426738862,0.039282774908472956,0.0016004955577374992,0.026194003495186125,0.0012124577123004251,0.004439651084478019,0.015274377056840703,0.026896489453302124,0.012641037873214162,0.018634481694325522,0.02372450892676044,0.024107543717854008,0.0012009504552206146,0.01348152592234387,0.05057128863766807,0.008261483070348425,0.12623361977361036,0.046689212639262304,0.06956105601773253,0.03185767034684246,0.020100642454006147,0.015829227827126074,0.008780922773982368,0.1819211369736991,0.017916605982277733,0.04709233794582131,0.03641787769475271,0.05472654064351753,0.00027714824884508333,0.013171544987227524,0.03633719844215411,0.023748395398059542,0.02437050945663468,0.06963434572891837,0.0459602032512602,0.023463500967674192,0.04685980789497824,0.10279003213957669,0.08996001112827832,0.060976496552298864,0.009040013910114258,0.004129113719920955,0.13283492865202504,0.09043395693691926,0.02359477910568423,0.21329085474064216,0.0054285750017801625,0.011959636191920366,0.02658506362851908,0.009477254438730013,0.03538923956791282,0.05617672470640306,0.029165996002984505,0.005440102576636081,0.15621320898911994,0.022477408355413463,0.0035126838535569187,0.0009975668740865847,0.050312886015508776,3.683039566475855e-5,0.04744480229378614,0.006873181122783126,0.0035194834521729635,0.0,0.12193680794581511,0.08419273167201424,0.016645607648259782,0.008118276892358145,0.0040556233710659,0.00292380975215673,0.006256339823129375,0.02245415323085406,0.027889719120797053,0.05191217237411383,0.10757078149873961,0.06999677638966319,0.054832769340367786,0.04970906010712718,0.023854774760048075,0.00246259845876873,0.03448498446454633,0.000920587637645444,0.0106773038526092,0.006981452819328501,0.026175183413475887,0.026177107434358728,0.09366679093868169,0.17308737666753035,0.05232539039426779,0.044955133426685986,0.029467246527151696,0.010868786782440904,0.019829172522474136,0.06385817444247094,0.02322170010415773,0.013606721514688338,0.038346851835565236,0.026895042231979915,0.037096440931873365,0.024646909405898306,0.018463352074477853
0.010814203828448797,0.0051985815666438515,0.033857041917255186,0.015158856939754987,0.004512285188277316,0.0118417625247867,0.009644592502195284,0.0005941055478855726,0.08471442218366054,0.014938172743803938,0.0033976824948793046,0.00456503879049059,0.020829047194635485,0.020588626035672165,0.02045844995393433,0.008446631933770205,0.04606092651443288,0.011096933344465366,0.024912923361921323,0.061852812123339346,0.005953784252771442,0.008731035765800097,0.0009490514447415655,0.006777100396922539,0.033745338260469035,0.02055997857668552,0.006015465081194471,0.018069885421703357,0.03379638846628822,0.02411489590759672,0.02274778479158933,0.015977965827381122,0.0028455862862379884,0.02121212511805524,0.035604346958432606,0.04728444782940213,0.03328960451848583,0.02201784580100187,0.006516400804348464,0.10221984328680918,0.024876784955306878,0.007106184716749433,0.010073696156676021,0.004500475231129146,0.02423386433954532,0.005412960981592383,0.01616072148937806,0.021480490126551226,0.030558630404952648,0.026426913167602824,0.10771060610982915,0.06492756405902388,0.09488098435922793,0.038328834795292754,0.03537815504299857,0.011982148374317908,0.0033581441971847624,0.022056109594228202,0.006243707530220819,0.023877089059260496,0.028831135690946703,0.057627035162038244,0.005119503199291547,0.05158628152080569,0.029102131579145304,0.008362655868045034,0.05234955667440155,0.003716022781768245,0.03458527928035397,0.2060811085094653,0.011848928428626568,0.00039022598473258043,0.0018527146833309464,0.0057819622463708515,0.018524897213468988,0.009603810651297803,0.01744746900911565,0.00384297586426796,0.10288042145072157,0.009332621424652205,0.017691529778390662,0.001635643168610144,0.06427060925625348,0.00487984397001968,0.03885981813792372,0.010292470529302345,0.1362840882322287,1.816550889005925e-5,0.018856531279398136,0.04029421199974993,0.01112712032743037,0.03642115791356697,0.001723024500774146,0.004733689738000077,0.06714947856604964,0.04246827563224595,0.012548208949590873,0.014320520226665094,0.028517619115028203,0.055272563425985105,0.04712354012923663,0.06372191168489115,0.051576492037115854,0.020916612368648613,0.025159068562084497,0.025210625836717047
0.0,0.0,0.0,0.0,0.0,0.0,0.0,0.004321770709197084,0.0,0.0,0.0,0.0,0.07809361857065336,0.0,0.0,0.0,0.0,0.0,0.0,0.0,0.0,0.032198564234141164,0.0058314260438898455,0.053465386670699,0.0,0.0,0.0,0.0,0.0,0.0,0.0,0.0,0.0,0.07418869748789544,0.0,0.03682553208898064,0.020622126585916858,0.0,0.0,0.0,0.028696319190625843,0.02829893059549104,0.006634242582197136,0.0,0.0,0.0,0.0,0.0,0.0,0.0,0.0,0.0,0.0,0.0,0.01204914053005138,0.0,0.0,0.026859193780691647,0.0,0.0,0.0,0.0,0.0,0.0,0.0,0.0,0.0,0.02409065755250129,0.0,0.0,0.0,0.0,0.0,0.0,0.0,0.0,0.0,0.0,0.0,0.004225577154858807,0.0,0.0,0.0,0.0,0.0,0.0,0.04398439795160889,0.0,0.005879942841290766,0.0,0.0,0.0,0.0,0.1073533147287116,0.0,0.0,0.0,0.018364054189875738,0.0,0.0,0.019859211661893816,0.0,0.05821614985641418,0.0,0.0,0.0
0.0,0.0,0.0,0.0,0.0,0.0,0.0,0.0,0.0,0.0,0.0,0.0,0.06374902902576612,0.0,0.0,0.0,0.0,0.0,0.0,0.0,0.0,0.0,0.0,0.0,0.0,0.0,0.008568392829277585,0.0,0.0,0.0,0.0,0.0,0.0,0.0,0.0,0.0,0.0,0.0,0.0,0.0,0.0,0.0,0.0,0.0,0.0,0.0,0.0,0.0,0.0,0.0,0.0,0.0,0.0,0.0,0.0,0.0,0.0,0.0,0.0,0.0,0.0,0.0004689638294041469,0.0,0.0,0.0,0.0,0.0,0.0,0.0,0.0,0.0,0.0,0.0,0.0,0.0,0.0,0.0,0.0,0.0,0.0,0.0,0.0,0.0,0.0,0.0,0.0,0.0,0.0,0.03812717487185542,0.0,0.0,0.0,0.0,0.0,0.0,0.0,0.0,0.0,0.0,0.0,0.0,0.0,0.0,0.0,0.0,0.0
0.028101038163672643,0.0057781285467530825,0.011997354457083173,0.06458802882335951,0.010255004872556055,0.055876719686174366,0.0,0.013954473904649356,0.0,0.020415410689951143,0.0,0.007603959330014483,0.0,0.0070864678789983844,0.004803574051243749,0.0,0.0,0.01090244796353332,0.010779566676697723,0.0,0.0,0.00589699120415888,0.0343083117814799,0.056961747220761444,0.0,0.04893635283287279,0.025313927434719708,0.0,0.0,0.005922902682389267,0.021734266349654016,0.0,0.00751265529863881,0.09333166220610642,0.029860733459849766,0.0,0.0,0.0,0.0,0.0,0.0,0.0,0.0,0.0,0.004136773154183157,0.0,0.0,0.0,0.01978926500673216,0.06422691480445111,0.03381510494707283,0.0,0.0037141149421252083,0.03395988551834374,0.008901471111072264,0.0,0.0,0.03000721148290782,0.048925298747455125,0.0,0.12635052858039983,0.10005767035404675,0.134926947003671,0.1202824512821901,0.0,0.0,0.0,0.0,0.0,0.0,0.04754281880412642,0.0030933419826685085,0.0015058898899060588,0.03872631691117474,0.007459619120718433,0.0,0.013359548803794696,0.0,0.0,0.0,0.010137515601161756,0.12569110788300283,0.014343236668631654,0.016962391487752686,0.02627689368944453,0.0,0.0,0.04392821673039966,0.0014061570706925327,0.0,0.0126879595138663,0.029529496481886432,0.006117335267203416,0.0021502994641151236,0.005368556952494142,0.0038162046432683723,0.009564149699875655,0.047610148131911535,0.0,0.017563385221129615,0.001887158457051306,0.0,0.0,0.02197580750404251,0.05387221577776947,0.0
0.0891230936407795,0.017504932106806242,0.014376810938085184,0.0707596186148805,0.1011805337957664,0.06655899180811062,0.02002286589075521,0.013268301315152426,0.03650271300455925,0.012952079599326564,0.0021978295236966664,0.01358600974703684,0.02098478902064658,0.004043744462238994,0.011232067863822255,0.1460622475186244,0.006434555861943654,0.008432537523343758,0.0033544845736398505,0.037584014089750026,0.0229622211568382,0.002578079388359111,0.003164532561865343,0.01233116336271241,0.002653351654333312,0.019134834564109908,0.0059103625169507,0.0032532625032613907,0.0,0.003951238666832298,0.025147265508993603,0.008389994446740788,0.0374131758197678,0.06337002655904952,0.032223809060493165,0.04471189422082805,2.716288354545676e-5,0.0,0.00020764211377642731,0.1255106668015801,0.007858808211572345,0.004135741995928464,0.006625119214780648,0.06544494031370851,0.0,0.05551323644940015,0.023519584021113912,0.0,0.07694807678695276,0.015365129121056541,0.0,0.07492526836958897,0.04257908083020016,0.07093969584082518,0.007112811803052061,0.024540931490238244,0.048798583681363375,0.015027201685197496,0.0,0.004944447572234387,0.05643323672870806,0.03331403493456262,0.029348847823791775,0.006430967172229502,0.01491729628528346,0.0032191854699706434,0.056862104124304036,0.0,0.01896140495586565,0.0,0.01918145415535711,0.023640630467848287,0.024301392388021495,0.012116154172238713,0.016906189339371495,0.06447762828986246,0.03203538990218918,0.06646648308281407,0.0002220374078926007,0.10009017053243326,0.007461115737044779,0.0,0.007772903716363116,0.005400496241667601,0.030330667895614928,0.012609419325633852,0.0,0.022374553801332752,0.020374458183130724,0.008423345185888609,0.002312856461331971,0.04127081335580115,0.05031357549149134,0.01823424030581723,0.10957374270201287,0.06358742150940273,0.10117455062755726,0.1147008534893853,0.030019460774742147,0.023167227863190518,0.06485038385109418,0.04216185839828397,0.019593567289611882,0.013350460534324614,0.011259755885524565,0.020206915076368744
0.0,0.0,0.0,0.018692772747315317,0.0,0.006762808882636353,0.07933113574148355,0.0,0.0017327155608115887,0.0,0.021165457098775164,0.0,0.01814383194826593,0.17041787853323173,0.01127227663091199,0.0,0.033208114432946155,0.04743512899119118,0.07935900339230538,0.0,0.0,0.0249013526228229,0.022470735678144043,0.0593615122153834,0.0,0.013271484424462939,0.0,0.0,0.0,0.0,0.0,0.0,0.0,0.0,0.0,0.0,0.0,0.0,0.004056059476997903,0.0,0.0,0.0,0.0,0.0,0.0,0.0,0.0,0.0,0.0,0.0,0.0,0.0,0.0,0.0,0.03240282396793385,0.012041326406132723,0.0,0.010853021088667019,0.07911564124851554,0.0104783390677603,0.13063253086979285,0.013874988068799516,0.04330074581019293,0.0,0.005385183456171367,0.002374520503526982,0.0885773651515296,0.05813354572136607,0.0,0.0,0.020337896543604156,0.0,0.0,0.0,0.0,0.013857398509934369,0.0,0.008399140053239192,0.06467273584852323,0.0,0.024227949931075587,0.12046637019289012,0.051341474061740805,0.0,0.011158628767938182,0.0160936423357122,0.015891942841984082,0.04268549498687889,0.01696072900887845,0.0,0.0,0.008000575130412147,0.0,0.07317515679919447,0.008402754913378737,0.0,0.003034322651509194,0.0028596435369054106,0.06908872335384574,0.009441289571861302,0.0,0.0,0.0004143792274977945,0.017329417702860016,0.011526124922928668,0.0
0.0,0.0,0.0,0.0,0.0,0.0,0.0,0.0,0.0,0.0,0.0,0.0,0.0,0.0,0.0,0.0,0.0,0.0,0.0,0.0,0.0,0.0,0.0,0.0,0.0,0.0,0.0,0.0,0.0,0.0,0.0,0.0,0.0,0.0,0.0,0.0,0.0,0.0010983737158931231,0.0,0.0,0.0,0.0,0.0,0.0,0.0,0.0,0.0,0.0,0.0,0.0,0.0,0.0,0.0,0.0,0.0,0.0,0.0,0.0,0.0,0.0,0.0,0.0,0.0,0.007841079849770923,0.0,0.0,0.0,0.0,0.0,0.0,0.0,0.0,0.0,0.0,0.0,0.0,0.02703859163303723,0.0,0.11170104240910687,0.0,0.0,0.0,0.0,0.0,0.0,0.0,0.0,0.0,0.0,0.0,0.0,0.0,0.0,0.0,0.0,0.0016686677245870308,0.0,0.0,0.0,0.0,0.0,0.0,0.0,0.0,0.0,0.0
0.020202821447479737,0.036057560132545116,0.011030373637560495,0.026550383884900993,0.027776369228378277,0.0066255584084028004,0.08200099978223763,0.025717063707939306,0.015464068239939717,0.01199313829061926,0.015304891073058668,0.006508382402268423,0.000497930807440369,0.005634994921050424,0.0029436525076054665,0.011036844525187316,0.030505298730502183,0.012160083085982355,0.008311721250389653,0.033834533281574396,0.028754900828098576,0.006273665675457756,0.05015886936841378,0.013353156634278437,0.002881167710380009,0.0021252823112473855,0.058945393608924014,0.009078584686166782,0.045580593996275856,0.0007051413592877388,0.004538655851565025,0.03655965192776339,0.045364076429564,0.06380342063488866,0.03958656622844147,0.01229315205690708,0.019007721736417998,0.03582038641820916,0.06503096767198142,0.04215376057793754,0.028389014699127135,0.031936469867743664,0.020108768867613334,0.07141135410742294,0.11654734104512587,0.027255758670790078,0.013545258983894538,0.04120725654329886,0.014928623512024793,0.06257741525698378,0.032368240911444246,0.03772958239938033,0.01667043026036806,0.03183084147603047,0.06345024755177488,0.03190916114555153,0.014151972531307315,7.112279237328153e-5,0.07504138902452108,0.011493785811518354,0.02222225596076739,0.025866252419821715,0.0064969984062548235,0.005682121163764787,0.030164906519660514,0.05205920852112293,0.00013906721491349465,0.16753488663196367,0.04530158489568051,0.0,0.014240376432601879,0.12315286778939992,0.0075476135893894295,0.05111438397930064,0.08447359987357794,0.03952681244460467,0.032621278082994025,0.0131096052781188,0.010636250477300975,0.04097142508703787,0.029005356342990587,0.0031196032006408306,0.050331810375569795,0.0794392341516802,0.005838312793942411,3.846832272539535e-6,0.03647197398782915,0.06018160577447045,0.004082177336946516,0.012558487769603815,0.04713372701035626,0.006636811674189738,0.0007514375401059874,0.0290848720342482,0.006651900445004261,0.09152950887728593,0.014118553884239172,0.002291720373006546,0.0024846952317153933,0.08931686777818361,0.01048497023670462,0.010459837789121773,0.021345680510016386,0.0341234115999347,0.0016260068923098635,0.021410919264988313
