0.0,0.0,0.0,0.00021673199956653602,0.0,0.0,0.000135925,0.00014440400028880798,0.00023657400023657397,0.0,0.0,0.0,0.0,0.0,0.0005690589704089334,0.000265110999469778,0.000177809000711236,0.0003661660497985828,0.001885822003771644,0.0,0.0,0.00015398800015398802,7.349998912200161e-5,0.0,0.0,0.00022388900111944502,0.0001867529718003013,0.0,0.0,0.0,0.0,0.0,0.0,0.0,0.0,0.0,0.00040080199959919807,0.0,7.699999645800016e-5,0.0,0.0,0.0,0.0,0.02830188702830189,0.0,0.0,0.00036284499891146507,0.00034989500034989505,0.0,0.0,0.0,0.0,0.0,0.0,0.0,0.0,0.0,0.00023068099861591403,0.000409835999590164,0.0,0.0,0.000337382,0.0,0.0,0.0,0.00043611,0.0,0.0004642529990714939,0.0,0.0,0.0,0.0,0.0,0.00038910499999999994,0.0,0.0,0.0008888890017777779,0.0,0.0,0.0,0.0,0.0,0.0,0.0,0.0,0.0,0.0,0.0005141389989717221,0.0003266480382178205,8.140000211640006e-5,0.0,0.00024310199951379602,0.0006291590314579516,0.0011257039988742958,0.0,0.0009044862206946378,0.000255427999489144,0.0,0.000372949001118847,0.001323528997352942,0.00018011500036023,0.00011147000022294,0.0,0.0,0.0,0.001381533998618466
0.00245098,0.0017821339910893302,0.001123595997752808,0.00065019499869961,0.00021312900042625799,0.001017639002035278,0.008019573,0.000288809000577618,0.00011828700011828699,0.00015501499984498502,0.0032102730032102732,0.010747552,0.0,0.0006581109993418889,0.001138118940817815,0.0015906679968186637,0.001955903007823612,0.01113145551387795,0.005486028010972056,0.001276812998723187,0.00026281200052562405,0.0,0.003159441532402654,0.00233699500467399,0.0,0.00615694603078473,0.005976095097609642,0.0021291699978708304,0.0,0.00038880200155520805,0.000375657,0.00030120500060240997,0.0019833399980166604,0.00023940600000000006,0.0030703100122812395,0.000279407999441184,0.0,0.0,0.0006158109716726953,0.0,0.006927465006927464,0.0,0.00723684199276316,0.0008203450008203451,0.0019675359940973924,0.0015105740030211482,0.0010885339967343982,0.0013995800013995802,0.0016319869967360262,0.002356637995286724,0.0,0.001592357,0.000659196000659196,0.001284521997430956,0.001606167996787664,0.01776549503553099,0.0013123359973753281,0.0009227219944636681,0.000819671999180328,0.00399148499201703,0.0,0.004048583,0.0,0.00031191500093574504,0.0005340450005340451,0.0,0.0,0.0004642529990714939,0.00025227000075681006,0.0,0.007992008071928075,0.0008244020000000002,0.005139500989720999,0.0,0.000282087000846261,0.001887682994336951,0.0,0.000315159001260636,0.00023551599905793604,0.0005975500017926501,0.0,0.0,0.0030410540060821075,0.002125116002125116,0.030806257938387486,0.0011372869977254259,0.0,0.0010282779979434442,0.0003266480382178205,0.002605015067730392,0.003191489,0.00024310199951379602,0.0018302800915140048,0.0031894929968105065,0.0,9.040002205760538e-5,0.0010217109979565782,0.0017571261563842275,0.000497265001491795,0.001323528997352942,0.0,0.0,0.0005537870503946217,0.001406469922644154,0.0034980820034980825,0.0011512779988487219
0.000490196,0.00044553399777233,0.001498126997003746,0.000866926998266146,0.00042625700085251395,0.00339213000678426,0.000407775,0.000577617001155234,0.00011828700011828699,0.0004650439995349561,0.000535045000535045,0.000716503,0.0001881289932273562,0.002138860997861139,8.12999957724002e-5,0.003446447993107103,0.0,0.00014646601991937872,0.0,0.0,0.0,0.0012319060012319061,0.0018368847281410605,0.000467399000934798,0.001142204003426612,0.00022388900111944502,0.005478087172808837,0.00028388899971611104,0.0,0.001166407004665628,0.000375657,0.0,0.0,0.00023940600000000006,0.002763279011053116,0.0,0.0,0.00036166399927667196,0.04787929879755225,0.003996802984012789,0.0,0.000512295000512295,0.001973683998026316,0.0,0.0009837679970486962,0.0007552870015105741,0.00036284499891146507,0.0013995800013995802,0.00040799699918400603,0.0,0.0,0.000796178,0.001977587001977587,0.0,0.0,0.0,0.0,0.0,0.0,0.009047365981905267,0.0,0.000337382,0.000264060999735939,0.0006238300018714901,0.0005340450005340451,0.0,0.0,0.0013927579972144838,0.000504541001513623,0.0,0.0024975020224775185,0.0008931030000000002,0.0,0.0,0.0,0.00047192099858423697,0.0,0.0,0.00023551599905793604,0.0,0.0004938270009876539,0.0,0.0015205270030410538,0.001062558001062558,0.000962695998074608,0.00032493899935012195,0.0,0.0010282779979434442,0.0,0.00276782807196353,0.0,0.00024310199951379602,0.0047663532383176626,0.0,0.004181185,0.0009044862206946378,0.00038314199923371604,0.0,0.000124316000372948,0.000147058999705882,0.00018011500036023,0.0,0.0011767961070884459,0.0014734449189605294,0.0005642070005642069,0.0
0.0,0.000222766998886165,0.0,0.00065019499869961,0.0,0.0,0.000135925,0.0,0.0,0.0,0.0,0.000477669,0.0,0.0,0.00016258799154542441,0.0,0.000177809000711236,0.0,0.0,0.0,0.0,0.00015398800015398802,0.0006612779021308705,0.0,0.0,0.001679167008395835,0.0012450198120020084,0.00014194499985805504,0.0,0.0,0.0,0.0,0.0,0.0,0.000307031001228124,0.0,0.0,0.0,0.00046185797875453297,0.0,0.0,0.0,0.0,0.0,0.0,0.0,0.0,0.0010496850010496851,0.0,0.0,0.0,0.0,0.0,0.0,0.0,0.0011843660023687322,0.0,0.0,0.0,0.0045236829909526335,0.0,0.0,0.0,0.0,0.0,0.0,0.0,0.0,0.0,0.0,0.0034965030314685285,0.0,0.0,0.0,0.0,0.0,0.0,0.0,0.0,0.0,0.0,0.0,0.00101368500202737,0.0,0.001203368997593262,0.00016246999967505998,0.0,0.0,0.0,0.0,0.0,0.0,0.0,0.000187616999812383,0.0,0.0,0.000127713999744572,9.760000868640076e-5,0.000621581001864743,0.0,0.0,0.0,6.920000629720058e-5,0.0001339499926327504,0.000225683000225683,0.0
0.0,0.0,0.00037453199925093606,0.0,0.00085251500170503,0.0,0.000407775,0.0,0.0,0.0,0.000267523000267523,0.000477669,0.0,0.0,0.0,0.0,0.0,7.320000995520137e-5,0.0029144520058289043,0.0,0.0,0.0,0.0,0.0,0.0,0.0,0.0010582668402017075,0.00014194499985805504,0.0,0.0,0.000375657,0.0,0.0,0.0,0.0,0.0,0.0,0.0,0.0,0.0,0.000407498000407498,0.0,0.0,0.0,0.0,0.0015105740030211482,0.0,0.0,0.0,0.000392772999214454,0.0,0.0,0.0,0.0,0.000642466998715066,0.0011843660023687322,0.0,0.0,0.0,0.000266098999467802,0.0,0.0,0.0,0.0,0.0,0.0,0.0,0.0,0.0,0.0,0.0,0.0,0.0,0.0,0.0,0.0,0.0,0.0,0.0,0.0,0.0,0.0,0.0,0.0,0.000722021998555956,0.001462225997075548,0.000298775000896325,0.0015424159969151681,0.0002613180305742096,8.140000211640006e-5,0.0,0.0,0.0,0.0005628519994371479,0.0,0.0,0.00038314199923371604,0.0,0.0,0.001176470997647058,0.001080692002161384,0.00022294100044588198,0.0,0.0002009239889491806,0.00011284100011284101,0.00023025599976974397
0.009803922,0.0,0.009363295981273409,0.0,0.007459506014919012,0.000678426001356852,0.004213674,0.005054152010108304,0.015613911015613909,0.008835838991164162,0.0029427500029427503,0.0,0.007619226725707837,0.006910167993089832,0.0,0.004506892990986213,0.003911807015647227,0.0003661660497985828,0.000685753001371506,0.0,0.0,0.0,0.004261571369287438,0.0,0.004568818013706454,0.0036941680184708397,0.004170816370206729,0.0024130589975869415,0.003229974,0.0,0.013148009,0.0033132530066265057,0.0027766759972233245,0.0019152500000000005,0.0,0.0,0.0,0.0,0.0,0.0,0.008149959008149958,0.0035860660035860665,0.0006578949993421051,0.0,0.0,0.008308157016616316,0.006894048979317855,0.0,0.000815992998368014,0.001571091996857816,0.0012101650012101648,0.001194268,0.007580751007580752,0.010918432978163134,0.0,0.031188314062376633,0.004811898990376202,0.015916954904498272,0.000409835999590164,0.013571047972857906,0.0,0.004048583,0.0,0.014348097043044293,0.002670227002670227,0.003052769,0.015,0.0,0.0,0.0,0.004495504040459538,0.0,0.01248164497503671,0.0007782099999999999,0.005359661016078984,0.00047192099858423697,0.0031111110062222217,0.006303183025212732,0.014130946943476214,0.0,0.002469136004938272,0.013316816053267266,0.0,0.026563953026563957,0.002406738995186522,0.0019496339961007317,0.005079175015237526,0.015424164969151671,0.0019598882293069228,0.0,0.00106383,0.008994772982010454,0.0,0.000187616999812383,0.0,0.0,0.01174968097650064,0.014057010251073912,0.0,0.018970587962058826,0.011887608023775215,0.0018949950037899898,0.0,0.0008706719521130424,0.008801625008801627,0.006447155993552843
0.0,0.00289596798552016,0.002621722994756554,0.0,0.00021312900042625799,0.0,0.018349871,0.000722022001444044,0.001182872001182872,0.00015501499984498502,0.001070091001070091,0.000238834,0.0001881289932273562,0.0,0.0,0.000265110999469778,0.0005334280021337119,7.320000995520137e-5,0.06360363412720726,0.002553625997446374,0.0,0.0,0.0010286548477590827,0.002570694005141388,0.0,0.008619725043098625,0.000435756934200703,0.0007097229992902771,0.0,0.0031104200124416805,0.0,0.0,0.0015866719984133281,0.00023940600000000006,0.0,0.001397037997205924,0.0,0.0,0.0,0.0,0.0028524860028524856,0.00102459000102459,0.0006578949993421051,0.0,0.0,0.0,0.0,0.0,0.000815992998368014,0.002356637995286724,0.0,0.0,0.0,0.000642260998715478,0.0,0.0015791550031583105,0.0008748909982502181,0.0,0.0,0.001596593996806812,0.0,0.004385965,0.0,0.0,0.0,0.0,0.0,0.0,0.0,0.0,0.0009990010089910093,0.0,0.002936857994126284,0.00038910499999999994,0.0014104370042313111,0.0,0.0,0.0,0.0,0.0005975500017926501,0.0,0.0,0.0,0.00039845900039845903,0.000240673999518652,0.005036555989926888,0.0,0.0,0.008362187978375993,0.0,0.0,0.000850856998298286,0.0,0.013883676986116322,0.0,0.0,0.0017879949964240101,0.0010737990955681195,0.0,0.000294117999411764,0.0,0.0,6.920000629720058e-5,0.0,0.003046716003046716,0.0
0.0,0.0,0.0,0.0,0.000639386001278772,0.000339213000678426,0.005980699,0.002743682005487364,0.001301159001301159,0.0,0.08105939008105939,0.171483162,0.0,0.0,0.001951060898544833,0.000132555999734888,0.018492176073968702,0.0,0.0,0.000510724999489275,0.0,0.0,0.0,0.000467399000934798,0.0,0.0054852790274263945,0.0,0.0015613909984386093,0.0,0.00038880200155520805,0.0,0.0,0.0,0.0,0.0009210930036843719,0.0,0.0,0.0,0.0,0.0,0.0,0.0,0.0,0.0,0.0,0.0,0.0,0.0,0.0,0.0,0.0,0.0,0.0,0.0,0.010279472979441056,0.07422029214844059,0.0008748909982502181,0.0,0.0,0.000532197998935604,0.0,0.0,0.000264060999735939,0.0,0.0,0.00087222,0.0,0.0,0.0,0.0,0.0,0.00027480100000000003,0.0,0.0,0.0,0.0,0.0,0.0018909550075638197,0.0,0.0,0.0,0.0,0.0,0.0009297380009297381,0.000481347999037304,0.0008123479983753038,0.0,0.0,0.0,0.0,0.002659574,0.0,0.0,0.0009380859990619139,0.0,0.0,0.0,0.005564233495216781,0.0,0.000441175999117648,0.0,0.000334411000668822,0.0045687394157552874,0.001339494926327779,0.004852178004852179,0.051807505948192493
0.0,0.00222766798886166,0.0,0.0,0.000639386001278772,0.0,0.0,0.004620939009241878,0.0,0.0,0.000535045000535045,0.0,0.0,0.000822638999177361,0.0,0.0,0.0,0.0,0.0,0.0,0.0,0.0,0.0,0.0,0.0,0.0,0.0,0.0,0.0,0.0,0.0,0.0,0.0,0.0,0.0,0.0,0.0,0.0,0.0,0.0,0.0,0.0,0.0,0.0,0.0,0.0,0.0,0.0,0.0,0.0,0.0,0.0,0.0,0.001284521997430956,0.00032123399935753204,0.0,0.003062116993875766,0.0006920419958477481,0.0,0.0,0.0011223340022446682,0.0,0.0,0.0,0.0,0.0,0.0,0.0,0.0,0.0,0.0,0.0,0.013215858973568282,0.0,0.0,0.0,0.0,0.0,0.0,0.0,0.0,0.0,0.0,0.0,0.0,0.0,0.0,0.0,0.0003266480382178205,0.0,0.0,0.0,0.0,0.0,0.0,0.0,0.0,0.0,0.0,0.000147058999705882,0.000900576001801152,0.0,0.0,0.0,0.0,0.0
0.0,0.0,0.0,0.0,0.00021312900042625799,0.000339213000678426,0.000135925,0.001877256003754512,0.0010645850010645849,0.00015501499984498502,0.0,0.0,0.0,0.0,0.00048776497463622124,0.0003976669992046659,0.0,0.0,0.0,0.0007660879992339121,0.0,0.0,7.349998912200161e-5,0.0,0.0,0.00055972200279861,0.0,0.0,0.0,0.0,0.0,0.0,0.0,0.00023940600000000006,0.0,0.0,0.0016032059983967944,0.0014466549971066899,0.0,0.0,0.0,0.0,0.0,0.03978671003978672,0.0,0.0037764350075528705,0.0,0.0,0.0,0.0,0.0,0.0,0.0,0.001926781996146436,0.00032123399935753204,0.0,0.0,0.001153402993079582,0.0,0.0,0.002244669004489338,0.000337382,0.0,0.0,0.0,0.0,0.0003125,0.0,0.0,0.0,0.0,0.00013740000000000003,0.0,0.0,0.0,0.00047192099858423697,0.0,0.0,0.0,0.00029877500089632505,0.0019753090039506182,0.0,0.0,0.0,0.0,0.0004874089990251819,0.0011951000035853,0.0,0.0012412621452276707,0.0,0.0,0.00012155099975689801,0.0,0.00037523499962476497,0.000174216,0.001628075397250397,0.0017879949964240101,0.0,0.0,0.000441175999117648,0.0,0.0,0.0,0.0,0.00011284100011284101,0.0
0.0,0.0,0.0,0.0,0.0,0.0,0.0,0.0,0.0,0.0,0.0,0.0,0.0003762579864547124,0.0,0.0,0.0038441149923117693,0.0,7.320000995520137e-5,0.0,0.0,0.0,0.0,0.0,0.0,0.0,0.0,0.0,0.0,0.0,0.0,0.0,0.0,0.0,0.0,0.000307031001228124,0.0,0.0,0.0,0.0,0.0,0.0,0.0,0.00986842099013158,0.0,0.0,0.0,0.0,0.0,0.0,0.0,0.0,0.0,0.0,0.0,0.0,0.0,0.0,0.0,0.0,0.0,0.0,0.0,0.0,0.0,0.0,0.0,0.0,0.0,0.0,0.0,0.0,0.0,0.0,0.0,0.0,0.00047192099858423697,0.0,0.0,0.0,0.0,0.0,0.0,0.0,0.0,0.0,0.0,0.0,0.0,0.0,0.0,0.0,0.0,0.0,0.014446528985553469,0.0,0.0,0.0,0.0,0.0,0.0,0.0,0.0,0.0,0.008907641510079715,0.0023696680023696684,0.0
0.000490196,0.000222766998886165,0.0,0.00021673199956653602,0.000639386001278772,0.0,0.000135925,0.000722022001444044,0.0,0.0003100289996899711,0.004547887004547887,0.000238834,0.0,0.000164527999835472,0.0024388258731810543,0.0013255569973488859,0.0005334280021337119,0.0019772982689125647,0.00051431500102863,0.00025536299974463704,0.0,0.0,0.00014695097825125525,0.00023369900046739798,0.0,0.0021269450106347247,0.0001867529718003013,0.0,0.0,0.0,0.000751315,0.0,0.0007933359992066641,0.0,0.000307031001228124,0.0,0.0,0.0007233269985533459,0.00015395299291816233,0.000266453998934184,0.004889976004889975,0.0,0.0006578949993421051,0.0,0.0,0.0,0.00036284499891146507,0.0,0.0,0.0,0.0,0.0,0.0,0.0,0.001606167996787664,0.0,0.0,0.0,0.0,0.0,0.0005611670011223341,0.001012146,0.0,0.0,0.001068091001068091,0.00043611,0.0,0.0004642529990714939,0.0,0.0,0.0024975020224775185,0.0004122010000000001,0.0,0.0,0.000282087000846261,0.00047192099858423697,0.000444444000888888,0.000630318002521272,0.00023551599905793604,0.0,0.0,0.00030969300123877204,0.0,0.0,0.0,0.0,0.0,0.0,0.0003919780458614314,0.0,0.002836879,0.00024310199951379602,0.0001906540095327005,0.0009380859990619139,0.000522648,0.00027134606620844015,0.00114942499770115,0.00029285402606400826,0.000124316000372948,0.0022058819955882362,0.0,0.000557351001114702,0.00020767001889797175,0.0012725199300114038,0.00011284100011284101,0.0009210219990789779
0.000490196,0.0,0.0,0.0,0.0,0.000339213000678426,0.0,0.00014440400028880798,0.0,0.0003100289996899711,0.002140182002140182,0.0,0.00047032298306837254,0.0,8.12999957724002e-5,0.000132555999734888,0.000177809000711236,0.0,0.0,0.0,0.0,0.0,0.0003673769456282121,0.00023369900046739798,0.0,0.00044777800223889003,0.0011827688214019081,0.00014194499985805504,0.0,0.0007776050031104201,0.0,0.0,0.0,0.0,0.0,0.0,0.00020040099979959903,0.0,0.009237163575090477,0.0,0.0,0.0,0.0,0.0008203450008203451,0.0,0.0,0.00036284499891146507,0.015395381015395383,0.0,0.00196386499607227,0.0,0.0,0.000659196000659196,0.0,0.000963700998072598,0.003947888007895777,0.0,0.0,0.0,0.003193187993613624,0.0005611670011223341,0.001012146,0.000264060999735939,0.0006238300018714901,0.0016021360016021363,0.0,0.0,0.0023212629953574737,0.00025227000075681006,0.0,0.0,0.0008244020000000002,0.000734213998531572,0.0,0.0,0.0,0.0,0.0,0.0,0.0014938750044816253,0.0,0.0,0.0,0.0013281980013281982,0.000481347999037304,0.00016246999967505998,0.0,0.0010282779979434442,6.530000764010089e-5,0.00040703401058288436,0.00035461,0.0,0.0002669160133458007,0.00037523499962476497,0.0,0.0,0.0,0.00039047203475201105,0.0,0.001617646996764706,0.00036023100072046197,0.0,0.0005537870503946217,0.0004018489778983062,0.0023696680023696684,0.000690766999309233
0.134803922,0.05680552471597238,0.06254681587490638,0.06935413986129171,0.022591645045183288,0.22218453244436903,0.031942368,0.05083032510166065,0.04033593604033593,0.07301193592698807,0.026752274026752277,0.017673752,0.04242310047276838,0.030273115969726882,0.0,0.01550901396898197,0.0056899000227596,0.0019040642589527395,0.001885822003771644,0.03319713996680287,0.017082786034165572,0.05374191605374192,0.015797205662013564,0.02781023605562047,0.0,0.03134445315672227,0.03442479580185583,0.0171753019828247,0.041989664,0.04199066916796268,0.027047333,0.03975903607951807,0.03530345096469655,0.29782140300000004,0.010439054041756214,0.0,0.018236472981763528,0.020976491958047013,0.1584943347092606,0.0,0.026487368026487365,0.030225410030225414,0.02894736797105264,0.004922067004922067,0.08903098873290705,0.08836858017673718,0.02939042091182874,0.0,0.0012239899975520201,0.05616653588766694,0.06494554306494553,0.0,0.02834541902834542,0.012845214974309571,0.03726308992547382,0.055665219111330454,0.16404199467191602,0.04175317174948097,0.15163934384836064,0.0784992018430016,0.24915824949831653,0.025641026,0.024821758975178236,0.018402994055208982,0.0,0.008722198,0.0115625,0.0,0.059031282177093844,0.0,0.007992008071928075,0.09934047800000002,0.14464023471071955,0.005058365999999998,0.022002821066008465,0.0,0.1764444443528889,0.04790419219161676,0.04616109281535563,0.00866447602599343,0.007901235015802468,0.05915144023660577,0.00963000501926001,0.05179970805179971,0.0040914559918170884,0.05572705088854589,0.07290110521870331,0.024678662950642676,0.03090089861540514,0.13725171356854457,0.015780142,0.039625622920748754,0.07643324582166229,0.004127579995872419,0.025261324,0.0,0.0178799489642401,0.11450606219103952,0.02647936407943809,0.05911764688176471,0.044488473088976944,0.24044142248088282,0.04312612892447774,0.04092157074931361,0.07910178307910179,0.01772967998227032
0.000490196,0.0,0.0,0.0,0.00021312900042625799,0.0,0.0,0.0,0.0,0.0,0.0008025680008025681,0.000477669,0.0006584519762957288,0.0,0.0,0.0,0.00035561900142247596,0.0,0.0,0.0,0.0,0.00015398800015398802,7.349998912200161e-5,0.000934798001869596,0.0,0.000335833001679165,0.0,0.00028388899971611104,0.0,0.0,0.0,0.00030120500060240997,0.0,0.0,0.0,0.0,0.0,0.0,0.0,0.0,0.0,0.000512295000512295,0.0006578949993421051,0.0,0.0,0.0,0.0,0.0,0.0,0.000392772999214454,0.0,0.0,0.0,0.0,0.0,0.0011843660023687322,0.00043744499912511006,0.00023068099861591403,0.0,0.0,0.0,0.000337382,0.0,0.0,0.0,0.00043611,0.0,0.0,0.0,0.0,0.0004995000044955002,0.0,0.0,0.0,0.0,0.0,0.0,0.0,0.0,0.0,0.0,0.0,0.0,0.0,0.0,0.0004874089990251819,0.0,0.0,0.0,0.0,0.00035461,0.0,0.0,0.0005628519994371479,0.0,0.0,0.0,9.760000868640076e-5,0.0,0.0007352939985294121,0.00018011500036023,0.0,0.0,0.0,0.000677048000677048,0.0011512779988487219
0.0,0.0,0.0,0.0,0.0315430520630861,0.0,0.0,0.0,0.0,0.0,0.0,0.0,0.0,0.0,0.0,0.0,0.0,0.0,0.0,0.0,0.0,0.0,0.0,0.0,0.0,0.0,0.0,0.0,0.0,0.0,0.0,0.0,0.0,0.0,0.0,0.0,0.0,0.0,0.0,0.0,0.0,0.000512295000512295,0.0,0.0,0.0,0.0,0.0,0.0,0.0,0.0,0.0,0.0,0.0,0.0,0.0,0.0,0.0,0.0,0.0,0.0,0.0,0.0,0.0,0.0,0.0,0.0,0.0,0.0,0.0,0.0,0.0,0.0,0.0,0.0,0.0,0.0,0.0,0.0,0.0,0.0,0.0,0.0,0.0,0.0,0.0,0.0,0.0,0.0,0.0,0.0,0.0,0.0,0.0,0.0,0.0,0.0,0.0,0.0,0.0,0.0,0.0,0.0,0.0,0.0,0.0,0.0
0.001960784,0.0,0.008988763982022472,0.0021673169956653664,0.001918159003836318,0.009837178019674356,0.001223325,0.0,0.0008280100008280099,0.0029452799970547208,0.010433387010433389,0.018390256,0.0027278709017966476,0.004442250995557749,0.0010568249450451028,0.0014581119970837758,0.014580370058321478,0.054485543410033914,0.010629179021258359,0.0020429009979570996,0.00026281200052562405,0.0013858950013858951,0.0022777366628949744,0.00444029000888058,0.000285551000856653,0.016343893081719466,0.015500495659425156,0.011497515988502485,0.002583979,0.00233281500933126,0.001126972,0.0024096390048192777,0.0019833399980166604,0.0019152500000000005,0.009824992039299967,0.000279407999441184,0.007615229992384771,0.0014466549971066899,0.003002077861904418,0.0053290699786837205,0.006112469006112468,0.0,0.02105263197894737,0.00369155000369155,0.0014756519955730445,0.0015105740030211482,0.0014513789956458634,0.0010496850010496851,0.00040799699918400603,0.005106048989787902,0.0,0.000796178,0.007251154007251155,0.000642260998715478,0.010279472979441056,0.009080142018160285,0.0013123359973753281,0.0009227219944636681,0.001229507998770492,0.03326237393347525,0.0028058360056116725,0.008434548,0.0066015319933984675,0.006238303018714909,0.00400534000400534,0.007413868,0.000625,0.0,0.001765893005297679,0.0,0.0319680322877123,0.011679033000000002,0.0,0.0007782099999999999,0.0016925250050775751,0.003775365988673902,0.004000000008,0.0025212730100850917,0.0,0.0008963250026889752,0.001481481002962962,0.0046454010185816045,0.0035478970070957935,0.004914331004914331,0.005054151989891696,0.00032493899935012195,0.00059755000179265,0.00874035998251928,0.0007186250840791348,0.0001628130042331381,0.016843972,0.001093958997812082,0.0035652321782616097,0.0031894929968105065,0.033797909,0.004974675213820752,0.001277138997445722,0.0054666154865287775,0.002610641007831923,0.001176470997647058,0.00018011500036023,0.0,0.0013844661259864177,0.04936038828517864,0.01252538901252539,0.0036840889963159107
0.000980392,0.000222766998886165,0.001498126997003746,0.0,0.0,0.0,0.001495175,0.0020216610040433222,0.000354862000354862,0.0007750739992249261,0.0032102730032102732,0.008120373,0.0017872259356598661,0.0,0.00048776497463622124,0.0013255569973488859,0.0037339970149359875,0.00014646601991937872,0.009600549019201097,0.0015321759984678242,0.0,0.00046196500046196505,0.00014695097825125525,0.000934798001869596,0.0,0.006380835031904174,0.0003735059436006026,0.0032647269967352732,0.000645995,0.00038880200155520805,0.0,0.001204819002409638,0.0027766759972233245,0.0,0.001228124004912496,0.0,0.001002003998997996,0.0,0.0,0.0,0.000407498000407498,0.000512295000512295,0.001315788998684211,0.0,0.0,0.004531722009063445,0.0018142239945573282,0.0,0.00040799699918400603,0.0,0.0008067770008067768,0.001194268,0.000329598000329598,0.0,0.001284933997430132,0.0,0.0008748909982502181,0.0,0.001229507998770492,0.0029270889941458217,0.0,0.0,0.013467123986532875,0.0024953210074859632,0.005073431005073431,0.00043611,0.0,0.0,0.0,0.0,0.0,0.0006183020000000002,0.000734213998531572,0.00038910499999999994,0.0,0.0,0.0008888890017777779,0.000630318002521272,0.00023551599905793604,0.00029877500089632505,0.0004938270009876539,0.0,0.0005068420010136839,0.0,0.003610107992779784,0.0,0.0,0.0005141389989717221,0.002417195282811848,0.0,0.000177305,0.00121550999756898,0.0009151400457570024,0.0011257039988742958,0.0,0.0,0.003448275993103448,0.0004880910434401028,0.0,0.013823528972352943,0.0,0.00022294100044588198,0.0006922330629932088,0.002678989852655558,0.001241255001241255,0.00046051099953948896
0.0,0.0,0.0,0.0,0.0,0.0,0.0,0.0,0.0,0.0,0.0,0.0,0.0018812909322735263,0.0,0.0,0.0,0.0,0.0,0.0,0.0,0.0,0.0,0.0,0.0,0.0,0.004477779022388895,0.0,0.0,0.0,0.0,0.0,0.0,0.0,0.0,0.0,0.0,0.0,0.0,0.0,0.0,0.0,0.0,0.0,0.0,0.0,0.0,0.003991291988026125,0.0,0.0,0.0,0.0,0.0,0.0,0.0,0.0,0.0,0.0,0.0,0.0,0.0,0.0,0.0,0.0,0.0,0.0,0.0,0.0,0.0,0.0,0.0,0.0,0.0,0.0,0.0,0.0,0.0,0.0,0.0,0.0,0.0,0.0,0.0,0.0,0.0,0.0,0.0,0.0,0.0,0.0014372511681583866,0.0,0.0,0.0,0.0,0.0,0.0,0.0,0.0,0.0,0.0,0.09264705881470589,0.0,0.000557351001114702,0.0,0.0,0.0,0.0
0.0,0.0,0.0,0.0,0.0,0.0,0.0,0.0,0.0,0.0,0.0,0.0,0.0028219358984103078,0.0,0.0,0.0,0.00035561900142247596,0.0,0.0,0.0,0.0,0.00015398800015398802,0.0,0.000467399000934798,0.0,0.002574723012873615,0.0002490039624004017,0.0,0.0,0.0,0.0,0.0,0.0,0.0,0.0,0.0,0.0,0.0,0.00023092898937726648,0.0,0.0,0.0,0.0,0.0,0.0,0.0,0.0,0.0,0.0,0.0,0.0,0.0,0.0,0.0,0.0,0.0,0.0,0.0,0.0,0.0,0.0,0.0,0.0,0.00031191500093574504,0.0,0.0,0.0,0.0,0.0,0.0,0.0,0.00027480100000000003,0.0,0.0,0.0,0.0,0.0,0.0,0.0,0.0,0.0,0.0,0.0,0.0,0.0,0.0,0.0,0.0,0.0001959890229307157,0.0,0.00035461,0.0,0.0,0.000187616999812383,0.0,0.0,0.0,0.0,0.0,0.0,0.0,0.0,0.0,0.0,0.000225683000225683,0.004144600995855399
0.039215686,0.03942971680285142,0.020973782958052432,0.027524923944950153,0.06905370813810742,0.0,0.086856055,0.07306859214613719,0.023066004023066,0.050069756949930246,0.028089888028089892,0.016001911,0.050606714178158284,0.018427113981572887,0.03853345099626054,0.0027836689944326616,0.04463015617852062,0.2566825689088294,0.03994514007989028,0.026557711973442293,0.0007884360015768722,0.03510933203510933,0.01785451635753158,0.052114980104229956,0.0028555110085665327,0.07321168736605843,0.0077191228344124525,0.04116394595883606,0.005167959,0.04237947116951789,0.022915101,0.03975903607951807,0.037286790962713215,0.0009576250000000003,0.012588271050353081,0.027102542945794915,0.00040080199959919807,0.005063290989873417,0.0,0.0007993609968025561,0.011817441011817439,0.049180328049180336,0.2717105257282895,0.00041017200041017205,0.0,0.02719033205438067,0.13570391859288827,0.0013995800013995802,0.012647898974704204,0.019245875961508247,0.0036304960036304956,0.013933121,0.008899143008899144,0.0359666019280668,0.028911017942177965,0.017370707034741417,0.010936132978127735,0.03114186881314879,0.010655737989344261,0.03219797793560405,0.013468013026936027,0.095816464,0.0047531029952468965,0.0024953210074859632,0.12950600812950602,0.137810728,0.0021875,0.0009285049981429898,0.001009082003027246,0.03,0.020979021188811196,0.010854630000000002,0.015418501969162998,0.013229571999999998,0.01354019704062059,0.005191127984426616,0.010666667021333334,0.023636937094547745,0.015544040937823838,0.006274275018822827,0.0044444440088888875,0.009910189039640757,0.0015205270030410538,0.028689069028689073,0.09362214181275572,0.002924451994151096,0.016133851048401555,0.06478149087043703,0.02417194982811813,0.04461087715988281,0.254964539,0.031117053937765895,0.005281120264056013,0.08780487791219511,0.011672474,9.040002205760538e-5,0.013282247973435505,0.021085514876610822,0.0,0.05132352889735294,0.07222622514445246,0.03856872107713744,0.008999031818911896,0.009175540495345273,0.07650643207650644,0.07068846392931154
0.003921569,0.006683002966584985,0.008239699983520601,0.008452535983094929,0.007033248014066495,0.032903664065807324,0.016582846,0.009241877018483753,0.0035486160035486155,0.012091148987908853,0.00882825000882825,0.021733938,0.006678581759571056,0.004935833995064166,0.01178765938704171,0.014713679970572636,0.005512091022048364,0.023654342216990545,0.007200411014400822,0.005107251994892748,0.00026281200052562405,0.0038497070038497074,0.016238057596767476,0.01285347002570694,0.000285551000856653,0.014440837072204185,0.037786349294261265,0.01873669298126331,0.00129199,0.008164852032659408,0.003380917,0.004216867008433734,0.008726695991273306,0.0019152500000000005,0.005833589023334356,0.001955853996088292,0.0016032059983967944,0.003978299992043399,0.0029251018654453146,0.0015987209936051162,0.006927465006927464,0.0025614750025614755,0.0368421049631579,0.0012305170012305172,0.014264633957206101,0.017371601034743205,0.003991291988026125,0.015745276015745276,0.0,0.009819323980361354,0.002420331002420331,0.006767516,0.0026367830026367833,0.005138085989723829,0.008352071983295857,0.004342677008685354,0.00656167998687664,0.0029988469820069184,0.001639343998360656,0.018626928962746144,0.0028058360056116725,0.009784076,0.01214681798785318,0.005614473016843419,0.028304406028304408,0.00130833,0.0,0.010213555979572887,0.001261352003784056,0.0,0.04945054944505496,0.015801044000000004,0.010279000979441998,0.0027237349999999993,0.0028208740084626222,0.01132609696602171,0.0044444440088888875,0.005042546020170183,0.0037682519849269926,0.0050791750152375265,0.001481481002962962,0.003716321014865284,0.0020273690040547377,0.019524505019524508,0.014921780970156439,0.006498780987002437,0.00059755000179265,0.00668380498663239,0.0014372511681583866,0.009361771243406054,0.00141844,0.007049956985900086,0.02009494700474735,0.007879924992120074,0.035888502,0.011667875846961707,0.0037037039925925924,0.004978524443088675,0.04624564913873695,0.0026470589947058818,0.006664265013328529,0.004458812008917624,0.011283401026789496,0.024378807659165575,0.013766644013766646,0.0018420449981579549
0.0,0.0,0.00037453199925093606,0.00065019499869961,0.0,0.002035278004070556,0.0005437,0.0,0.0,0.0007750739992249261,0.000267523000267523,0.000955338,0.0,0.000822638999177361,0.0,0.0,0.0,0.0,0.0,0.0,0.0,0.0,0.0,0.0,0.0,0.009515280047576399,0.0001867529718003013,0.0,0.0,0.0,0.0,0.0,0.0,0.0,0.002149217008596868,0.0,0.0006012019993987981,0.0,0.0003079049858363706,0.0,0.000407498000407498,0.0,0.0,0.0,0.11854402364436795,0.0,0.01088534096734398,0.002449265002449265,0.0,0.000392772999214454,0.0,0.008359873,0.0016479890016479891,0.0,0.001606167996787664,0.0019739440039478885,0.0026246719947506563,0.0,0.0,0.02368280995263438,0.0,0.0,0.010562449989437549,0.0,0.0,0.0,0.0,0.0,0.0,0.0,0.007992008071928075,6.870000000000002e-5,0.0,0.0,0.000282087000846261,0.0,0.0,0.0,0.00023551599905793604,0.0,0.0,0.0,0.002534212005068424,0.00013282000013282002,0.0,0.00032493899935012195,0.0,0.0005141389989717221,0.0,0.0,0.0,0.00012155099975689801,9.530000476500026e-5,0.0,0.000696864,0.0031657027724314763,0.0,0.0005857090521281056,0.0,0.000294117999411764,0.00018011500036023,0.0,0.0,0.0004018489778983062,0.00011284100011284101,0.00046051099953948896
0.0,0.0,0.0,0.0,0.000639386001278772,0.0,0.0,0.0,0.0,0.0004650439995349561,0.0,0.0,0.0,0.0,0.00024388298731808464,0.0,0.0,0.00014646601991937872,0.000171438000342876,0.00025536299974463704,0.0,0.0,0.000808228880382126,0.0,0.0,0.0,0.0,0.0,0.0,0.0,0.0,0.0,0.0,0.0,0.0,0.0,0.0014028059985971941,0.0,0.0,0.0,0.0012224940012224936,0.0,0.0006578949993421051,0.0012305170012305172,0.0,0.0,0.0,0.0,0.0,0.0,0.0,0.0,0.0,0.0,0.00032123399935753204,0.0,0.0,0.0006920419958477481,0.0,0.0,0.0,0.0,0.0,0.0,0.0008010680008010681,0.0,0.0,0.0,0.0,0.0,0.005494505049450546,6.870000000000002e-5,0.0,0.0,0.0,0.0,0.0,0.000315159001260636,0.0,0.0,0.0,0.0,0.0005068420010136839,0.0,0.0,0.0,0.0,0.0,6.530000764010089e-5,0.0,0.000177305,0.0,0.0,0.0,0.0,0.00027134606620844015,0.000255427999489144,9.760000868640076e-5,0.0,0.0,0.0,0.0,0.0,0.0,0.0,0.0011512779988487219
0.018137255,0.002004900989975495,0.016104868967790262,0.0034677069930645864,0.017902813035805626,0.001017639002035278,0.016582846,0.009097473018194946,0.0018925950018925948,0.01720663498279337,0.027554842027554843,0.02340578,0.008936129678299333,0.006087528993912471,0.028290381528900156,0.005169670989660658,0.029160740116642957,0.06891249537209937,0.05691753811383507,0.0048518899951481105,0.012089356024178715,0.006467508006467509,0.024393824389713995,0.024538444049076884,0.000856653002569959,0.04343445721717229,0.022223602644236003,0.025124201974875804,0.007105943,0.0034992220139968885,0.002629602,0.004216867008433734,0.0027766759972233245,0.0016758440000000003,0.007982806031931224,0.006705783986588432,0.0,0.001084990997830018,0.0012316219433453905,0.0029309889882760446,0.010187449010187446,0.00922131100922131,0.03157894696842106,0.0,0.0004918839985243481,0.006042296012084593,0.010159651969521045,0.0,0.004895960990208078,0.0145325999709348,0.00040338800040338796,0.055732484,0.0016479890016479891,0.0038535649922928706,0.016704143966591714,0.026845638053691282,0.00043744499912511006,0.006228373962629758,0.001639343998360656,0.01942522596114955,0.007856341015712682,0.009109312,0.008449959991550038,0.0021834060065502184,0.033911883033911884,0.036197122,0.0028125,0.0009285049981429898,0.000756811002270433,0.0,0.043456543391108896,0.003366309000000001,0.0073421439853157125,0.0015564199999999998,0.006488011019464033,0.000943840997168477,0.0013333330026666658,0.006618342026473367,0.0004710319981158721,0.0023902000071706004,0.0004938270009876539,0.0034066270136265085,0.0005068420010136839,0.0031876740031876742,0.044524668910950665,0.0074735989850528,0.001493875004481625,0.01748071996503856,0.00881949503188092,0.004640182120644735,0.034042553,0.016774036966451925,0.0022497191124859557,0.02420262697579737,0.003484321,0.0,0.002426563995146872,0.0030261622693284417,0.00198906000596718,0.003235293993529412,0.007925072015850144,0.009363505018727009,0.004222622384258638,0.00341571181213585,0.015459264015459266,0.008058944991941054
0.0,0.000222766998886165,0.001498126997003746,0.00043346299913307404,0.00042625700085251395,0.000339213000678426,0.0005437,0.0008664260017328519,0.000591436000591436,0.0009300879990699122,0.0058855000058855005,0.000955338,0.002351612915341935,0.0013162219986837778,8.12999957724002e-5,0.0030487799939024392,0.0,0.0008787991195166803,0.0029144520058289043,0.0,0.0,0.0,0.000587802913005169,0.00630988501261977,0.0,0.00246277801231389,0.0,0.00014194499985805504,0.0,0.0,0.00150263,0.00030120500060240997,0.0007933359992066641,0.0,0.0,0.0,0.0,0.0007233269985533459,0.0014625509327226573,0.0,0.000814996000814996,0.0,0.023684210976315793,0.00369155000369155,0.007870142976389572,0.0022658610045317223,0.0010885339967343982,0.0,0.0,0.000392772999214454,0.0,0.001592357,0.000659196000659196,0.0,0.00032123399935753204,0.007500987015001975,0.0,0.0,0.0,0.006918573986162853,0.0,0.009446694,0.003168734996831265,0.0,0.0,0.005233319,0.0,0.0,0.0,0.0,0.0004995000044955002,0.0,0.0,0.0,0.0,0.0,0.0,0.0,0.0004710319981158721,0.0,0.0,0.0,0.0,0.0,0.0033694339932611324,0.0,0.0,0.0,0.000522637061148536,0.0001628130042331381,0.001241135,0.00024310199951379602,0.0005910280295514014,0.0009380859990619139,0.001219512,9.040002205760538e-5,0.0007662839984674321,0.0,0.000124316000372948,0.0,0.0,0.0,0.0,0.002812939845288308,0.004852178004852179,0.0
0.0,0.0,0.00037453199925093606,0.0,0.0,0.00169606500339213,0.0,0.0,0.000591436000591436,0.0,0.0,0.014807738,0.0007525159729094248,0.0,0.0,0.005434782989130434,0.0,0.0,0.0,0.0,0.00026281200052562405,0.0,0.0,0.0,0.0,0.0,0.0,0.0,0.0,0.0,0.0,0.0,0.0,0.0,0.0,0.0,0.0,0.0,0.0,0.008526511965893952,0.0,0.0,0.003289473996710527,0.0,0.0,0.0,0.0,0.0,0.0,0.0,0.00040338800040338796,0.0,0.0,0.0,0.0,0.0,0.0,0.0,0.0,0.0,0.0,0.0,0.0,0.0,0.0,0.0,0.0,0.0,0.0,0.0,0.0324675322922078,0.0,0.0,0.0,0.0,0.0,0.0,0.0,0.0,0.00029877500089632505,0.0004938270009876539,0.0,0.0,0.0,0.0,0.0,0.00059755000179265,0.0,0.0,0.0,0.018794326,0.0,0.0,0.0,0.0,0.0,0.0,0.0034166343040804526,0.006837394020512182,0.0,0.0,0.0,0.0,0.0,0.0,0.0
0.0,0.0,0.0007490639985018721,0.0,0.0,0.0,0.00027185,0.0,0.0,0.0,0.001070091001070091,0.0,0.0,0.0,0.0,0.0,0.000177809000711236,0.0,0.000171438000342876,0.0,0.0,0.00015398800015398802,7.349998912200161e-5,0.00023369900046739798,0.0,0.00044777800223889003,0.0037973104266061258,0.0,0.0,0.0,0.0,0.0,0.0,0.0,0.0,0.0,0.0,0.0,0.0,0.0,0.0,0.0,0.0,0.0,0.0,0.0,0.00036284499891146507,0.0,0.0,0.0,0.0,0.0,0.0,0.0,0.0,0.0,0.0,0.0,0.0,0.000798296998403406,0.0,0.000337382,0.0,0.0,0.0,0.0,0.0,0.0,0.0,0.0,0.0004995000044955002,0.00034350100000000007,0.0,0.0,0.0,0.0,0.0,0.0,0.0,0.0,0.0,0.00030969300123877204,0.0,0.0009297380009297381,0.0,0.00016246999967505998,0.0,0.0,0.0,0.0,0.0,0.0,0.0,0.001313320998686679,0.0,0.0,0.0,0.0,0.0,0.001029411997941176,0.0,0.0,6.920000629720058e-5,0.0,0.0,0.00046051099953948896
0.0,0.0,0.0,0.0,0.0,0.0,0.0,0.0,0.0,0.0,0.000267523000267523,0.000477669,0.0,0.000329055999670944,8.12999957724002e-5,0.000132555999734888,0.000177809000711236,0.0,0.0,0.0,0.0,0.007083462007083462,7.349998912200161e-5,0.0,0.000285551000856653,0.00022388900111944502,6.229999059270142e-5,0.0,0.0,0.0,0.0,0.0,0.0,0.0,0.0,0.0,0.0006012019993987981,0.0,0.0,0.0,0.0,0.0,0.0,0.0,0.0,0.0,0.0,0.0,0.0,0.0,0.0,0.0,0.0,0.0,0.003533568992932862,0.0,0.0,0.0,0.0,0.0,0.0,0.001012146,0.0,0.0,0.0,0.0,0.0,0.0,0.0,0.0,0.0,0.0,0.0,0.0,0.0,0.0,0.0,0.000945477003781908,0.0,0.0,0.0,0.0,0.0,0.0,0.0,0.0,0.0,0.0,0.0007839550917227457,0.0,0.0,0.0,3.8100001905000095e-5,0.0,0.0,0.0,0.0,0.0,0.0,0.0,0.0,0.0,0.0,0.0,0.00011284100011284101,0.0
0.012745098,0.014479839927600801,0.056179774887640456,0.013437364973125272,0.01342711002685422,0.004409769008819538,0.013728422,0.06931407913862815,0.03347527803347527,0.03937374096062626,0.08186195808186196,0.156197755,0.026526196045056943,0.0036196119963803875,0.18835866020534967,0.02505302194989395,0.014402560057610238,0.15818383651300177,0.033259043066518085,0.08554647591445352,0.002365309004730618,0.012627040012627043,0.03585598269331457,0.05328347710656695,0.0017133070051399211,0.03134445315672227,0.10906372853137701,0.13158268286841734,0.012273902,0.022550544090202178,0.027798648,0.02259036104518072,0.0952003169047997,0.005027532000000001,0.011053116044212464,0.00419111499161777,0.005611221994388778,0.001084990997830018,0.010699714507813133,0.011457500954169997,0.07008965007008965,0.008196721008196722,0.03355263196644737,0.10787530810787532,0.0009837679970486962,0.07552870115105742,0.027576196917271416,0.0,0.006119950987760098,0.0479183029041634,0.0,0.045780255,0.007580751007580752,0.008991650982016697,0.019916478960167044,0.0003947890007895781,0.11417322777165355,0.014532871912802772,0.025409835974590164,0.012772750974454499,0.0050505050101010114,0.004385965,0.012674940987325058,0.016843419050530255,0.054739653054739656,0.002616659,0.0003125,0.0018570099962859797,0.0,0.01,0.013486513121378621,0.012640835000000003,0.002936857994126284,0.0031128399999999995,0.04146685512440056,0.0,0.0035555560071111117,0.01197604804790419,0.0058878939764484255,0.017030176051090532,0.02617284005234568,0.009600496038401985,0.022301064044602126,0.0033204940033204943,0.009386281981227436,0.0034118599931762792,0.003884075011652225,0.0071979429856041145,0.010648724245900737,0.016851189438130926,0.029787234,0.007049956985900086,0.08058950702947536,0.03227016896772983,0.0,0.0,0.06922094486155812,0.023916441128563257,0.0,0.002499999995,0.019812680039625358,0.008025861016051723,0.0486639944284235,0.02973678736447669,0.001918303001918303,0.02486760297513239
0.002941176,0.0,0.0,0.0,0.0057544760115089515,0.0,0.0,0.008808664017617329,0.0,0.0,0.000267523000267523,0.0,0.004232903847615461,0.0,0.0,0.0,0.00035561900142247596,0.0008787991195166803,0.001885822003771644,0.0030643509969356495,0.0,0.00046196500046196505,0.0011021308368846362,0.00023369900046739798,0.0,0.005037501025187505,0.0001867529718003013,0.0,0.0,0.005054432020217729,0.000375657,0.0006024100012048199,0.0,0.0,0.0,0.003352891993294216,0.0,0.0,0.0,0.0,0.014262429014262426,0.03125000003125,0.013157894986842106,0.0,0.0,0.026435045052870094,0.0,0.0,0.0,0.0,0.0,0.000398089,0.0,0.0057803469884393065,0.0,0.0,0.0,0.0,0.0036885249963114746,0.000266098999467802,0.0,0.006747638,0.0,0.0,0.0,0.00087222,0.0,0.0,0.0,0.0,0.0,0.0,0.005139500989720999,0.00038910499999999994,0.0,0.0,0.0,0.000630318002521272,0.00023551599905793604,0.0,0.006419753012839506,0.00030969300123877204,0.0,0.0,0.0,0.0019496339961007317,0.0,0.00874035998251928,0.0014372511681583866,0.0,0.0,0.000364652999270694,0.0,0.005816134994183864,0.0,0.0,0.0,0.0,0.0,0.00499999999,0.0,0.008917623017835245,0.0005537870503946217,0.0,0.00045136500045136503,0.0032235779967764214
0.004411765,0.03942971680285142,0.01760299596479401,0.000866926998266146,0.011082694022165388,0.01289009502578019,0.009242898,0.010397112020794224,0.005559498005559498,0.002170205997829794,0.0029427500029427503,0.012180559,0.023328002160191923,0.000164527999835472,0.06893748141525097,0.005037115989925768,0.01671408306685633,0.002123764288831944,0.006686096013372191,0.01098059198901941,0.0,0.006005544006005544,0.009110946651579898,0.037625613075251224,0.000856653002569959,0.018694727093473636,0.010831671364417626,0.043718949956281054,0.002583979,0.0007776050031104201,0.003380917,0.001204819002409638,0.004363347995636653,0.0,0.0,0.025146688949706623,0.004408817995591182,0.032188064935623865,0.008082518628204142,0.007727151969091393,0.008557457008557456,0.007172131007172132,0.0006578949993421051,0.08408531608408532,0.0,0.040785498081571,0.016328011951015967,0.0,0.004895960990208078,0.012961507974076985,0.0016135540016135536,0.015525478,0.0016479890016479891,0.013487475973025048,0.00770960498458079,0.014607185029214372,0.002187226995625546,0.0032295269806228385,0.004508196995491803,0.0029270889941458217,0.007295174014590349,0.011470985,0.00607340899392659,0.0021834060065502184,0.0032042720032042725,0.003924989,0.0,0.0009285049981429898,0.00025227000075681006,0.0,0.0,0.0017175050000000005,0.01248164497503671,0.03501945499999999,0.004231312012693936,0.0,0.0022222220044444438,0.012921525051686098,0.006123409975506361,0.004780400014341201,0.02864197505728395,0.006813255027253021,0.0035478970070957935,0.0033204940033204943,0.001444042997111914,0.004386676991226646,0.005377950016133851,0.01696658096606684,0.00855817700130671,0.0034190820888961347,0.000531915,0.006685303986629393,0.0,0.0009380859990619139,0.017073171,0.0,0.001277138997445722,0.003807107338832553,0.000870214002610642,0.00441176499117647,0.004142651008285302,0.012150262024300524,0.017513500593728554,0.0035496618047686002,0.0037237640037237644,0.00023025599976974397
0.00245098,0.0008910669955446651,0.0007490639985018721,0.0021673169956653664,0.001278772002557544,0.005427408010854816,0.002854424,0.0,0.001301159001301159,0.002170205997829794,0.0008025680008025681,0.000238834,0.0045150968374565136,0.006252056993747942,8.12999957724002e-5,0.0007953339984093318,0.0010668560042674238,0.0,0.0,0.0007660879992339121,0.0007884360015768722,0.002309824002309824,0.0026451136085231864,0.0014021970028043939,0.000856653002569959,0.0,0.0002490039624004017,0.00028388899971611104,0.0,0.00038880200155520805,0.0,0.001807229003614458,0.007140023992859977,0.0,0.0,0.0005588149988823701,0.00020040099979959903,0.002169981995660036,0.001539526929181761,0.0,0.000407498000407498,0.00102459000102459,0.0,0.00041017200041017205,0.0004918839985243481,0.0007552870015105741,0.0014513789956458634,0.1203638911203639,0.0,0.0035349569929300864,0.002823719002823719,0.000398089,0.0016479890016479891,0.0025690429948619143,0.0032123349935753304,0.009474931018949863,0.003937007992125984,0.006228373962629758,0.022540983977459014,0.001064395997871208,0.0016835020033670043,0.001012146,0.0,0.002807236008421708,0.000267023000267023,0.00130833,0.000625,0.0,0.000756811002270433,0.0,0.0,0.003503710000000001,0.011013215977973568,0.010116731999999996,0.005923836017771507,0.0,0.02044444404088889,0.005042546020170183,0.0004710319981158721,0.00985957602957873,0.0004938270009876539,0.004955094019820376,0.0,0.002390756002390756,0.000481347999037304,0.0012997559974004878,0.01165222603495668,0.0010282779979434442,0.0020905472445940276,0.0006512540169326045,0.0,0.001337060997325878,0.0009723360486168025,0.0,0.000174216,9.040002205760538e-5,0.000255427999489144,0.0008785630781921138,0.003107907009323721,0.000294117999411764,0.001440922002881844,0.0064652770129305535,0.007545341686626094,0.0004018489778983062,0.0009027310009027312,0.000690766999309233
0.0,0.0,0.0,0.00021673199956653602,0.0,0.001017639002035278,0.000679625,0.00014440400028880798,0.0,0.0017051619982948382,0.002407705002407705,0.0,0.00028219398984101636,0.002467916997532083,0.0,0.0,0.00035561900142247596,0.0002197000298792041,0.0,0.0,0.0,0.0,0.0009551798586333811,0.00023369900046739798,0.0,0.00011194400055971999,0.0015562747650025106,0.00028388899971611104,0.0,0.0,0.0,0.0,0.0,0.0,0.0,0.0,0.0,0.0,0.0,0.0,0.0,0.0,0.0,0.0,0.0,0.0,0.0,0.0,0.0,0.0,0.0,0.0,0.0009887940009887942,0.0,0.0,0.0,0.0,0.0,0.0,0.0023948909952102183,0.0,0.0,0.0,0.00031191500093574504,0.0008010680008010681,0.0,0.0,0.0,0.0,0.0,0.0,0.00027480100000000003,0.0,0.0,0.0,0.0,0.0,0.000315159001260636,0.0,0.0005975500017926501,0.0,0.00030969300123877204,0.0,0.0,0.000240673999518652,0.0,0.0,0.0,0.0,8.140000211640006e-5,0.0,0.00012155099975689801,0.0,0.000187616999812383,0.0,0.0,0.00063856999872286,0.0004880910434401028,0.0,0.0,0.0,0.0,0.0,0.0029468888379211135,0.0,0.0023025559976974437
0.0,0.0,0.00037453199925093606,0.00021673199956653602,0.000639386001278772,0.0,0.123555797,0.00014440400028880798,0.0,0.1359479148640521,0.012306046012306046,0.000955338,0.10347097727504481,0.0,8.12999957724002e-5,0.0,0.0,0.06693519810318695,0.0,0.0,0.0,0.0,0.00022042596737695686,0.000467399000934798,0.0,0.14474420772372104,0.00012450198120020085,0.0,0.0,0.0,0.0,0.0,0.00039666799960333204,0.0,0.007368744029474975,0.22184967855630064,0.0,0.0,7.699999645800016e-5,0.000266453998934184,0.28606357028606355,0.0,0.0868421049131579,0.0,0.0,0.0,0.033381712899854865,0.0,0.0,0.0,0.0,0.009952229,0.0,0.0,0.0,0.0,0.0,0.0,0.004098360995901639,0.006120276987759447,0.0,0.0,0.0,0.0,0.0,0.0,0.0,0.0,0.0,0.01,0.0,0.00013740000000000003,0.025697503948604993,0.6186770429999999,0.0,0.0,0.16444444432888888,0.0,0.0,0.0,0.0004938270009876539,0.0,0.0,0.0,0.06522262286955476,0.00016246999967505998,0.363907978091724,0.0,0.5688901165601437,0.0,0.001241135,0.0,7.63000038150002e-5,0.00037523499962476497,0.0,0.0,0.5485312889029375,0.0,0.000372949001118847,0.07676470584647059,0.0,0.00011147000022294,0.0001384470125986782,0.021297969828611655,0.004513654004513654,0.0
0.032843137,0.02851414585742927,0.05692883888614233,0.03662765492674469,0.09143222518286445,0.02544097705088195,0.062389561,0.03552346607104693,0.08977998608977998,0.06045574293954427,0.04628143404628144,0.018151421,0.026526196045056943,0.060546231939453764,0.015283309205267919,0.035524919928950155,0.03573968714295874,0.0017575982390333606,0.010114864020229727,0.0947395299052605,0.011826544023653091,0.045888512045888515,0.02424687341146274,0.04603879409207759,0.0593946321781839,0.02910556414552782,0.04787100877147769,0.03406671396593329,0.021963824,0.08087091832348368,0.054470323,0.08493975916987952,0.05712018994287982,0.06990663200000001,0.0,0.0,0.0,0.010488245979023507,0.0,0.0,0.048492258048492255,0.07786885207786887,0.003947367996052632,0.0020508610020508614,0.01869158894392524,0.021148036042296075,0.1941219154176343,0.0,0.06405548787188903,0.07698350384603299,0.02702702702702702,0.393710191,0.05339485805339487,0.06936416186127167,0.09958239580083522,0.11133043822266091,0.13735782972528435,0.03829296377024222,0.015983606984016394,0.01836082996327834,0.007856341015712682,0.107287449,0.04805914995194085,0.06425452319276356,0.03845126803845127,0.13126908,0.155625,0.0,0.09964682129894047,0.03,0.05044955045404597,0.08724924400000002,0.11380323077239354,0.012840466999999998,0.054724965164174896,0.007078810978763566,0.021333333042666665,0.0586196032344784,0.03909561884361752,0.01284732603854198,0.0918518521837037,0.07742335130969341,0.00963000501926001,0.10187275910187277,0.05318892889362215,0.041754670916490655,0.022706902068120708,0.07146529585706941,0.006075652710851367,0.0,0.069503546,0.03999027592001945,0.02039999301999965,0.07767354592232645,0.001219512,0.0,0.04942528690114943,0.08297540738481125,0.000124316000372948,0.07485294085029413,0.11833573523667146,0.046148701092297406,0.0,0.011653606359051648,0.10505529210505529,0.2560442087439558
0.002941176,0.0,0.0,0.0,0.0,0.0,0.030447193,0.00014440400028880798,0.0020108820020108818,0.0003100289996899711,0.000535045000535045,0.000238834,0.0,0.0,8.12999957724002e-5,0.0373806999252386,0.03911806515647226,0.0,0.08880507517761015,0.014044943985955058,0.0010512480021024962,0.0,0.0,0.0,0.01627641304882924,0.0,0.0,0.03619588396380412,0.045865633,0.0,0.002253944,0.029819277059638553,0.0,0.0,0.0018421860073687439,0.0011176309977647381,0.00020040099979959903,0.0007233269985533459,0.013393887383881179,0.04476418882094325,0.016707416016707412,0.0,0.0,0.007383101007383102,0.0,0.0,0.0032656019902031945,0.008397481008397482,0.0,0.000392772999214454,0.0,0.000796178,0.0,0.0,0.009315772981368453,0.016975918033951837,0.0026246719947506563,0.003460207979238753,0.0,0.02288451295423097,0.0,0.0,0.0,0.0,0.0680907880680908,0.014827737,0.0090625,0.0004642529990714939,0.023208880069626642,0.0,0.0,0.0,0.015418501969162998,0.0,0.000846262002538786,0.02218027393345918,0.0,0.0,0.0058878939764484255,0.0,0.0,0.00030969300123877204,0.0030410540060821075,0.0,0.04500601690998797,0.0022745739954508517,0.00179265000537795,0.012339331975321336,0.04422813617469193,0.001383914035981765,0.0,0.00048620399902759204,0.0,0.07016885592983114,0.0,0.0,0.0,0.0016595081476962251,0.070363003211089,0.039117646921764705,0.0,0.000445881000891762,0.018205733656721765,0.0008706719521130424,0.028210336028210336,0.07345153092654846
0.043137255,0.002004900989975495,0.04419475691161049,0.0,0.04923273709846547,0.0,0.020660595,0.03306859206613718,0.0,0.147574019852426,0.12466559712466561,0.028660139,0.02238735719405514,0.0,0.013820014281359256,0.0009278899981442198,0.07681365630725462,0.008275358125448707,0.11314932322629863,0.014555668985444333,0.5440210260880421,0.012473052012473054,0.005143276238795117,0.06286515512573031,0.005711022017133065,0.02496361812481809,0.020667327879233494,0.08715400991284601,0.0,0.00972006203888025,0.030052592,0.0030120480060240955,0.023800078976199922,0.00023940600000000006,0.0,0.06873428286253143,0.0,0.0,0.0014625509327226573,0.007993604968025581,0.022004890022004887,0.018442623018442624,0.0874999999125,0.0,0.0,0.006042296012084593,0.1044992736865022,0.0,0.062423500875153,0.06716417886567165,0.0,0.013933121,0.0,0.023121386953757227,0.048827497902345,0.06277141712554284,0.038057742923884516,0.028835062826989628,0.0036885249963114746,0.00399148499201703,0.0016835020033670043,0.03879892,0.000528122999471877,0.0,0.010680908010680909,0.110771915,0.0034375,0.006035282987929432,0.0,0.0,0.1618381634565435,0.0032289090000000007,0.056534507886930985,0.0015564199999999998,0.028490832085472498,0.0,0.0031111110062222217,0.011345730045382918,0.0004710319981158721,0.0630415301891246,0.0019753090039506182,0.00030969300123877204,0.007095793014191586,0.0,0.07292418785415163,0.023883021952233952,0.0,0.06323907487352186,0.02965963647017747,0.01457180137886684,0.284219858,0.29026376541947246,0.0,0.20619136979380862,0.004878049,0.0,0.009833971980332055,0.012299884094689682,0.0,0.028676470942647057,0.022514409045028817,0.16196633632393265,0.026720201431538335,0.010180161440091118,0.010607086010607086,0.008289200991710799
0.0,0.0,0.0007490639985018721,0.00260077999479844,0.0,0.0030529170061058338,0.0,0.00043321300086642596,0.001301159001301159,0.0,0.0,0.001194172,0.0001881289932273562,0.0,0.0,0.0,0.0,0.0,0.0,0.0007660879992339121,0.0,0.0027717890027717895,7.349998912200161e-5,0.0,0.0,0.00011194400055971999,0.0,0.0019872249980127754,0.0,0.0,0.001126972,0.0,0.0,0.0,0.0,0.0,0.00020040099979959903,0.0,0.0,0.0,0.0,0.0,0.0,0.0,0.0,0.0007552870015105741,0.0,0.0,0.0,0.001571091996857816,0.0,0.000398089,0.0009887940009887942,0.0,0.0,0.0,0.0,0.0,0.0,0.0,0.0,0.0,0.0007921839992078159,0.0,0.000267023000267023,0.002616659,0.0003125,0.0,0.0,0.0,0.0,0.00020610100000000007,0.0,0.0,0.000564175001692525,0.0,0.0,0.0,0.0,0.0,0.0,0.0009290800037163201,0.0,0.0,0.0,0.0009748169980503659,0.0,0.0,0.0,0.0,0.0,0.00048620399902759204,0.0005528970276448514,0.0,0.0,0.0008140381986253204,0.0019157089961685822,9.760000868640076e-5,0.000124316000372948,0.000147058999705882,0.000720461001440922,0.0028982280057964563,0.0012460201133878306,0.0,0.0,0.0011512779988487219
0.0,0.0,0.0,0.00021673199956653602,0.0,0.0,0.0,0.00014440400028880798,0.0,0.00015501499984498502,0.0,0.000477669,0.0,0.000164527999835472,0.0009755299492724425,0.0013255569973488859,0.000177809000711236,0.0003661660497985828,0.001885822003771644,0.0,0.0,0.0,0.0003673769456282121,0.000934798001869596,0.0,0.00055972200279861,0.0009960158496016068,0.00014194499985805504,0.0,0.00038880200155520805,0.0,0.0,0.0,0.0,0.0,0.0,0.0,0.00036166399927667196,0.0003079049858363706,0.0,0.0,0.0,0.0,0.0,0.0,0.0,0.00036284499891146507,0.0,0.0,0.000392772999214454,0.0,0.0,0.000659196000659196,0.0,0.0,0.0003947890007895781,0.0,0.00023068099861591403,0.0,0.001596593996806812,0.0,0.000674764,0.000528122999471877,0.0,0.000267023000267023,0.0,0.0,0.0,0.000504541001513623,0.0,0.0014985010134865096,0.0007557020000000002,0.001468428997063142,0.0,0.0,0.0,0.000444444000888888,0.000315159001260636,0.0,0.0,0.0,0.0,0.0005068420010136839,0.00039845900039845903,0.0,0.0,0.0,0.0005141389989717221,0.0,0.0,0.0,0.0,0.0,0.000187616999812383,0.0,0.0,0.000255427999489144,9.760000868640076e-5,0.000497265001491795,0.000147058999705882,0.00018011500036023,0.0,0.0001384470125986782,6.69999963150002e-5,0.0,0.0
0.0,0.0,0.0,0.0,0.0,0.0,0.0,0.0,0.0,0.0,0.000267523000267523,0.0,0.0,0.0,8.12999957724002e-5,0.0,0.0,0.0,0.0,0.0,0.0,0.0,0.0,0.0,0.0,0.0,0.0,0.00014194499985805504,0.0,0.0,0.0,0.0,0.0,0.0,0.000307031001228124,0.0,0.03947895796052105,0.0,0.0,0.0,0.0,0.0,0.0,0.0,0.020659123938022633,0.0,0.0,0.0,0.0,0.0,0.0,0.0,0.000329598000329598,0.0,0.0,0.0,0.0,0.0,0.0,0.0,0.0,0.0,0.0,0.018402994055208982,0.0,0.0,0.0,0.0,0.0,0.01,0.0,0.0,0.0,0.0,0.0,0.0,0.0,0.0,0.0,0.0,0.0,0.0,0.0,0.0,0.0,0.0,0.0,0.0,0.0,0.0,0.0,0.0,0.0,0.0,0.009930314,0.0,0.0,0.0,0.0,0.0,0.0,0.0,6.920000629720058e-5,0.0,0.0,0.0
0.006862745,0.0008910669955446651,0.009363295981273409,0.0032509749934980505,0.002344416004688832,0.00339213000678426,0.00135925,0.0008664260017328519,0.00047314900047314894,0.006200588993799412,0.001337614001337614,0.004299021,0.007619226725707837,0.0,0.0008942359534997303,0.0009278899981442198,0.0016002840064011357,0.0002929330398388934,0.000857192001714384,0.00025536299974463704,0.00026281200052562405,0.0,0.0016899337498898052,0.003972891007945782,0.0,0.000783611003918055,0.004170816370206729,0.0018452799981547201,0.0,0.0,0.001878287,0.0,0.004760015995239984,0.00023940600000000006,0.003991403015965612,0.0,0.00020040099979959903,0.0014466549971066899,0.007543683652990552,0.0,0.006112469006112468,0.000512295000512295,0.013157894986842106,0.0,0.0,0.0015105740030211482,0.00036284499891146507,0.0,0.0,0.004713275990573448,0.0,0.004378981,0.000329598000329598,0.0,0.0032123349935753304,0.003158310006316621,0.00043744499912511006,0.00023068099861591403,0.0,0.0047897819904204365,0.0,0.001349528,0.0010562449989437548,0.003431067010293201,0.001068091001068091,0.00043611,0.0,0.0004642529990714939,0.0,0.0,0.006993007062937065,0.0008244020000000002,0.00587371498825257,0.0007782099999999999,0.0014104370042313111,0.0,0.005333333010666666,0.007563820030255279,0.0,0.00029877500089632505,0.002962963005925926,0.0046454010185816045,0.00101368500202737,0.0009297380009297381,0.0016847169966305662,0.0024370429951259135,0.0,0.0035989719928020566,0.0001306590152871048,8.140000211640006e-5,0.0,0.000850856998298286,0.00017158900857945045,0.000187616999812383,0.000696864,0.0,0.0,0.0007809450695041111,0.0,0.000294117999411764,0.00036023100072046197,0.0007802920015605839,0.00048456304409523704,0.009175540495345273,0.0,0.001381533998618466
0.048529412,0.00400980197995099,0.07153558085692883,0.004117901991764196,0.006820119013640238,0.0,0.026505369,0.02555956705111913,0.002365744002365744,0.029452797970547204,0.08640984508640985,0.166945307,0.012416517553005366,0.000164527999835472,0.13698072587700222,0.009411452981177093,0.1577169276308677,0.08744050989190935,0.32933310565866625,0.009703778990296221,0.0005256240010512481,0.02556205702556206,0.03041880549801679,0.02336994604673989,0.001998858005996574,0.10992947554964737,0.04071214485246613,0.031937543968062455,0.004521964,0.00972006203888025,0.01878287,0.00753012001506024,0.012693375987306625,0.00047881300000000013,0.0030703100122812395,0.000279407999441184,0.00040080199959919807,0.05822784788354429,0.06227387913540156,0.0061284309754862775,0.06316218406316217,0.04508196704508197,0.009210525990789475,0.0012305170012305172,0.0,0.04154078508308157,0.012699564961901307,0.0006997900006997901,0.015911872968176255,0.00392772999214454,0.0,0.01433121,0.000329598000329598,0.014771996970456006,0.014455508971088982,0.048953810097907634,0.008311460983377077,0.012918107922491354,0.007786884992213115,0.08275678583448642,0.0005611670011223341,0.057017544,0.09743860590256137,0.001247661003742983,0.060347130060347136,0.050152638,0.0009375,0.0013927579972144838,0.003531786010595358,0.01,0.06343656357092908,0.0017862050000000003,0.008810572982378855,0.0011673149999999997,0.01889985905669958,0.0,0.007111111014222221,0.0163882760655531,0.002590673989637304,0.003286525009859576,0.002469136004938272,0.005574481022297925,0.01621895603243791,0.05153406805153408,0.05607701588784597,0.007311128985377741,0.000896325002688975,0.03598971692802057,0.0029398313439602673,0.0005698470148160224,0.015070922,0.00425428499149143,0.0009342050467102524,0.0954971859045028,0.000174216,0.0,0.005747125988505748,0.0063451785647208915,0.002362009007086027,0.006029411987941176,0.08699567717399134,0.0035670490071340977,0.0006922330629932088,0.023307211718103352,0.01726472601726473,0.007828689992171308
0.304411765,0.0474493207627534,0.10262172279475656,0.06220199387559601,0.07779198615558396,0.010176391020352782,0.167867337,0.09963898919927797,0.008516678008516677,0.031467988968532014,0.1021936861021937,0.022211607,0.10770388112266027,0.007074695992925303,0.15795462978635924,0.20426829259146337,0.20092460980369842,0.1572318043835254,0.01731527503463055,0.1057201228942799,0.0018396850036793704,0.0044656610044656615,0.15525346702248688,0.0862351021724702,0.003712164011136492,0.11989253359946266,0.25896410389642033,0.12973740187026261,0.02002584,0.013608087054432349,0.026296018,0.016566265033132528,0.035700118964299886,0.0,0.0,0.0237496509525007,0.0014028059985971941,0.03797468392405063,0.0,0.01278976794884093,0.07294213507294213,0.030737705030737708,0.038157894961842104,0.04388843304388843,0.0019675359940973924,0.050604230101208465,0.04716981085849058,0.0,0.0053039579893920845,0.05852317388295365,0.006454215006454214,0.118630573,0.012854318012854318,0.02633269094733462,0.050754898898490206,0.09632846419265695,0.022747156954505687,0.01153402493079585,0.012295081987704917,0.0393826499212347,0.005611672011223345,0.084008097,0.03115922896884077,0.02620087307860262,0.035246996035247,0.155691234,0.005625,0.33426183733147624,0.006559031019677093,0.03,0.047952048431568445,0.03421269600000001,0.03817914792364171,0.06459143999999999,0.13681241241043723,0.004719206985842378,0.0035555560071111117,0.040340372161361486,0.020725388917098447,0.01643262604929788,0.042962963085925926,0.03933106215732425,0.02027369504054739,0.05937043405937044,0.029362213941275576,0.013160031973679934,0.008066926024200779,0.13110539773778923,0.011302020322336378,0.0030934550804298327,0.002659574,0.028078278943843446,3.8100001905000095e-5,0.1041275798958724,0.037456446,0.0,0.05708812288582375,0.04451386596173407,0.34224266602672804,0.13617647072764705,0.11455331422910663,0.03332961806665923,0.09677420280645246,0.06141584262212865,0.03814037503814038,0.004835366995164633
0.003921569,0.00222766798886166,0.002247190995505618,0.0015171219969657562,0.00170503000341006,0.00508819501017639,0.003262199,0.003032491006064982,0.000354862000354862,0.0013951329986048673,0.000535045000535045,0.005732028,0.0013169029525914935,0.000164527999835472,0.009592715501178793,0.0013255569973488859,0.009779516039118063,0.009080924235005696,0.01045774002091548,0.001276812998723187,0.0007884360015768722,0.0021558360021558362,0.00889052068420294,0.000934798001869596,0.0,0.011642225058211126,0.005602589154009039,0.0014194459985805543,0.0,0.0007776050031104201,0.003380917,0.001204819002409638,0.010313367989686633,0.00023940600000000006,0.002456248009824992,0.0005588149988823701,0.0008016029991983972,0.0007233269985533459,0.001000692953968124,0.0,0.018337408018337407,0.0,0.0,0.0016406890016406892,0.0019675359940973924,0.0030211480060422964,0.0,0.00034989500034989505,0.042431660915136685,0.001571091996857816,0.0008067770008067768,0.001592357,0.0,0.0,0.001284933997430132,0.005132254010264509,0.0013123359973753281,0.0006920419958477481,0.006147540993852459,0.001596593996806812,0.004489338008978676,0.01417004,0.004489040995510959,0.0006238300018714901,0.001335113001335113,0.00130833,0.0009375,0.0,0.00025227000075681006,0.0,0.022477522202297703,0.0007557020000000002,0.0,0.0,0.000564175001692525,0.00047192099858423697,0.0022222220044444438,0.004727387018909548,0.00023551599905793604,0.0014938750044816253,0.007407407014814814,0.004335708017342833,0.00101368500202737,0.0018594770018594772,0.0033694339932611324,0.003086920993826157,0.002091425006274275,0.006169665987660668,6.530000764010089e-5,0.001302507033865183,0.020390071,0.002187917995624164,0.005357381267869063,0.0009380859990619139,0.000174216,0.0003617950882780015,0.002043422995913154,0.0013666541216322166,0.000621581001864743,0.001323528997352942,0.001080692002161384,0.00011147000022294,0.004499515409455903,0.019891499905967502,0.000677048000677048,0.00023025599976974397
0.0,0.013588772932056136,0.0,0.0,0.004901961009803921,0.0,0.006796248,0.0,0.0,0.031157959968842044,0.0,0.0,0.009406452661367705,0.06103981593896018,0.003495650818226157,0.06031283087937433,0.0,0.00014646601991937872,0.000171438000342876,0.0,0.0,0.0,0.013960320933872504,0.0028043940056087877,0.001998858005996574,0.01410500407052502,0.0,0.0,0.0,0.0,0.0,0.006024096012048191,0.0,0.06990663200000001,0.0,0.001676445996647108,0.0,0.03869801092260397,0.0,0.025845989896616045,0.0,0.0,0.0,0.025840853025840854,0.0,0.0,0.0018142239945573282,0.0,0.0,0.0,0.0,0.0,0.0,0.010918432978163134,0.0,0.0,0.0,0.015455593907266437,0.010655737989344261,0.0,0.10437710420875422,0.003036437,0.0,0.014036182042108545,0.0018691590018691591,0.0,0.0,0.0,0.0,0.0,0.0,0.0,0.0,0.04241245099999998,0.0,0.06512505880462482,0.10888888921777777,0.09171131436684525,0.004474799982100801,0.04182850312548552,0.0009876540019753079,0.0,0.0430816020861632,0.0,0.0,0.0,0.03167015209501046,0.0,0.004703730550336474,0.010501465273038097,0.0,0.0,0.0,0.0,0.001567944,0.0,0.0,0.0,0.0,0.007499999985,0.0,0.0,0.0,0.0004018489778983062,0.008801625008801627,0.0
0.000490196,0.0,0.0,0.000866926998266146,0.0021312870042625737,0.0,0.000135925,0.0,0.0,0.0007750739992249261,0.000535045000535045,0.0,0.0007525159729094248,0.0,8.12999957724002e-5,0.000132555999734888,0.0,0.0,0.000857192001714384,0.0,0.0,0.0,0.000587802913005169,0.000467399000934798,0.0,0.00022388900111944502,0.0003735059436006026,0.00028388899971611104,0.0,0.0,0.0,0.0,0.0,0.0,0.0,0.0,0.0,0.0,0.0,0.0,0.0,0.0,0.0006578949993421051,0.0,0.0,0.0,0.0,0.0,0.0,0.0,0.0,0.0,0.0,0.0,0.0,0.00473746500947493,0.00043744499912511006,0.0,0.000819671999180328,0.0,0.0,0.0,0.0,0.0015595760046787281,0.0,0.0,0.0,0.0,0.0,0.01,0.0,0.00020610100000000007,0.00660792998678414,0.019844357999999993,0.0,0.0,0.0,0.000315159001260636,0.0,0.00029877500089632505,0.0,0.00030969300123877204,0.0,0.00039845900039845903,0.0,0.00016246999967505998,0.0,0.00205655499588689,0.0003919780458614314,0.0,0.000177305,0.0,0.0,0.00037523499962476497,0.0,0.0,0.000255427999489144,0.00019523601737600553,0.000124316000372948,0.0026470589947058818,0.00018011500036023,0.000668822001337644,0.0004153400377959435,6.69999963150002e-5,0.000338524000338524,0.0
0.0,0.0,0.00037453199925093606,0.0,0.0,0.0,0.0,0.00014440400028880798,0.0,0.0,0.0,0.0,0.0008465809695230851,0.0,0.00032517698309079686,0.0,0.0,0.0,0.001885822003771644,0.0,0.0,0.00015398800015398802,0.000808228880382126,0.0014021970028043939,0.0,0.00022388900111944502,6.229999059270142e-5,0.0,0.0,0.0,0.0,0.0,0.00039666799960333204,0.00047881300000000013,0.001228124004912496,0.000279407999441184,0.00040080199959919807,0.0,0.0,0.0,0.0195599020195599,0.004098361004098361,0.0,0.0,0.0,0.0,0.0,0.0,0.0,0.002356637995286724,0.0,0.0,0.0,0.0,0.0,0.0007895780015791562,0.0,0.00046136099723183407,0.0,0.00399148499201703,0.0,0.0,0.0,0.0,0.0,0.00043611,0.0,0.0,0.0,0.0,0.0,0.00020610100000000007,0.0,0.0,0.0,0.0,0.0,0.000945477003781908,0.0,0.00029877500089632505,0.0004938270009876539,0.0,0.0,0.00026564000026564003,0.0,0.00032493899935012195,0.0,0.0,0.000522637061148536,0.0,0.0,0.00024310199951379602,0.0,0.0,0.0,0.0,0.004597700990804598,0.0030261622693284417,0.0,0.0,0.0,0.0,0.0008999030818911805,0.0,0.0,0.001381533998618466
0.021568627,0.006905769965471151,0.009363295981273409,0.001083657997832684,0.007033248014066495,0.004748982009497964,0.0016311,0.016606498033212996,0.00011828700011828699,0.01844675198155325,0.004280364004280364,0.042990208,0.009312387664754044,0.001645277998354722,0.048451342480530186,0.00198833499602333,0.0046230440184921754,0.005858660796777868,0.00942911001885822,0.0074055159925944854,0.00026281200052562405,0.0013858950013858951,0.0012490818151358915,0.05842486611684973,0.0,0.06582335232911676,0.002054282689803314,0.03037615296962385,0.00129199,0.0031104200124416805,0.003380917,0.0024096390048192777,0.008330027991669972,0.0014364380000000002,0.00921093003684372,0.003911706992176587,0.0006012019993987981,0.008679927982640143,0.003771841826495276,0.0015987209936051162,0.014262429014262426,0.014856557014856558,0.023684210976315793,0.0,0.0004918839985243481,0.015105740030211482,0.0010885339967343982,0.0,0.004895960990208078,0.012175961975648077,0.0008067770008067768,0.004378981,0.001977587001977587,0.009633910980732178,0.01092193997815612,0.027635215055270435,0.003499562993000874,0.006689734959861591,0.006967212993032787,0.01836082996327834,0.0,0.036099865,0.00607340899392659,0.005302558015907674,0.011214953011214954,0.003924989,0.000625,0.0,0.00025227000075681006,0.0,0.01448551413036963,0.004122012000000001,0.0044052859911894275,0.010116731999999996,0.0031029620093088856,0.002359603992921188,0.0022222220044444438,0.016703435066813738,0.0004710319981158721,0.004182850012548551,0.006419753012839506,0.003716321014865284,0.0015205270030410538,0.002257936002257936,0.009386281981227436,0.0004874089990251819,0.00179265000537795,0.010796914978406172,0.008754166024237424,0.0,0.004078014,0.005591345988817308,0.00024785001239250063,0.006378986993621012,0.002264808,0.0,0.033716474932567055,0.008004686712417117,0.000372949001118847,0.008235293983529414,0.004322767008645534,0.0035670490071340977,0.00941437185670784,0.08003482259808475,0.02087564902087565,0.002763066997236933
0.003921569,0.008019602959901985,0.007116104985767791,0.0056350239887299515,0.003836317007672634,0.01187245602374491,0.005029224,0.008664260017328519,0.000354862000354862,0.00790575099209425,0.013376137013376138,0.055648436,0.008842065681685636,0.005100361994899638,0.0013820009281359518,0.0003976669992046659,0.004978663019914652,0.0007323320995971656,0.013886508027773015,0.006128702993871298,0.0010512480021024962,0.002463813002463813,0.0013960317933872947,0.006076186012152372,0.000856653002569959,0.012873615064368075,0.016621013490226964,0.0046841729953158275,0.003875969,0.008553655034214621,0.006010518,0.0024096390048192777,0.02856009497143991,0.0009576250000000003,0.01074608504298434,0.00419111499161777,0.001202404998797595,0.008679927982640143,0.0040027708158725415,0.008526511965893952,0.018337408018337407,0.0035860660035860665,0.06513157893486843,0.0771123870771124,0.00934579397196262,0.015105740030211482,0.0032656019902031945,0.01994401701994402,0.008567930982864139,0.019245875961508247,0.0008067770008067768,0.030254777,0.001977587001977587,0.0064226079871547844,0.016704143966591714,0.0023687330047374665,0.00043744499912511006,0.0069204149584775115,0.0032786889967213106,0.046567322906865355,0.002244669004489338,0.026990553,0.017692104982307895,0.010293200030879602,0.040053405040053405,0.023986044,0.00125,0.010677808978644381,0.0,0.01,0.054445554490010005,0.0027480080000000006,0.016152716967694568,0.0035019459999999993,0.005077574015232722,0.010382255968853232,0.008888889017777778,0.014812480059249917,0.001177578995289684,0.0053779500161338515,0.005432099010864198,0.009910189039640757,0.007095793014191586,0.0026563950026563953,0.01756919396486161,0.0019496339961007317,0.000298775000896325,0.007712081984575837,0.0015679101834454915,0.013594920353467932,0.008510638,0.0060775499878449,0.0005719620285981014,0.013508442986491556,0.035714286,0.002170767529667277,0.011111110977777778,0.0040023433562085585,0.0021133760063401282,0.006029411987941176,0.019812680039625358,0.000334411000668822,0.02948913468351126,0.07394012093329333,0.004852178004852179,0.007598433992401565
0.273529412,0.6867899275660503,0.44456928711086147,0.7223667085552665,0.5336743400673487,0.6109226602218453,0.296452358,0.4938628169877256,0.7295954587295954,0.22942179477057825,0.2731407172731407,0.131358968,0.45894081647813056,0.7566633752433365,0.21567351078497743,0.529692469940615,0.26191323004765293,0.015818384151300244,0.052288702104577395,0.5349846774650154,0.39842312779684635,0.763781953763782,0.5502570825619518,0.4353820998707642,0.8926327836778983,0.12504197962520988,0.24900394640040413,0.2986515257013485,0.821705426,0.679626752718507,0.693463561,0.7147590374295181,0.5759619194240382,0.5231027050000001,0.8311329473245317,0.5820061458359878,0.8474949891525051,0.7504520784990957,0.6494495891253189,0.8286703936853186,0.19193154019193154,0.6168032796168033,0.14144736785855264,0.5274815425274816,0.5922282322233154,0.484138973968278,0.33127721200616844,0.7977606727977608,0.74541003550918,0.5263157879473684,0.8830173468830173,0.238455414,0.8328938698328939,0.716763004566474,0.5483456459033087,0.3024082126048165,0.4610673660778653,0.7144175277134949,0.6840163923159835,0.4513038840973923,0.5432098780864199,0.371794872,0.6577766033422234,0.7127261401381784,0.4395193594395194,0.278674226,0.7859375,0.6132776217734447,0.7991927373975782,0.85,0.25174825426573433,0.6781395990000001,0.40455212819089575,0.10778210099999999,0.6129760248389281,0.8499292094502124,0.4186666678373333,0.5808383253233532,0.825011772699953,0.779205260337616,0.735802470471605,0.70455249581821,0.8220983286441965,0.6103068146103069,0.32105896435788206,0.7720552384558894,0.4445772343337317,0.41491002517017994,0.2014764725727473,0.7196353167105183,0.196631206,0.48304363603391276,0.6459743702987186,0.17767354582232642,0.561324042,0.8843164237732074,0.0959131548081737,0.5977157891967052,0.47824465543473393,0.3044117643911765,0.41894812783789626,0.40229628880459256,0.6189257103222398,0.4147076321910802,0.4805912894805913,0.40663136059336863
0.0,0.0,0.0,0.0,0.0,0.0,0.0,0.00014440400028880798,0.0,0.0,0.0,0.0,0.00047032298306837254,0.0,0.0,0.0,0.0,0.0,0.0,0.0,0.0,0.00046196500046196505,0.00014695097825125525,0.00023369900046739798,0.0,0.0,0.0,0.0,0.0,0.0,0.0,0.0,0.0,0.00047881300000000013,0.0,0.000838222998323554,0.016432865983567135,0.0,0.0,0.0,0.0012224940012224936,0.005122951005122951,0.0026315789973684212,0.0,0.0,0.0,0.0,0.0,0.0,0.0,0.0,0.0,0.0,0.0,0.00032123399935753204,0.0,0.0,0.008073817951557094,0.0,0.0,0.0,0.0,0.0,0.0,0.0,0.0,0.0,0.0009285049981429898,0.0,0.0,0.0,0.0,0.0,0.0,0.0,0.0,0.0,0.0,0.0,0.00029877500089632505,0.0,0.0,0.0,0.0,0.0,0.0,0.000298775000896325,0.0,0.00058796606879203,0.0,0.0,0.0,0.0,0.005816134994183864,0.0,0.0,0.0,0.00039047203475201105,0.0,0.0,0.00018011500036023,0.0,0.0013152431196871242,0.0,0.0,0.0
0.0,0.0,0.0,0.0,0.0,0.0,0.0,0.0,0.0,0.0,0.0,0.0,9.40999966124001e-5,0.0,0.0,0.0,0.0,0.0,0.0,0.0,0.0,0.0,0.0,0.0,0.0,0.0,6.229999059270142e-5,0.0,0.0,0.0,0.0,0.0,0.0,0.0,0.0,0.0,0.0,0.0,0.0,0.0,0.0,0.0,0.0,0.0,0.0,0.0,0.0,0.0,0.0,0.0,0.0,0.0,0.0,0.0,0.0,0.0,0.0,0.0,0.0,0.0,0.0,0.006072874,0.0,0.0,0.0,0.0,0.0,0.0,0.0,0.0,0.0,0.0,0.0,0.0,0.0,0.0,0.0,0.0,0.0,0.0,0.0,0.0,0.0,0.0,0.0,0.0,0.0,0.0,0.0020905472445940276,0.0,0.0,0.0,0.0,0.0,0.0,0.0,0.0,0.0,0.0,0.0,0.0,0.0,0.0,0.0,0.0,0.0
0.004901961,0.016707506916462465,0.0048689139902621725,0.016471607967056785,0.00085251500170503,0.007123474014246948,0.0,0.0034657040069314077,0.0,0.06758642093241359,0.0,0.007642704,0.0,0.014478446985521552,0.008617185551906352,0.0,0.0,0.027316004714976645,0.04594548309189097,0.0,0.0,0.0009239300009239301,0.02218956271594472,0.00023369900046739798,0.0,0.00011194400055971999,0.04338893744827045,0.0,0.0,0.05209953320839814,0.038317055,0.0,0.02618008697381992,0.009815657000000002,0.04789683819158734,0.0,0.0,0.0,0.0,0.0,0.0,0.0,0.0,0.0,0.09837678270486967,0.0,0.0,0.0,0.005711953988576092,0.006677140986645719,0.0020169420020169416,0.0,0.0164798950164799,0.0038535649922928706,0.001284933997430132,0.0,0.0,0.00023068099861591403,0.014754097985245901,0.0,0.019079686038159373,0.018893387,0.020068655979931346,0.017155334051466003,0.0,0.0,0.0,0.0,0.0,0.0,0.01498501513486514,0.006114317000000002,0.03964757692070485,0.031128404999999994,0.0028208740084626222,0.0,0.017777778035555556,0.0,0.0,0.0,0.0004938270009876539,0.015484670061938682,0.01064369002128738,0.007437907007437908,0.08543922982912154,0.0,0.0,0.010796914978406172,6.530000764010089e-5,0.0,0.000177305,0.00012155099975689801,0.1154601497730075,0.000187616999812383,0.036062718,0.052822009888570415,0.021966793956066412,0.01727840853777836,0.0,0.000294117999411764,0.027197406054394812,0.0,0.0,0.05639273689839946,0.023696682023696684,0.0
0.005882353,0.001336600993316995,0.0074906369850187265,0.00043346299913307404,0.007672634015345268,0.000339213000678426,0.005029224,0.0020216610040433222,0.0024840310024840306,0.0027902649972097356,0.00882825000882825,0.008120373,0.002915999895024004,0.000164527999835472,0.0033330618266807846,0.000662777998674444,0.008534851034139403,0.007835959065690434,0.02777301605554603,0.002553625997446374,0.0036793690073587387,0.0009239300009239301,0.003526818478030866,0.011217574022435147,0.000285551000856653,0.010186947050934734,0.006411852031810344,0.005819729994180271,0.0,0.0007776050031104201,0.00150263,0.001807229003614458,0.0007933359992066641,0.00023940600000000006,0.0015351550061406198,0.001397037997205924,0.0006012019993987981,0.0,0.00015395299291816233,0.000266453998934184,0.008149959008149958,0.006147541006147542,0.023026315976973688,0.006972929006972929,0.0,0.004531722009063445,0.000725688997822933,0.0,0.002039983995920032,0.008248232983503535,0.0,0.003184713,0.0009887940009887942,0.001926781996146436,0.014134275971731449,0.02171338304342677,0.0008748909982502181,0.004613609972318341,0.0,0.003193187993613624,0.0011223340022446682,0.004385965,0.001320305998679694,0.0024953210074859632,0.001335113001335113,0.002180549,0.0003125,0.0,0.00025227000075681006,0.0,0.01598401614385615,0.0006870020000000001,0.0022026429955947138,0.0007782099999999999,0.00112835000338505,0.00047192099858423697,0.0017777780035555558,0.0031515920126063677,0.00141309499434762,0.0005975500017926501,0.0004938270009876539,0.0,0.00101368500202737,0.0013281980013281982,0.008904933982190132,0.004061737991876523,0.0,0.0071979429856041145,0.0019598882293069228,0.00252360806561381,0.007092199,0.0009724079980551841,0.0002859810142990507,0.016885552983114446,0.008885017,9.040002205760538e-5,0.003192847993614304,0.003514252312768455,0.000124316000372948,0.023823528952352943,0.001440922002881844,0.004681752009363504,0.004637962422054581,0.0016073939115933346,0.003949447003949448,0.0186507019813493
0.0,0.0,0.0,0.00021673199956653602,0.0,0.000339213000678426,0.001767025,0.0,0.0035486160035486155,0.0,0.002140182002140182,0.0,0.0015050319458188497,0.000493582999506417,0.00227623788163563,0.0,0.008001422032005686,7.320000995520137e-5,0.000171438000342876,0.0,0.0,0.00046196500046196505,0.0002939019565025105,0.000467399000934798,0.0,0.00324639001623195,0.0,0.0,0.0,0.0,0.0,0.0,0.0,0.0,0.0,0.0,0.0,0.0,0.0005388349752135912,0.0,0.0,0.0,0.0,0.0,0.0,0.0,0.0,0.0,0.0,0.0,0.0,0.0,0.0,0.0,0.005139736989720527,0.00473746500947493,0.0,0.00023068099861591403,0.000409835999590164,0.001862692996274614,0.0011223340022446682,0.002361673,0.003960918996039081,0.0,0.0005340450005340451,0.007849978,0.0009375,0.0018570099962859797,0.0,0.0,0.035464535319180826,0.0,0.0,0.0,0.0,0.00047192099858423697,0.0,0.010085093040340372,0.00023551599905793604,0.0,0.0004938270009876539,0.00030969300123877204,0.0005068420010136839,0.0,0.0016847169966305662,0.00016246999967505998,0.000298775000896325,0.0005141389989717221,0.0001306590152871048,0.0,0.0,0.00012155099975689801,0.0,0.0005628519994371479,0.031358885,0.0,0.00038314199923371604,0.0006833270608161083,0.000124316000372948,0.000294117999411764,0.0,0.0,0.0014536901322858024,0.006161676661107783,0.0028210340028210342,0.0
0.0,0.0,0.0,0.0,0.0,0.0,0.0,0.0,0.0,0.0,0.0,0.0,0.0,0.0,0.0,0.0,0.0,0.0,0.0,0.0,0.0,0.0,0.0,0.0,0.0,0.0,0.0,0.0,0.0,0.0,0.0,0.0,0.0,0.0,0.0,0.0,0.0,0.002169981995660036,0.0,0.0,0.0,0.0,0.0,0.0,0.0,0.0,0.0,0.0,0.0,0.0,0.0,0.0,0.0,0.0,0.0,0.0,0.0,0.0,0.0,0.0,0.0,0.0,0.0,0.004054897012164691,0.0,0.0,0.0,0.0,0.0,0.0,0.0,0.0,0.0,0.0,0.0,0.0,0.0008888890017777779,0.0,0.00023551599905793604,0.0,0.0,0.0,0.0,0.0,0.0,0.0,0.0,0.0,0.0,0.0,0.0,0.0,0.0,0.0,0.0,0.025958761333937763,0.0,0.0,0.0,0.0,0.0,0.0,0.0,0.0,0.0,0.0
0.01127451,0.013588772932056136,0.027340823945318355,0.010836583978326831,0.01577152603154305,0.01763907703527815,0.026641294,0.025848375051696747,0.02791578002791578,0.014881413985118589,0.025414660025414662,0.029376642,0.035932648706424646,0.002467916997532083,0.0357694481399887,0.019353127961293744,0.02684921810739687,0.02841450386437253,0.02931596105863192,0.028600612971399392,0.0021024970042049945,0.004619649004619649,0.03967670212784809,0.028745034057490064,0.003426613010279839,0.03682973218414866,0.03878236514386287,0.03477643696522357,0.003875969,0.0073872470295489896,0.013899324,0.00753012001506024,0.011503371988496628,0.010294470000000002,0.010439054041756214,0.01844090496311819,0.04669338695330662,0.010126581979746835,0.009622045557385904,0.020516919917932322,0.03178484103178484,0.03125000003125,0.016447367983552636,0.02912223102912223,0.020167240939498277,0.049848943099697895,0.012336719962989844,0.012246326012246327,0.008975927982048144,0.030636291938727418,0.0008067770008067768,0.011942675,0.0026367830026367833,0.011560693976878613,0.02055894595888211,0.011054086022108172,0.004374452991251094,0.019838523880968857,0.0032786889967213106,0.020755720958488558,0.014029181028058365,0.028002699,0.005545286994454713,0.04242046212726139,0.022696929022696932,0.004797209,0.0015625,0.010677808978644381,0.000756811002270433,0.0,0.021478521193306694,0.014701841000000004,0.016152716967694568,0.010894941999999996,0.02679830708039492,0.01132609696602171,0.004888889009777778,0.014497321057989282,0.0035327369858690525,0.011353451034060356,0.015802469031604937,0.01610405706441623,0.0030410540060821075,0.008766104008766104,0.011070998977858001,0.02924451694151096,0.00179265000537795,0.0437017989125964,0.006990266817861218,0.0096059922497558,0.005673759,0.01349215997301568,0.01142018357100918,0.016510318983489678,0.134146341,0.009316210273155306,0.020945082958109835,0.008980867799297233,0.012182994036548982,0.01691176496617647,0.011347262022694524,0.006799688013599375,0.03322719402367466,0.023039312732837797,0.011961183011961184,0.0059866449940133536
