0.0027561500220492003,0.000482326003858608,0.0,6.890000055119999e-5,0.07813684362509474,0.0031695720253565756,0.0,0.0015847860126782878,0.0,0.0,0.0,0.001860401014883208,0.0,0.0,0.0,0.04010197832081583,0.0,0.047199063377592505,0.0,0.0,0.01639909013119272,0.0,0.0,0.0,0.15579136024633086,0.5315923692527389,0.0,0.0,6.890000055119999e-5,0.0008268450066147599,0.0,0.0,0.11996141495969131,0.0,0.0,0.0
0.006676203993323795,0.0,0.0,0.0,0.07191225592808773,0.0,0.0,0.0023843589976156408,0.0,0.0,0.0,0.000858368999141631,0.0,0.0,0.0,0.01659513598340486,0.000762994999237005,0.03137815896862184,0.0,0.0,0.04530281395469718,0.0,0.0,0.0,0.17911301882088698,0.36909871163090124,0.0,0.0,0.0,0.0,0.0,0.0,0.275917977724082,0.0,0.0,0.0
0.006245741743924589,0.0004542359813763248,0.0,0.0,0.03514648955899394,5.6799997671200105e-5,0.0,0.0005110149790483859,0.0,0.0,0.0,0.0004542359813763248,0.0,0.0,0.0004542359813763248,0.021178741131671616,0.001135588953440853,0.04451510117488086,0.0,0.0,0.07404042396434263,0.0,0.0,0.0,0.1881103712874748,0.4576992772343297,0.0,0.0,0.0009084709627526907,0.0,0.0,0.0,0.16903247106966873,5.6799997671200105e-5,0.0,0.0
0.016005783,0.014973152,0.0,0.0,0.203221809,0.0,0.0,0.0,0.0,0.0,0.0,0.0,0.0,0.0,0.0,0.004543577,0.0,0.004233788,0.0,0.0,0.0,0.0,0.0,0.0,0.271375465,0.381247418,0.0,0.0,0.0,0.000413052,0.0,0.0,0.103985956,0.0,0.0,0.0
0.002918546,0.0,0.0,0.0,0.103608384,0.000132661,0.0,0.002785885,0.0,0.0,0.0,0.003183868,0.0,0.0,0.0,0.004245158,0.0,0.052533829,0.0,0.0,0.028124171,0.000663306,0.0,0.0,0.1435394,0.388299284,0.0,0.0,0.0,0.0,0.0,0.0,0.269965508,0.0,0.0,0.0
0.002788656089236995,0.005933310189865927,0.0,0.0,0.04853447455310319,0.0,0.0,0.0010679960341758732,0.0,0.0,0.0,0.0032039871025275877,0.00011866600379731213,0.0,0.0001779990056959682,0.01762193056390178,0.0,0.05096713063094818,0.0,0.0,0.024326569778450234,0.0,0.0,0.0,0.19016257908520254,0.45627152260068876,0.0,0.0,0.0012459950398718412,0.0,0.0,0.0,0.1975198833206363,5.930000189760006e-5,0.0,0.0
0.008000000008,0.000148148000148148,0.0,0.0,0.21844444421844444,0.000148148000148148,0.0,0.0,0.0,0.0,0.0,0.0,0.0,0.0,0.0,0.014000000014000001,0.0,0.0462962960462963,0.0,0.0,0.000222222000222222,0.0,0.0,0.0,0.23074074123074076,0.30259259330259264,0.0,0.0,0.0,0.000296296000296296,0.0,0.0,0.1791111111791111,0.0,0.0,0.0
0.012596352974807294,0.001034028997931942,0.0,0.0,0.29103214841793573,0.0,0.0,0.000376010999247978,0.0,0.0,0.0,0.0,0.0,0.0,0.00018800499962399003,0.005640157988719684,0.0,0.00874224498251551,0.0,0.0,0.002632073994735852,0.0,0.0,0.0,0.2466629065066742,0.33906749332186503,0.0,0.0,0.000564015998871968,0.002256062995487874,0.0,0.0,0.08892648982214703,0.000282007999435984,0.0,0.0
0.0031640008987519714,0.0,0.0,0.0,0.04587800853190372,0.0002636669915626563,0.0,0.0007031109775004487,0.0,0.0,0.0,0.00017577799437510418,0.0,0.0,0.0,0.02276322627157676,0.0,0.029530672055018494,0.0,0.0,0.03322200593689581,0.0,0.0,0.0,0.2131305961798209,0.47943397965811263,0.0,0.0,8.789999718720009e-5,0.002636666915626659,0.0,8.789999718720009e-5,0.1688345875972932,8.789999718720009e-5,0.0,0.0
0.0012926930943665956,0.010545652769832652,0.0,0.0,0.09599946300796078,0.0018369851340999145,0.0,0.00020410901489995806,0.0,0.0,0.0,0.0014287661042999254,0.0,0.0,6.800000496400035e-5,0.06123282546999625,0.0,0.03224928835419805,0.0,0.0,0.00238127617383316,0.0,0.0,0.0,0.18335829338515539,0.390257206488776,0.0,0.0,0.0010885830794665646,6.800000496400035e-5,0.0,0.0,0.21621990978405337,0.001768948129133213,0.0,0.0
0.0025529737932091226,0.0,0.0,5.1099995860900335e-5,0.05075312288899705,0.000153177987592583,0.0,0.0010211899172836165,0.0,0.0,0.0,5.1099995860900335e-5,0.0017870818552463696,0.0,0.0,0.026142453882461236,0.0,0.05560377349609434,0.0,0.0,0.019811078395302648,0.0,0.0,0.0,0.17477660084309532,0.44922130661307413,0.0,0.0,0.0008169519338268933,0.004288996652591271,0.0,0.0,0.21271379477018262,0.0002552969793209446,0.0,0.0
0.002122851002122851,0.0028761210028761214,0.0,0.00010271900010271901,0.05539957505539958,0.0,0.0,0.000239677000239677,0.0,0.0,0.0,0.0036636310036636316,0.0,0.0,0.0,0.007190303007190304,0.00010271900010271901,0.039033075039033076,0.0,0.0,0.03523248603523249,0.0,0.0,0.0,0.23156200823156203,0.40714236840714235,0.0,0.0,0.000479354000479354,0.0,0.0,0.0,0.2139628842139629,0.0008902280008902281,0.0,0.0
0.017187366831259057,8.469999424040039e-5,8.469999424040039e-5,0.0,0.04876809468376956,0.00016933398848528877,0.0,0.003217339781220895,0.0,0.0,0.0,0.004572008689103409,0.0,0.0,0.0,0.008212682441537594,0.0022860048445516703,0.06409279064169023,0.0,0.0,0.05096943153407865,0.0,0.0,0.0,0.16780965758894328,0.5276436861202293,0.0,0.0,0.0006773349539412231,0.0,0.0,0.0,0.1025315310278559,0.0016933368848530918,0.0,0.0
0.003493684003493684,0.000134372000134372,0.0,0.0,0.03453372703453373,0.0,0.0,0.000806235000806235,0.0,0.000268745000268745,0.0,0.002284332002284332,0.0,0.0,0.000806235000806235,0.027008869027008872,0.00040311700040311703,0.03359312003359312,0.0,0.0,0.08371405508371406,0.0,0.0,0.0,0.18409029818409034,0.4543133574543134,0.0,0.0,0.00322494000322494,0.0,0.0,0.0,0.17078742317078743,0.00053749000053749,0.0,0.0
0.007082862872508469,0.002256486959383235,0.0,0.0002507209954870221,0.06067443790786012,0.00012535999774352006,0.0,0.0011909239785633686,0.0,0.0,0.0,0.0012536039774351285,0.0003760809932305422,0.0,0.00012535999774352006,0.0036981319334336254,0.002444527955998497,0.09101165736179016,0.0,0.0,0.022627553592704037,0.0,0.0,0.0,0.16541306002256492,0.44822614193192944,0.0,0.0,0.0009402029830763464,6.269999887140003e-5,0.0,0.0,0.19186410554644612,0.0003760809932305422,0.0,0.0
0.0015806109336143409,0.0021074819114857597,0.0,6.589999723220012e-5,0.028846152788461584,0.0,0.0,0.0007903059668071495,0.0,0.0,0.0,0.0008561639640411136,0.0,0.0,0.0,0.07251053395455757,0.00013171799446784423,0.02634351789357225,0.0,0.0,0.003753951842334023,0.0,0.0,0.0,0.17004741085800876,0.5733008189213656,0.00013171799446784423,0.0,0.0004610119806374969,0.0043466808174394056,0.0,0.0,0.11413329320640168,0.0005927289751053831,0.0,0.0
0.0014426109466233949,9.019999666260011e-5,0.0,0.0,0.12830222225281776,0.0,0.0,0.0002704899899918704,0.0,0.0,0.0,0.0,0.0,0.0,0.0,0.009917950633035827,0.0,0.017491659352808605,0.0,0.0,0.0,0.0,0.0,0.0,0.3346857686166266,0.35407085489937834,0.0,0.0,0.0003606529866558395,0.0002704899899918704,0.0,0.0,0.1530971003354073,0.0,0.0,0.0
0.02450318228940772,0.0016399769524406685,0.0,0.0,0.11817479857293085,0.0,0.0,0.0061740298209531355,0.0,0.0,0.0,0.0021223229384526353,0.0,0.0,0.0,0.004534053868512438,0.0,0.0982056691520356,0.0,0.0,0.025564344258634016,9.649999720150008e-5,0.0,0.0,0.16004244135876922,0.3397646051468265,0.0,0.0,0.0006752849804167356,0.00019293799440479818,0.0,0.0,0.21811691467460947,0.00019293799440479818,0.0,0.0
0.006857444,0.0,0.0,0.0,0.02953976,0.0,0.0,0.0,0.0,0.0,0.0,0.0,0.0,0.0,0.0,0.005802453,0.000791244,0.030726625,0.0,0.0,0.034550969,0.0,0.0,0.0,0.203349598,0.538968746,0.0,0.0,0.0,0.0,0.0,0.0,0.149281287,0.000131874,0.0,0.0
0.007728735193218378,0.0,0.0,8.930000223250005e-5,0.05432451935811298,0.0018316650457916258,0.0,0.00044674801116870025,0.0,0.0,0.0,0.00040207301005182523,0.0,0.0,0.0,0.009426376235659405,0.0009828450245711255,0.0478913521972838,0.0,0.0,0.050527163263179076,0.0,0.0,0.0,0.16221408505535212,0.43919765197994126,0.0,0.0,0.0009381700234542505,0.0009381700234542505,0.0,0.0,0.22301644557541112,4.470000111750002e-5,0.0,0.0
0.0023291932725156127,7.760000907920106e-5,0.0,0.0,0.04572981935038886,7.760000907920106e-5,0.0,0.00015528001816776213,0.0,0.0,0.0,0.0,0.0,0.0,0.0,0.08602485506490805,0.0028726713361025462,0.03913043957826143,0.0,0.0,0.017236027016615158,0.0,0.0,0.0,0.11242237315341766,0.5174690045438735,0.0,0.0,0.0,7.760000907920106e-5,0.0,0.0,0.1763975366385118,0.0,0.0,0.0
0.0066138937023747825,0.0059889587304968565,0.0,0.00015623399296947027,0.04634933691427983,0.0,0.0,0.0012498699437558521,0.0,0.0,0.0,0.0014061039367253227,0.0,0.0,0.0,0.01853973416571196,0.0006249349718779261,0.040881156160347966,0.0,0.0,0.05249452963774616,0.0,0.0,0.0,0.18586604763602782,0.47442972565066227,0.0,0.0,5.209999765550009e-5,0.0,0.0,0.0,0.1652952745617126,5.209999765550009e-5,0.0,0.0
0.004969280761474524,9.039999566080021e-5,0.0,0.0,0.037224429213227404,0.005240331748464076,0.0,0.0014456089306107715,0.0,0.0,0.0,0.0,0.0,0.0,0.0011745569436212666,0.002620165874232038,0.0,0.05655944828514648,0.0,0.0,0.016624502202023893,0.0,0.0,0.0,0.19018791987097985,0.45717381205565705,0.0,0.0,0.0,0.0,0.0,0.0,0.22668954411890188,0.0,0.0,0.0
0.036868509889394475,0.0,0.0,0.0,0.039085287882744145,0.0,0.0,0.0007000349978998952,0.0,0.0,0.0,0.0003500179989499461,0.0,0.0,0.00023334499929996506,0.02030101493909696,0.00011667299964998102,0.06381985780854044,0.0,0.0,0.030334849908995456,0.014934079955197764,0.0,0.0,0.1608913775173259,0.47380702257857904,0.0,0.0,0.0,0.0026834679919495964,0.0,0.00011667299964998102,0.1556411145330767,0.00011667299964998102,0.0,0.0
0.0033135129602378448,4.539999945520001e-5,0.0,0.0,0.05887158929354094,0.00022695299727656406,0.0,0.0013617179836593843,0.0,0.0,0.0,0.0006808589918296922,0.0,0.0,0.0,0.006763196918841638,0.0004539059945531281,0.06100494726794064,0.0,0.0,0.02600880568789433,0.00022695299727656406,0.0,0.0,0.22618128728582457,0.38518450837778595,0.0,0.0,0.00022695299727656406,0.0,0.0,0.00027234399673187204,0.22858698825695614,0.0005900779929190641,0.0,0.0
0.035568988,0.000232477,0.0,0.0,0.062652563,0.000348716,0.0,0.000464954,0.0,0.0,0.0,0.003370917,0.0,0.0,0.001859816,0.008717889,0.0,0.042659537,0.0,0.0,0.044403115,0.0,0.0,0.0,0.19260723,0.379983727,0.0,0.0,0.0,0.0,0.0,0.0,0.226897594,0.000232477,0.0,0.0
0.012295802,0.001405234,0.0,0.0,0.258211839,0.0,0.0,0.000526963,0.0,0.0,0.0,0.0,0.0,0.0,0.0,0.003688741,0.0,0.023010715,0.0,0.0,0.0,0.0,0.0,0.0,0.241875988,0.403302301,0.0,0.0,0.0,0.000351309,0.0,0.0,0.055331108,0.0,0.0,0.0
0.0009216120009216121,5.12000000512e-5,0.0,0.0,0.13624494413624497,0.0,0.0,0.000665609000665609,0.0,0.0,0.0,0.0,0.0,0.0,0.0,0.01710101901710102,0.00020480300020480304,0.03241001503241002,0.0,0.0,0.0010240130010240132,0.0,0.0,0.0,0.24473913324473914,0.373303978373304,0.0,0.0,0.00010240100010240101,0.0014336180014336182,0.0,5.12000000512e-5,0.1915928521915929,0.000153602000153602,0.0,0.0
0.0010741750375961264,0.00011307100395748515,0.0,0.0,0.0383876083435663,0.0,0.0,0.000734962025723671,0.0,0.0,0.0,0.00424016314840571,0.0002261420079149703,0.0,0.0009045680316598812,0.10555179069431268,5.650000197750007e-5,0.059418817079658605,0.0,0.0,0.025949796908242895,0.0,0.0,0.0,0.11595432305840132,0.4712234444928206,0.0,0.0,0.0002261420079149703,0.000734962025723671,0.0,0.0,0.17367707507869765,0.001526459053426067,0.0,0.0
0.004341621843701613,0.004736314829492666,0.0,0.00021252699234902827,0.056137472979050966,0.0,0.0,0.0013966059497221859,0.0,3.039999890560004e-5,0.0,0.0006983029748610929,0.0,0.0,0.00045541498360506053,0.007134832743146021,9.109999672040012e-5,0.06630840461289743,0.0,0.0,0.018520204333272644,0.0,0.0,0.0,0.22710021382439227,0.44138808911002875,0.0,0.0,0.0006375809770470848,6.0699997814800074e-5,0.0,0.0,0.17041624286501525,0.0003339709879770444,0.0,0.0
0.0021049219410621853,0.00010794499697754007,0.0,0.0,0.0351899820146805,0.00010794499697754007,0.0,0.0006476679818652964,0.0,0.0003778069894214043,0.0,0.0006476679818652964,0.0,0.0,0.00010794499697754007,0.017271156516407614,0.0004317789879101883,0.03286917007966324,0.0,0.0,0.03697106996481004,0.0,0.00010794499697754007,0.0,0.19964377640997424,0.3730569845544044,0.0,0.0,5.3999998488000034e-5,0.00010794499697754007,0.0,0.0,0.2999784026006047,0.00021588899395510815,0.0,0.0
0.008437694067501552,0.0007993610063948879,0.0,0.000532907004263256,0.1338484780707878,0.0004884980039079839,0.0,0.00368594002948752,0.0,0.0,0.0,0.00022204500177636002,0.0,0.0,4.44000003552e-5,0.020339284162714272,0.0,0.08548716668389733,0.0,0.0,0.007904787063238296,0.0,0.0,0.0,0.18842703750741627,0.4233058033864464,0.0,0.0,0.000133227001065816,0.0004884980039079839,0.0,0.0,0.12558841900470735,0.000266454002131632,0.0,0.0
0.0006666030399961825,9.520000571200034e-5,0.0,0.0,0.053994861239691674,0.0001904580114274807,0.0,0.0009522900571374034,0.0,0.0002856870171412211,0.0,9.520000571200034e-5,0.0,0.0,0.0,0.17465004347900262,0.0,0.03228264193695852,0.0,0.0,0.0017141221028473261,0.0,0.0,0.0,0.21197982371878943,0.3805352098321126,0.0,0.0,0.0,0.0005713740342824422,0.0,0.0,0.14198648551918913,0.0,0.0,0.0
0.004179775008359551,0.0,0.0,0.0,0.04543820209087641,0.00044943800089887606,0.0,0.0013033710026067423,0.0,0.0,0.0,0.0006292130012584261,0.0,0.0,0.0,0.021258427042516858,0.00017977500035955003,0.047011236094022475,0.0,0.0,0.03505618007011237,0.0,0.0,0.0,0.1516853933033708,0.5150112370300225,0.00013483100026966203,0.0,0.001033708002067416,0.010157303020314607,0.0,0.0,0.1655280903310562,0.0009438200018876402,0.0,0.0
0.0031199299906402096,0.01568284895295145,0.0,0.000124796999625609,0.05299721284100836,0.00016639599950081199,0.0,0.0005407879983776359,4.1599999875200003e-5,0.0,0.0,0.001289570996131287,0.0,0.0,0.00016639599950081199,0.018553183944340447,0.001455966995632099,0.06023545081929365,0.0,0.0,0.01743000994770997,0.0,0.0,0.000332792999001621,0.07862223876413328,0.6784807999645577,0.000207994999376015,0.0,0.00041599099875202697,0.001913556994259329,0.0,8.319999975040001e-5,0.06813927379558217,0.0,0.0,0.0
0.001703407,0.022144289,0.0,0.0,0.057715431,0.000300601,0.0,0.000300601,0.0,0.0,0.0,0.00240481,0.0,0.0,0.0,0.047194389,0.0,0.037825651,0.0,0.0,0.015631263,0.0,0.0,0.0,0.149799599,0.461873747,0.0,0.0,0.002755511,0.003306613,0.0,0.0001002,0.196893788,5.01e-5,0.0,0.0
0.019192550038385096,0.0027823520055647037,0.0,0.00011356500022712999,0.08046107516092216,0.000283913000567826,0.0,0.004201919008403838,0.0,0.0,0.0,0.002271308004542616,0.0,0.0,0.0026120040052240077,0.0007949580015899159,0.00039747900079495797,0.08880813117761625,0.0,0.0,0.05189938110379876,0.0,0.0,0.0,0.16330702432661404,0.4418829148837658,0.0,0.0,0.000511044001022088,0.000283913000567826,0.0,0.0,0.13889046627778093,0.0013060020026120038,0.0,0.0
0.0061225330367351985,0.000620527003723162,0.0,0.0,0.036652463219914784,8.270000049620001e-5,0.0,0.00033094800198568805,0.0,0.0,0.0,0.001365159008190954,0.0,0.0,0.00012410500074463,0.004798742028792452,0.00020684200124105202,0.04902163629412982,0.0,0.0,0.06726513140359079,0.0,0.00045505300273031806,0.0,0.17453357204720144,0.5178504971071031,0.0,0.0,0.000868738005212428,0.0012824230076945381,0.0,0.0,0.1383775298302652,4.14000002484e-5,0.0,0.0
0.005716724131484656,0.005972696137372012,0.0,0.0,0.01806029641538682,0.0,0.0,0.0003697380085039742,0.0,0.0,0.0,0.0012229810281285637,0.0,0.0,0.00031285600719568814,0.07940842082639368,0.0005688280130830443,0.043885098009357255,0.0,0.0,0.024317406559300352,0.0,0.0,0.0,0.18333333721666675,0.5176336869055749,0.0,0.0,8.530000196190004e-5,0.0007679180176621144,0.0,0.0,0.1183447127219284,0.0,0.0,0.0
6.299999319600073e-5,0.005477899408386864,0.0,0.0,0.08298702003740184,0.00012592898639966944,0.0,0.0,0.0,0.0,0.0,0.0010074298911975717,0.0,0.0,6.299999319600073e-5,0.05408638115867083,0.0,0.031041427647525814,0.0,0.0,0.014355873449565668,0.0,0.0,0.0,0.20746755059350452,0.40158665862864085,0.0,0.0,0.0003148219659992276,0.0,0.0,6.299999319600073e-5,0.20123407926671943,0.00012592898639966944,0.0,0.0
0.002921030997078969,0.006698226993301772,0.0,0.0,0.057765914942234084,0.000705076999294923,0.0,0.000705076999294923,0.0,0.0,0.0,0.000805801999194198,0.0,0.0,0.00015108799984891197,0.004381546995618453,0.0,0.03238315896761684,0.0,0.0,0.005892424994107574,0.0,0.0,0.0,0.17480862182519136,0.445406929554593,0.0,0.0,0.00035253799964746197,0.0022159549977840446,0.0,0.000251812999748187,0.2635979047364021,0.0009568899990431099,0.0,0.0
0.0039773918249947585,0.00027911498771894045,0.0,0.0,0.0573581724762404,0.00013955799385944825,0.0,0.0006280089723676052,0.0,6.979999692880013e-5,0.0,0.00020933599078921638,0.0,0.0,0.00013955799385944825,0.0036982758372758624,0.0,0.10383085143144252,0.0,0.0,0.04535621900432636,0.0,0.0,0.0,0.15121065534673114,0.48510220465550297,6.979999692880013e-5,0.0,0.00041867298157838875,0.00013955799385944825,0.0,0.0,0.14618658256779035,0.0011862399478054422,0.0,0.0
0.0013894760319579484,6.040000138920002e-5,0.0,0.0,0.03654926684063313,0.0003020600069473801,0.0,0.0012082400277895204,0.0,0.0,0.0,0.0010874160250105684,0.0,0.0,0.00012082400277895203,0.038663686889264796,0.004530901104210725,0.03395155078088566,0.0,0.0,0.035703498821180464,0.0,0.0,0.0,0.1928351404352082,0.4606415865947564,0.0,0.0,6.040000138920002e-5,0.0,0.0,0.0,0.19289555243659767,0.0,0.0,0.0
0.00802139,0.308242269,0.0,0.0,0.081783306,0.0,0.0,0.000232504,0.0,0.0,0.0,0.0,0.0,0.0,0.0,0.036154383,0.0,0.027958614,0.0,0.0,0.000639386,0.0,0.0,0.0,0.160718438,0.275342944,0.0,0.0,0.000813764,0.00029063,0.0,0.0,0.09968612,0.000116252,0.0,0.0
0.011316510640894045,0.004661630675936448,0.0,0.00038579005593955817,0.04619836669876318,6.430000932350137e-5,0.0,0.0006108340885709429,0.00041793906060116383,3.2100004654500676e-5,0.0,0.0013502651957884536,0.0,0.0,3.2100004654500676e-5,0.006526282946311027,6.430000932350137e-5,0.07513262589423075,0.0,0.0,0.005658254820446949,3.2100004654500676e-5,0.0,0.0,0.1362482117559907,0.6271982909437522,0.00260408337759209,0.0,0.0,0.0,0.0,0.0,0.08111237276129404,0.0003536410512779525,0.0,0.0
0.008254403140324855,0.25706569737011686,0.0,0.0,0.1298261652070448,0.00022823200387994406,0.0,0.0,0.0,0.0,0.0,7.610000129370003e-5,0.0,0.0,0.0,0.028452965483700413,0.0,0.01841074231298262,0.0,0.0,0.0,0.0,0.0,0.0,0.12632660214755226,0.3027121661461068,0.0,0.0,0.0003803870064665791,3.800000064600001e-5,0.0,0.0,0.12822853917988516,0.0,0.0,0.0
0.003945174003945174,0.004717940004717941,0.0,0.0,0.181356001181356,0.0,0.0,0.000325375000325375,0.0,0.0,0.0,0.000203359000203359,0.0,0.0,0.0,0.001301501001301501,0.0,0.028999065028999068,0.0,0.0,0.0,0.0,0.0,0.0,0.21633383521633384,0.40915931240915937,0.0,0.0,0.0008134380008134381,0.000732094000732094,0.0,0.0,0.1521129051521129,0.0,0.0,0.0
0.0038944184945911495,8.650001098550141e-5,0.0,0.0,0.16244052262994638,0.00043271305495455804,0.0,0.0028559073627002353,0.0,0.0,0.0,0.0001730850219817978,0.0,0.0,0.0,0.0019904802527909928,8.650001098550141e-5,0.09969711366153344,0.0,0.0,0.003548248450627554,0.0,0.0,0.0,0.19896151426811234,0.3378624399085299,0.0,0.0,0.0,0.0001730850219817978,0.0,8.650001098550141e-5,0.18771097183929344,0.0,0.0,0.0
0.0026789789973210207,5.6999999943e-5,0.0,0.0,0.04770861795229138,0.00017099899982900098,0.0,0.0008549929991450069,0.0,0.0,0.0,0.000113998999886001,0.0,0.0,0.0,0.05494755994505243,0.0,0.037220701962779296,0.0,0.0,0.004901960995098038,0.0,0.0,0.0,0.18279753781720245,0.4557683535442316,0.0,0.0,0.0018809849981190148,0.0021659829978340167,0.0,5.6999999943e-5,0.20844733179155267,0.000227997999772002,0.0,0.0
0.012175687,0.0,0.0,0.0021674,0.065340728,0.0,0.0,0.000127494,0.0,0.0,0.0,0.000191241,0.0,0.0,0.002231147,0.001976159,0.000127494,0.116274622,0.0,0.0,0.023650156,0.004398547,0.0,0.0,0.097341748,0.399120291,0.0,0.0,0.000446229,0.000509976,0.0,0.0,0.273538599,0.000382482,0.0,0.0
0.01580498254165551,0.0008036429766943538,0.0,0.0001339409961157111,0.035695149964840654,0.0006027319825207725,0.0,0.0009375839728100649,0.0,0.0,0.0,0.0003348509902893213,0.0,0.0,0.00040182198834716237,0.0038173048892981586,0.0003348509902893213,0.06067505824042332,0.0,0.0,0.029667826139633046,0.0,0.0,0.0,0.1612643943233326,0.4717385343195825,0.0,0.0,0.00046879198640503245,0.0005357619844629024,0.0,0.0,0.21671577171524264,6.699999805700007e-5,0.0,0.0
0.002104499,0.000145138,0.0,0.0,0.196008708,0.000435414,0.0,0.00065312,0.0,0.0,0.0,0.000507983,0.0,0.0,0.0,0.003265602,0.0,0.027358491,0.0,0.0,0.000217707,0.0,0.0,0.0,0.212917271,0.360812772,0.0,0.0,0.000725689,0.000507983,0.0,0.0,0.194194485,0.000145138,0.0,0.0
0.008174730719376303,0.00465330840949114,0.0,0.00029345202582377826,0.04066404357843583,4.190000368720033e-5,0.0,0.0005869040516475565,0.0,0.0,0.0,0.0036471873209524843,0.00012576501106732098,0.0,0.0017187891512534454,0.017313659523602035,8.380000737440065e-5,0.042047458700176364,0.0,0.0,0.04393393486618627,0.0,0.0,0.0,0.16131467819569167,0.5049468034353186,0.0009222770811603831,0.0,0.0002096080184455056,0.012869960132556492,0.0,0.0,0.1564098397640659,4.190000368720033e-5,0.0,0.0
0.0021656740779642664,0.020709258745533313,0.0,0.0,0.05517957198646458,0.00018047300649702824,0.0,0.0006316550227395807,0.0,0.0,0.0,0.00045118201624255255,0.0,0.0,0.001534019055224686,0.07652048675473752,0.0,0.050171450806172226,0.0,0.0,0.02188233278776398,0.0,0.0,0.0,0.14343079416350857,0.4611983566031408,0.0,0.0,0.0014437830519761895,0.0,0.0,4.510000162360005e-5,0.1644107619187874,4.510000162360005e-5,0.0,0.0
0.003942551007885102,7.040000014080001e-5,0.0,0.0,0.04196001108392003,0.0,0.0,0.0,0.0,0.0,0.0,0.0017600680035201363,0.0,0.0,0.0,0.005068995010137991,0.00014080500028161003,0.03942551407885104,0.0,0.0,0.0389326950778654,0.0,0.0,0.0,0.18234300236468604,0.48556744697113496,0.0,0.0,0.0002816110005632221,0.0,0.0,0.0,0.20015488640030982,0.00035201400070402803,0.0,0.0
0.00482508996622437,0.0,0.0,0.00045235199683353605,0.06453558454825092,7.53999994722e-5,0.0,0.0009047039936670721,0.0,0.0,0.0,0.00045235199683353605,0.0,0.0,0.0,0.006936067951447525,0.0,0.07818154345272921,0.0,0.0,0.027970445804206878,0.0,0.0,0.0,0.11512364219413451,0.525331721322678,0.0,0.0,0.000301567997889024,0.0,0.0,0.0,0.17490952877563332,0.0,0.0,0.0
0.0029546799970453196,0.000454565999545434,0.0,0.000545478999454521,0.03831992396168007,0.00027273999972726,0.0,0.0006818489993181509,0.0,0.0,0.0,0.0019546339980453654,0.00013636999986363,0.0,0.0,0.016773489983226506,0.0,0.04200190895799808,0.0,0.0,0.03763807396236192,0.0,0.0,0.0,0.22105550277894445,0.4229737715770262,0.0,0.0,0.000181825999818174,0.0,0.0,0.0,0.21378244478621752,0.00027273999972726,0.0,0.0
0.006727928979816213,5.46999998359e-5,0.0,0.00021879399934361798,0.05163548784509354,0.000437588998687233,0.0,0.0016409579950771261,0.0,0.0,0.0,0.001148670996553987,0.0,0.0,0.0,0.002023848993928453,5.46999998359e-5,0.12093862763718412,0.0,0.0,0.06875615379373154,0.0,0.0,0.0,0.17886445646340662,0.4497319756508041,0.0,0.0,0.000765780997702657,0.0,0.0,0.0,0.11689093064932721,0.00010939699967180899,0.0,0.0
0.02107373368389399,0.0016624289750635651,0.0,0.000977898985331515,0.043516526347252095,0.0001955799970663,0.0,0.0003911599941326,0.0,0.0,0.0,0.00122237398166439,0.0,0.0,0.0004889499926657501,0.011490318827645217,0.0008801099867983501,0.07505378287419325,0.0,0.0,0.04385879034211814,0.0,0.0,0.0,0.142333265865001,0.5209759361853609,0.00102679398459809,0.0,9.779999853300001e-5,0.0,0.0,0.0,0.13470564997941525,4.8899999266500004e-5,0.0,0.0
0.0016787910016787908,0.0,0.0,0.0,0.10044767810044766,0.0,0.0,0.0029378850029378846,0.0,0.000279799000279799,0.0,0.0,0.0,0.0,0.0,0.03301622803301622,0.0,0.026720761026720757,0.0,0.0,0.010492445010492443,0.0,0.0,0.0,0.1849468381849468,0.4177392284177392,0.0,0.0,0.0,0.00013989900013989897,0.0,0.00013989900013989897,0.22146054822146052,0.0,0.0,0.0
0.011457397461502322,0.00029925998593478066,0.0,0.0005985209718695144,0.04582959084600924,0.002180325897524683,0.0,0.000427514979906796,0.0,0.0,0.0,0.0009832839537856543,0.0,0.0,0.0027788468693941974,0.024881363830575903,0.0,0.033004145448805165,0.0,0.0,0.035227222344320554,0.0,0.0,0.0,0.23722798285028482,0.45226794474340665,8.54999959815002e-5,0.0,0.0002565089879440776,0.0033346158432730555,0.0,0.0,0.14911717499149277,4.27999979884001e-5,0.0,0.0
0.0012783209002909697,0.0001322399896852808,0.0,8.819999312040055e-5,0.04945781114229073,0.00022039998280880133,0.0,0.00022039998280880133,0.0,8.819999312040055e-5,0.0,0.0007493609415498466,0.0,0.0,0.00030855997593232185,0.011460812106056656,0.0,0.043242524627083084,0.0,0.0,0.011725292085427217,0.0,0.0,0.0,0.21189278047236312,0.46486816474028314,0.0,0.0,0.00017631998624704107,0.0,0.0,0.0,0.20409061308093218,0.0,0.0,0.0
0.000716104000716104,0.0,0.0,0.0,0.05943666505943667,0.00015913400015913403,0.0,0.000716104000716104,0.0,0.0,0.0,0.0,0.0,0.0,0.0,0.030712922030712925,0.0,0.04567154704567155,0.0,0.0,0.02546148902546149,0.003500955003500955,0.0,0.0,0.11736155311736156,0.30760662030760666,0.0,0.0,0.000397836000397836,0.001193507001193507,0.0,0.0,0.4068268624068269,0.000238701000238701,0.0,0.0
0.0241011979517976,0.007856191984287615,0.0,0.0,0.04234354191531291,0.0,0.0,0.000133155999733688,0.0,0.0,0.0,0.0007989349984021298,0.0,0.0,0.0033288949933422095,0.007989347984021303,0.0026631159946737676,0.08521970682956058,0.000133155999733688,0.0,0.04953395490093208,0.0,0.0,0.0,0.1262316907475366,0.5223701719552596,0.004127829991744339,0.0014647139970705718,0.0,0.0,0.0,0.0,0.12170439375659119,0.0,0.0,0.0
0.012819151333297935,0.0,0.0,0.0,0.07776479502188466,0.0008144760211763765,0.0,0.0009561250248592507,0.0,0.0,0.0,3.540000092040002e-5,0.0,0.0,0.0,0.006551223170331802,0.0002478840064449841,0.04015723004408798,0.0,0.0,0.07574630996940405,3.540000092040002e-5,0.0,0.0,0.18283225775363868,0.46432240307238243,0.0004957680128899682,0.0,0.0013810690359077947,0.00028329600736569615,0.0,0.0,0.1355572115244875,0.0,0.0,0.0
0.0048752179951247815,0.00069645999930354,0.0,0.0,0.19280324980719674,0.0,0.0,0.0009286129990713869,0.0,0.0,0.0,0.0,0.0,0.0,0.0,0.01822402798177597,0.0,0.027394079972605918,0.0,0.0,0.00023215299976784697,0.0,0.0,0.0,0.2698781197301219,0.3593731856406268,0.0,0.0,0.00011607699988392298,0.0033662219966337776,0.0,0.0,0.12211259387788741,0.0,0.0,0.0
0.01444507998555492,0.0,0.0,0.0,0.12542906187457092,0.0,0.0,0.000143020999856979,0.0,0.0,0.0,0.00042906199957093796,0.0,0.0,0.00028604099971395896,0.015160182984839817,0.0007151029992848969,0.05863844394136155,0.0,0.0,0.03017734596982265,0.0,0.0,0.0,0.12886155587113843,0.4137585805862414,0.0,0.0,0.0,0.0,0.0,0.0,0.21195652178804347,0.0,0.0,0.0
0.011503158988496841,0.00017880599982119397,0.0,0.0,0.05721778494278221,0.00047681499952318497,0.0,0.00256287999743712,0.0,0.0,0.0,0.000119203999880796,0.0,0.0,0.00017880599982119397,0.09035641890964356,0.00035761099964238895,0.06836333293163666,0.0,0.0,0.024079150975920848,0.0,0.0,0.0,0.11169388488830612,0.5304565494695435,0.0,0.0,0.00035761099964238895,0.001370842998629157,0.0,0.0,0.10054833689945165,0.00017880599982119397,0.0,0.0
0.019090367980909635,0.000270401999729598,0.0,0.00032448199967551804,0.05072738094927263,0.00037856299962143704,0.0,0.002379535997620464,0.0,0.0,0.0,0.0017305719982694283,0.0,0.0,0.0014060889985939111,0.006814125993185875,0.0,0.08014709891985292,0.0,0.0,0.05894759594105241,0.0,0.0,0.0,0.16142988483857013,0.44551403355448604,0.0,0.0,0.000594883999405116,0.0,0.0,0.0,0.17024498382975503,0.0,0.0,0.0
0.00562516,0.01615955,0.0,0.0,0.073689593,0.000409103,0.0,0.00046024,0.0,0.0,0.0,0.0,0.0,0.0,0.0,0.083559192,0.000255689,0.022040399,0.0,0.0,0.004142163,0.0,0.0,0.0,0.21733572,0.398977244,0.0,0.0,0.001073894,0.0,0.0,0.000153413,0.175811813,0.000306827,0.0,0.0
0.00014283700228539202,7.140000114240002e-5,0.0,0.0,0.05377803286044853,0.0004999290079988641,0.0,0.00014283700228539202,0.0,0.0,0.0,0.0007141840114269441,0.0,0.0,0.0,0.029210113467361815,0.0,0.0257820314125125,0.0,0.0,0.01728324527653192,0.0,0.0,0.0,0.15833452653335242,0.41844022969504363,0.0,0.0,0.0005713470091415521,0.0,0.0,0.0,0.2948864497181832,0.00014283700228539202,0.0,0.0
0.000353575997171392,0.0,0.0,0.0,0.0998850872009193,0.000353575997171392,0.0,0.0009723329922213361,0.0,0.0,0.0,8.83999992928e-5,0.0,0.0,0.0,0.009458144924334841,0.0,0.023335984813312123,0.0,0.0,0.0,0.0,0.0,0.0,0.29664986962680107,0.324759124401927,0.0,0.0,0.0,0.0008839389929284881,0.0,0.0,0.2391054520871564,0.004154512966763897,0.0,0.0
0.006471475194144256,0.0009424480282734409,0.0,0.0,0.03820055414601663,0.0005654690169640705,0.0,0.0007539580226187406,0.0,0.0,0.0,0.00012566000376980013,0.0,0.0,0.0,0.01005277730158332,0.00012566000376980013,0.023812516714375502,0.0,0.0,0.06427494492824835,0.0,0.0,0.0,0.18113848243415448,0.5368811421064343,0.0,0.0,0.0003769790113093703,6.280000188400006e-5,0.0,0.0,0.136215133086454,0.0,0.0,0.0
0.00949136,0.066682891,0.0,0.0,0.100146021,0.0,0.0,0.000243368,0.0,0.0,0.0,0.0,0.0,0.0,0.0,0.009613045,0.0,0.0130202,0.0,0.0,0.003042103,0.0,0.0,0.0,0.217692869,0.390727671,0.0,0.0,0.0,0.0,0.0,0.0,0.188610367,0.000730105,0.0,0.0
0.018859973,0.001580445,0.0,0.000105363,0.048835739,0.000421452,0.0,0.000895585,0.0,0.0,0.0,0.001949215,0.0,0.0,0.000684859,0.048361606,0.0,0.03824676,0.0,0.0,0.030765989,0.0,0.0,0.0,0.198029712,0.437993889,0.0,0.0,0.000158044,0.027763144,0.0,0.0,0.145348225,0.0,0.0,0.0
0.00184965,0.0,0.0,0.0,0.01968556,0.000132118,0.0,0.0,0.0,0.0,0.0,0.001453296,0.0,0.0,0.0,0.348394768,0.0,0.011890606,0.0,0.0,0.02761263,0.0,0.0,0.0,0.086801427,0.387237416,0.0,0.0,0.000132118,0.0,0.0,0.0,0.114678293,0.000132118,0.0,0.0
0.00020142301671811038,6.710000556930046e-5,0.0,0.0,0.02631932518450399,0.0026856452229085536,0.0,6.710000556930046e-5,0.0,0.0,0.0,0.0015442461281724286,0.0,0.0,0.0006714110557271176,0.01376393314240645,0.0,0.03759903612071999,0.0,0.0,0.010876863902779704,0.0,0.0,0.0,0.21055460347603208,0.4687794129086913,0.0,0.0,0.002014234167181436,0.0,0.0,0.0,0.22485566566302023,0.0,0.0,0.0
0.006178334,0.004502854,0.0,0.0,0.041415781,0.001151893,0.0,0.000157076,0.0,0.0,0.0,0.001937274,0.0,0.0,0.000157076,0.005550029,0.000104718,0.060317294,0.0,0.0,0.029582701,0.0,0.0,0.0,0.172417404,0.460181161,0.0,0.0,0.000209435,0.003036808,0.0,0.0,0.212890727,0.000209435,0.0,0.0
0.004252588157345761,0.014563107538834979,0.0,0.0,0.0992939136738748,0.00020059400742197827,0.0,0.0002407130089063813,0.0,0.0,0.0,4.010000148370005e-5,0.0,0.0,0.0,0.1760812065150046,0.0,0.030771083138530074,0.0,0.0,0.001965819072735306,0.0,0.0,0.0,0.22743321041502876,0.3360747934347673,0.0,0.0,0.0003209500118751504,0.00012035600445317215,0.0,4.010000148370005e-5,0.10836075200934782,0.0002407130089063813,0.0,0.0
0.0,0.000108542,0.0,0.0,0.143601433,0.000217085,0.0,0.000108542,0.0,0.0,0.0,0.000325627,0.0,0.0,0.0,0.003147726,0.0,0.015413003,0.0,0.0,0.000108542,0.0,0.0,0.0,0.393031586,0.287311408,0.0,0.0,0.0,0.001845219,0.0,0.0,0.154781287,0.0,0.0,0.0
0.0019250960077003842,0.13720686054882747,0.0,8.750000035e-5,0.14814490759257964,0.0,0.0,0.000437522001750088,0.0,0.0,0.0,0.000875044003500176,0.0,0.0,0.0,0.001225061004900244,0.00017500900070003604,0.033251663133006655,0.0,0.0,0.001750088007000352,0.0,0.0,0.0,0.15050752560203012,0.36016800944067207,0.0,0.0,0.00035001800140007207,0.02003850208015401,0.0,0.0,0.14385719357542878,0.0,0.0,0.0
0.00034944101362819957,4.990000194610008e-5,0.0,0.0,0.07952276710138792,0.0010982430428314789,0.0,0.00034944101362819957,0.0,0.0,0.0,0.0,0.0,0.0,0.0,0.05755790924475847,0.0,0.03324680629662545,0.0,0.0,0.005740815223891795,0.0,0.0,0.0,0.2613817991938902,0.4100938659936608,0.0,0.0,0.000599042023362639,0.0016473640642471986,0.0,0.0,0.14831270578419553,4.990000194610008e-5,0.0,0.0
0.005189313994810686,0.0,0.0,0.0,0.14446793485553205,0.0,0.0,0.000896917999103082,0.0,0.0,0.0,0.00038439399961560597,0.0,0.0,0.0,0.018899352981100646,0.0,0.0679736049320264,0.0,0.0,0.0007047219992952779,0.0,0.0,0.0,0.19008264480991732,0.43039272156960723,0.0,0.0,0.00032032799967967197,0.0022422959977577038,0.0,0.0,0.13793324386206676,0.000512524999487475,0.0,0.0
0.005641329672802879,9.899999425800033e-5,0.0,0.0,0.061460804435273346,0.0,0.0,0.005146476701504352,0.0,0.0,0.0,9.899999425800033e-5,0.0001979409885194227,0.0,0.0,0.008709421494853554,0.0011876479311164199,0.02850356134679344,0.0,0.0,0.0407759276349962,0.0,0.0,0.0,0.1626088585686862,0.4454671161629073,0.0,0.0,0.002672208845011887,0.0,0.0,0.0,0.23713379424623995,0.00029691198277910497,0.0,0.0
0.010344317368996641,7.389999549210027e-5,0.0,7.389999549210027e-5,0.08423229886182977,7.389999549210027e-5,0.0,0.0022166398647849687,0.0,0.0,0.0,0.0014038719143638135,0.0,0.0,0.0,0.003029406815206185,7.389999549210027e-5,0.05342101074131835,0.0,0.0,0.015220924071523633,0.0,0.0,0.0,0.17496673932702891,0.42323035718294827,0.0,0.0,0.0,7.389999549210027e-5,0.0,0.0,0.23045661394214656,0.0011083199323924844,0.0,0.0
0.005824351673836307,0.015180004149919771,0.0,4.589999742960015e-5,0.07108461001926186,4.589999742960015e-5,0.0,0.002568217856179801,0.0,0.00013758299229535244,0.0,0.00307268982792937,0.0,0.0,0.0005503319691814098,0.024398072633707937,0.0002751659845907049,0.10149047831653324,0.0,0.0,0.011419398360513694,0.0006879159614767063,0.0,0.0,0.19174500226227992,0.36409078461091615,0.0,0.0,0.0,0.0,0.0,0.0005044709717496258,0.2067874224199044,9.169999486480031e-5,0.0,0.0
0.0025669749691963,0.0,0.0,0.0,0.05829366130047606,4.66999994396e-5,0.0,0.000793428990478852,0.0,0.0,0.0,0.001260150984878188,0.0,0.0,0.0,0.002613646968636236,4.66999994396e-5,0.032297208612433494,0.0,0.0,0.026743208679081493,0.0,0.0,0.0,0.22906748525119017,0.37827872246065525,0.0,0.0,9.32999988804e-5,0.0,0.0,0.0,0.26668533279977596,0.0012134789854382519,0.0,0.0
0.011894053,0.0015992,0.0,0.0,0.066666667,0.0,0.0,0.002498751,0.0,0.0,0.0,0.00049975,0.0,0.0,0.0,0.03808096,0.0,0.072363818,0.0,0.0,0.012693653,0.0,0.0,0.0,0.174612694,0.429685157,0.0,0.0,0.0,0.0,0.0,0.0,0.189405297,0.0,0.0,0.0
0.0010344180382734674,0.00018807600695881224,0.0,0.0,0.033101374224750846,0.0004701900173970306,0.0,9.400000347800011e-5,0.0,0.0,0.0,0.0020688360765469347,0.0,0.0,0.0,0.013447433497555039,0.00028211401043821835,0.030186196116889254,0.0,0.0,0.023321422862892644,0.0,0.0,0.0,0.11096483410569885,0.5143878320323497,0.0,0.0,0.00291517810786159,0.0,0.0,0.0,0.26753809489890945,0.0,0.0,0.0
0.004328126112531278,0.017650639458916623,0.0,0.0011496580298911087,0.03888550901102323,0.0009467780246162286,0.0,0.0009467780246162286,0.0,0.0,0.0,0.0027050790703320557,0.0,0.0,0.0,0.0018259280474741291,0.0,0.08027321508710358,0.0,0.0,0.010008792260228598,0.0,0.0,0.0,0.18489213980719563,0.49070130475823387,0.0,0.0,6.760000175760005e-5,0.0037194830967065603,0.0,0.0,0.1618989692093732,0.0,0.0,0.0
0.002826255511057797,0.024376452782873672,0.0,0.0,0.05334557077121626,7.069998776890212e-5,0.0,0.001695753706634609,0.0,0.0,0.0,0.0002119689633293694,0.0,0.0,0.0,0.025153673648414462,7.069998776890212e-5,0.054688042538968654,0.0,0.0,0.02451776575842653,0.0,0.0,0.0,0.1738853649178319,0.5199603420468609,0.0,0.0,7.069998776890212e-5,0.00381544433992813,0.0,0.0,0.11524056506338227,7.069998776890212e-5,0.0,0.0
0.0012851269691569528,0.0024845779403701294,0.0,0.0007710759814941764,0.031785468237148756,8.569999794320005e-5,0.0,0.0005997259856065763,0.0,0.0,0.0,0.0,0.0,0.0,0.0001713499958876001,0.0666552414002742,0.0005997259856065763,0.03821110208293355,0.0,0.0,0.040352980031528485,0.0,0.0,0.0,0.13485263576353673,0.47618230557162466,0.0001713499958876001,0.0,0.003941055905414658,0.004112405901302258,0.0,0.0,0.19773817225428386,0.0,0.0,0.0
0.008561403982877192,0.000280701999438596,0.0,0.000140350999719298,0.18919298162161405,0.0,0.0,0.000280701999438596,0.0,0.0,0.0,0.000140350999719298,0.0,0.0,0.0,0.0053333329893333345,0.0,0.02792982494414035,0.0,0.0,0.012210525975578947,0.0,0.0,0.0,0.29501754340996494,0.3247719293504561,0.0,0.0,0.0,0.000561403998877192,0.0,0.0,0.1350175437299649,0.000561403998877192,0.0,0.0
0.0011720158968626009,0.00027046497619908206,0.0,4.5099996031200344e-5,0.047872335787234446,0.00022538798016585773,0.0,0.0004507749603318034,0.0,4.5099996031200344e-5,0.0,0.001036782908763104,0.0,0.0,0.00022538798016585773,0.012125854932924765,0.0,0.045212762021276935,0.0,0.0,0.013478180813920087,0.0,0.0,0.0,0.20217271920880067,0.4639379321734619,0.0,0.0,9.019999206240069e-5,0.0,0.0,0.0,0.21163900037576794,0.0,0.0,0.0
0.002846164869076416,0.0,0.0,7.119999672480014e-5,0.04383093598377694,0.0,0.0,0.0007115409672691155,0.0,0.0,0.0,0.000996157954176734,0.0,0.0,0.0,0.012523124423936275,0.0001423079934538323,0.04155400408851581,0.0,0.0,0.03180589053692904,0.0,0.0,0.0,0.1270100981575355,0.4855556916644382,0.0,0.0,0.0020634689050804305,0.0,0.0,0.0,0.25088941445908697,0.0,0.0,0.0
0.0020785699709000207,0.010254277856440112,0.0,0.0,0.09589135865752099,0.00020785699709000209,0.0,0.0015242849786600106,0.0,0.0,0.0,0.0007621419893300124,0.0,0.0,0.0,0.02210212669057023,0.0,0.03228711954798034,0.0,0.0,0.0009007139873900044,0.0,0.0,0.0,0.2748562281520128,0.38973185854375403,0.0,0.0,0.0011085709844800065,0.00034642799515000814,0.0,6.929999902980004e-5,0.16787916364969174,0.0,0.0,0.0
0.012552300987447699,0.05197093194802906,0.0,0.0,0.12354106987645892,0.00029362099970637896,0.0,0.0017617259982382737,0.0,0.0,0.0,0.000734052999265947,0.0028628059971371935,0.0,0.0,0.002128752997871247,0.0,0.026499302973500692,0.0,0.0,0.000734052999265947,0.0,0.0,0.0,0.21023269478976728,0.33634294866365705,0.0,0.0,0.000146810999853189,0.0005872419994127579,0.0,0.0,0.2296116857703883,0.0,0.0,0.0
0.0038992590857837,0.1077729503710049,0.0,0.0,0.08629506689849148,0.0,0.0,0.00038353400843774816,0.0,0.0,0.0,0.0007670670168754743,0.0,0.0,0.0,0.013359755293914616,6.390000140580003e-5,0.040654564894400426,0.0,0.0,0.013040143286883153,0.00025568900562515813,0.0,0.0,0.13762465102774232,0.44962926089184374,0.0,0.0,0.00019176700421887408,0.0023012020506264453,0.0,0.0,0.14376118916274616,0.0,0.0,0.0
0.00917485494495087,0.3062625761624245,0.0,0.0,0.07937729352373624,0.0,0.0,0.000651118996093286,0.0,0.0,0.0,0.0,0.0,0.0,0.0,0.03332544080004735,5.91999996448e-5,0.027169408836983544,0.0,0.0,0.000710310995738134,0.0,0.0,0.0,0.16520658100876048,0.2763111143421333,0.0,0.0,0.0008286969950278179,0.00029596299822422196,0.0,0.0,0.10050905539694566,0.00011838499928968999,0.0,0.0
0.000521698004695282,4.7400000426600006e-5,0.0,4.7400000426600006e-5,0.035617738320559644,0.000758833006829497,0.0,0.0006165520055489681,0.0,0.0,0.0,0.0016125210145126892,0.000189708001707372,0.0,0.0,0.0067346450606118055,9.490000085410001e-5,0.06284088256556794,0.0,0.0,0.01119279110073512,0.0,0.0,0.0,0.20341475183073277,0.4286933878582405,0.0,0.0,0.001897083017073747,0.000569125005122125,0.0,0.0,0.24491344820422103,0.000237135002134215,0.0,0.0
0.0006742259946061921,0.0,0.0,0.000796812993625496,0.04836040461311677,0.0005516399955868801,0.0,0.0005516399955868801,0.0,0.0,0.0,0.000612932995096536,0.0,0.0,0.00012258699901930402,0.07085504043315967,0.002635610978915112,0.0638063124895495,0.0,0.0,0.014281335885749313,0.0,0.0,0.0,0.17683113558535093,0.47324547621403623,0.0,0.0,0.0005516399955868801,0.00030646599754827203,0.0,0.0,0.14575543883395647,6.12999995096e-5,0.0,0.0
0.0011767960564862108,0.00027689301329086467,0.0,0.0,0.08286031097729493,0.0,0.0,6.920000332160017e-5,0.0,0.0,0.0,0.002145923103004309,0.0,0.0,6.920000332160017e-5,0.002215146106327013,0.0,0.0392496208839818,0.0,0.0,0.002907379139554199,0.0,0.0,0.0,0.23376714422082293,0.4208777722021331,0.0,0.0,0.0017998060863906923,0.0009691260465180503,0.0,0.0,0.21078500211768014,0.000830680039872642,0.0,0.0
0.017006802982993195,0.000109720999890279,0.0,0.000493745999506254,0.053653719946346275,0.000438884999561115,0.0,0.0019201229980798768,0.0,0.0,0.0,0.001974983998025016,0.0,0.0,0.0020298439979701557,0.007077023992922976,0.00016458199983541798,0.08042571891957428,0.0,0.0,0.05979811294020188,0.0,0.0,0.0,0.15926047784073952,0.44744349355255647,0.0,0.0,0.0005486069994513929,0.0,0.0,0.0,0.16765415783234583,0.0,0.0,0.0
0.000807253000807253,0.0,0.0,0.0,0.0788002980788003,0.0,0.0,0.0012419270012419272,0.0,0.0,0.0,0.00068306000068306,0.0,0.0,0.0,0.009562842009562844,0.0,0.02862642802862643,0.0,0.0,0.008196721008196722,0.0,0.0,0.0,0.27670144127670143,0.36891455536891454,0.0,0.0,0.0014282170014282172,0.00018628900018628902,0.0,0.001738698001738698,0.2226154992226155,0.000496771000496771,0.0,0.0
0.011990747095925975,4.72000003776e-5,0.0,0.000330454002643632,0.03238445925907567,0.00014162300113298402,0.0,0.00028324600226596803,0.0,0.0,0.0,0.00080253000642024,0.0,0.0,0.00023603800188830399,0.03365906626927253,0.00132181501057452,0.04763253638106029,0.0,0.0,0.02407591019260728,0.0,0.0,0.0,0.1750932364007459,0.5253269172026153,0.0,0.0,0.000472077003776616,0.0,0.0,0.0,0.14620214416961716,0.0,0.0,0.0
0.003749617,0.0,0.0,0.0,0.111570248,0.000459137,0.0,0.001683502,0.0,0.0,0.0,0.000841751,0.0,0.0,0.0,0.007346189,0.0,0.08761861,0.0,0.0,0.01584022,0.0,0.0,0.0,0.212656872,0.365625957,0.0,0.0,0.0,0.004744414,0.0,0.0,0.187863483,0.0,0.0,0.0
0.005656233180999462,0.0,0.0,5.490000175680006e-5,0.04728171451301487,0.00016474500527184017,0.0,0.0021965950702910425,0.0,0.0,0.0,0.0024162550773201624,0.0,0.0,0.0,0.019330038618561238,0.0,0.08352553767281722,0.0,0.0,0.05156507565008243,0.0,0.0,0.0,0.15112575983602433,0.4348160489141136,5.490000175680006e-5,0.0,0.000988468031630977,0.00027457400878636826,0.0,0.0,0.2002745804087866,0.00027457400878636826,0.0,0.0
0.001969241846399136,0.0,0.0,0.0,0.040041256876781964,9.379999268360058e-5,0.0,0.0,0.0,0.0,0.0,0.0002813199780570417,9.379999268360058e-5,0.0,0.0,0.016785444690735313,0.00018754698537133514,0.04566766343792225,0.0,0.0,0.03957238991335359,0.0,0.0,0.0,0.1731057624977505,0.4559264464377372,0.0,0.0,0.0003750939707426703,0.000656413948799712,0.0,9.379999268360058e-5,0.22486869946024143,0.0002813199780570417,0.0,0.0
0.004209108848472081,0.0037040148666554647,0.0,0.0002525469909083083,0.07433285332401728,0.0,0.0,0.00033672898787775644,0.0,0.0001683639939388962,0.0,8.41999969688001e-5,0.0,0.0,0.0,0.0019361899302971623,0.0,0.08073069809369486,0.0,0.0,0.02138227023023827,0.0012627329545416136,0.0,0.0,0.26904620631433657,0.3747790085079557,0.0,0.0,0.0,0.0,0.0,0.0,0.16769087696312843,8.41999969688001e-5,0.0,0.0
0.001960016,0.01497452,0.0,0.0,0.095491964,0.0,0.0,0.001097609,0.0,0.0,0.0,7.84e-5,0.0,0.0,0.0,0.03379067,0.0,0.024068993,0.0,0.0,0.001411211,0.0,0.0,0.0,0.287730302,0.334770678,0.0,0.0,0.000940808,0.000235202,0.0,7.84e-5,0.202900823,0.000470404,0.0,0.0
0.015562290186747482,8.190000098280001e-5,0.0,0.0,0.04038004848456058,0.0,0.0,0.00016381400196576802,0.0,0.0,0.0,0.0022114830265377965,0.0,0.0,0.0009009750108117001,0.09525759814309118,0.0,0.020394791244737493,8.190000098280001e-5,0.0,0.02555491930665903,0.0,0.0,0.0,0.09050700408608404,0.46719633660635607,0.0,0.0,0.0,0.004996314059955769,0.0,0.0,0.23605537183266445,0.0006552540078630481,0.0,0.0
0.00597161402985807,0.001595157007975785,0.0,0.00012270400061352001,0.05758926728794633,4.0900000204499996e-5,0.0,0.00049081800245409,0.0,0.0,0.0,0.00028631000143155,0.0,0.0,0.002045073010225365,0.03611599718057998,0.0,0.07345903736729519,0.0,0.0,0.023272935116364676,0.0,0.0,0.0,0.16790052883950263,0.49670743448353716,0.0,0.0,8.180000040899999e-5,0.00094073400470367,0.0,0.0,0.13305247766526238,0.00032721200163606,0.0,0.0
0.0006706010134120205,0.002950644059012882,0.0,0.0,0.04113018682260374,0.00031294700625894014,0.0,0.0017435620348712408,0.0,0.0,0.0,0.0002682400053648001,0.0,0.0,0.0,0.14690629793812598,4.4700000894000025e-5,0.03880543677610874,0.0,0.0,0.012696710253934207,0.0,0.0,0.0,0.1663984293279686,0.4212267614245353,0.0,0.0,0.002190629043812581,0.0008494280169885606,0.0,8.940000178800005e-5,0.16215129124302585,0.0015647350312947008,0.0,0.0
