0.0,0.0,0.0,0.00021673199956653597,0.0,0.0,0.00013592499999999998,0.00014440400028880798,0.00023657400023657397,0.0,0.0,0.0,0.0,0.0,0.0005690589704089334,0.00026511099946977803,0.00017780900071123602,0.00036616604979858276,0.0018858220037716443,0.0,0.0,0.00015398800015398802,7.34999891220016e-5,0.0,0.0,0.00022388900111944502,0.0001867529718003013,0.0,0.0,0.0,0.0,0.0,0.0,0.0,0.0,0.0,0.00040080199959919796,0.0,7.699999645800018e-5,0.0,0.0,0.0,0.0,0.02830188702830189,0.0,0.0,0.00036284499891146507,0.00034989500034989505,0.0,0.0,0.0,0.0,0.0,0.0,0.0,0.0,0.0,0.00023068099861591398,0.000409835999590164,0.0,0.0,0.00033738200000000006,0.0,0.0,0.0,0.00043611,0.0,0.000464252999071494,0.0,0.0,0.0,0.0,0.0,0.0003891050000000001,0.0,0.0,0.0008888890017777781,0.0,0.0,0.0,0.0,0.0,0.0,0.0,0.0,0.0,0.0,0.0005141389989717221,0.0003266480382178204,8.140000211640005e-5,0.0,0.00024310199951379602,0.0006291590314579515,0.0011257039988742958,0.0,0.0009044862206946378,0.0002554279994891439,0.0,0.0003729490011188471,0.001323528997352942,0.00018011500036023,0.00011147000022294002,0.0,0.0,0.0,0.0013815339986184662
0.0024509800000000006,0.0017821339910893302,0.0011235959977528077,0.0006501949986996099,0.00021312900042625799,0.0010176390020352783,0.008019572999999999,0.000288809000577618,0.00011828700011828699,0.00015501499984498494,0.0032102730032102732,0.010747552,0.0,0.000658110999341889,0.001138118940817815,0.001590667996818664,0.0019559030078236126,0.011131455513877949,0.005486028010972057,0.0012768129987231868,0.000262812000525624,0.0,0.003159441532402653,0.00233699500467399,0.0,0.00615694603078473,0.005976095097609642,0.0021291699978708304,0.0,0.00038880200155520805,0.000375657,0.00030120500060240997,0.0019833399980166604,0.000239406,0.0030703100122812404,0.000279407999441184,0.0,0.0,0.0006158109716726954,0.0,0.006927465006927467,0.0,0.007236841992763158,0.0008203450008203451,0.001967535994097392,0.0015105740030211482,0.0010885339967343982,0.0013995800013995802,0.0016319869967360262,0.002356637995286724,0.0,0.0015923569999999995,0.000659196000659196,0.001284521997430956,0.001606167996787664,0.017765495035530987,0.0013123359973753281,0.0009227219944636679,0.000819671999180328,0.003991484992017029,0.0,0.0040485830000000006,0.0,0.00031191500093574504,0.0005340450005340451,0.0,0.0,0.000464252999071494,0.00025227000075681006,0.0,0.007992008071928073,0.000824402,0.005139500989720999,0.0,0.00028208700084626103,0.001887682994336951,0.0,0.000315159001260636,0.000235515999057936,0.0005975500017926501,0.0,0.0,0.0030410540060821084,0.002125116002125116,0.03080625793838748,0.001137286997725426,0.0,0.0010282779979434442,0.0003266480382178204,0.0026050150677303916,0.003191489000000001,0.00024310199951379602,0.0018302800915140044,0.0031894929968105065,0.0,9.040002205760538e-5,0.001021710997956578,0.0017571261563842275,0.0004972650014917951,0.001323528997352942,0.0,0.0,0.0005537870503946217,0.001406469922644154,0.0034980820034980825,0.001151277998848722
0.0004901960000000001,0.00044553399777233,0.0014981269970037456,0.0008669269982661458,0.00042625700085251395,0.003392130006784261,0.00040777499999999987,0.000577617001155234,0.00011828700011828699,0.0004650439995349559,0.000535045000535045,0.000716503,0.00018812899322735626,0.0021388609978611394,8.12999957724002e-5,0.003446447993107104,0.0,0.0001464660199193787,0.0,0.0,0.0,0.0012319060012319061,0.00183688472814106,0.000467399000934798,0.001142204003426612,0.00022388900111944502,0.005478087172808837,0.00028388899971611104,0.0,0.001166407004665628,0.000375657,0.0,0.0,0.000239406,0.0027632790110531163,0.0,0.0,0.000361663999276672,0.04787929879755226,0.003996802984012788,0.0,0.000512295000512295,0.0019736839980263156,0.0,0.000983767997048696,0.0007552870015105741,0.00036284499891146507,0.0013995800013995802,0.00040799699918400603,0.0,0.0,0.0007961779999999998,0.001977587001977587,0.0,0.0,0.0,0.0,0.0,0.0,0.009047365981905265,0.0,0.00033738200000000006,0.00026406099973593904,0.0006238300018714901,0.0005340450005340451,0.0,0.0,0.001392757997214484,0.000504541001513623,0.0,0.002497502022477518,0.000893103,0.0,0.0,0.0,0.00047192099858423697,0.0,0.0,0.000235515999057936,0.0,0.0004938270009876539,0.0,0.0015205270030410542,0.001062558001062558,0.0009626959980746078,0.000324938999350122,0.0,0.0010282779979434442,0.0,0.0027678280719635297,0.0,0.00024310199951379602,0.004766353238317662,0.0,0.004181185,0.0009044862206946378,0.00038314199923371594,0.0,0.00012431600037294803,0.000147058999705882,0.00018011500036023,0.0,0.0011767961070884459,0.0014734449189605294,0.0005642070005642069,0.0
0.0,0.000222766998886165,0.0,0.0006501949986996099,0.0,0.0,0.00013592499999999998,0.0,0.0,0.0,0.0,0.000477669,0.0,0.0,0.00016258799154542441,0.0,0.00017780900071123602,0.0,0.0,0.0,0.0,0.00015398800015398802,0.0006612779021308704,0.0,0.0,0.001679167008395835,0.0012450198120020084,0.00014194499985805504,0.0,0.0,0.0,0.0,0.0,0.0,0.00030703100122812403,0.0,0.0,0.0,0.0004618579787545331,0.0,0.0,0.0,0.0,0.0,0.0,0.0,0.0,0.0010496850010496851,0.0,0.0,0.0,0.0,0.0,0.0,0.0,0.001184366002368732,0.0,0.0,0.0,0.004523682990952633,0.0,0.0,0.0,0.0,0.0,0.0,0.0,0.0,0.0,0.0,0.0034965030314685276,0.0,0.0,0.0,0.0,0.0,0.0,0.0,0.0,0.0,0.0,0.0,0.0010136850020273703,0.0,0.0012033689975932617,0.00016246999967506,0.0,0.0,0.0,0.0,0.0,0.0,0.0,0.000187616999812383,0.0,0.0,0.00012771399974457196,9.760000868640076e-5,0.0006215810018647431,0.0,0.0,0.0,6.920000629720058e-5,0.0001339499926327504,0.000225683000225683,0.0
0.0,0.0,0.00037453199925093595,0.0,0.00085251500170503,0.0,0.00040777499999999987,0.0,0.0,0.0,0.000267523000267523,0.000477669,0.0,0.0,0.0,0.0,0.0,7.320000995520135e-5,0.0029144520058289047,0.0,0.0,0.0,0.0,0.0,0.0,0.0,0.0010582668402017075,0.00014194499985805504,0.0,0.0,0.000375657,0.0,0.0,0.0,0.0,0.0,0.0,0.0,0.0,0.0,0.00040749800040749815,0.0,0.0,0.0,0.0,0.0015105740030211482,0.0,0.0,0.0,0.000392772999214454,0.0,0.0,0.0,0.0,0.000642466998715066,0.001184366002368732,0.0,0.0,0.0,0.00026609899946780196,0.0,0.0,0.0,0.0,0.0,0.0,0.0,0.0,0.0,0.0,0.0,0.0,0.0,0.0,0.0,0.0,0.0,0.0,0.0,0.0,0.0,0.0,0.0,0.0,0.0007220219985559559,0.0014622259970755482,0.00029877500089632505,0.0015424159969151681,0.0002613180305742095,8.140000211640005e-5,0.0,0.0,0.0,0.0005628519994371479,0.0,0.0,0.00038314199923371594,0.0,0.0,0.001176470997647058,0.001080692002161384,0.00022294100044588204,0.0,0.0002009239889491806,0.00011284100011284101,0.00023025599976974403
0.009803922000000001,0.0,0.009363295981273407,0.0,0.007459506014919012,0.0006784260013568521,0.004213673999999999,0.005054152010108304,0.015613911015613909,0.008835838991164158,0.0029427500029427503,0.0,0.007619226725707839,0.0069101679930898335,0.0,0.004506892990986214,0.003911807015647228,0.00036616604979858276,0.0006857530013715061,0.0,0.0,0.0,0.004261571369287437,0.0,0.004568818013706454,0.0036941680184708397,0.004170816370206729,0.0024130589975869415,0.003229974000000001,0.0,0.013148009,0.0033132530066265057,0.0027766759972233245,0.00191525,0.0,0.0,0.0,0.0,0.0,0.0,0.008149959008149962,0.0035860660035860665,0.000657894999342105,0.0,0.0,0.008308157016616316,0.006894048979317855,0.0,0.000815992998368014,0.001571091996857816,0.001210165001210165,0.0011942679999999998,0.007580751007580752,0.010918432978163134,0.0,0.031188314062376626,0.004811898990376202,0.01591695490449827,0.000409835999590164,0.013571047972857903,0.0,0.0040485830000000006,0.0,0.014348097043044293,0.002670227002670227,0.003052769,0.015,0.0,0.0,0.0,0.004495504040459537,0.0,0.01248164497503671,0.0007782100000000002,0.0053596610160789844,0.00047192099858423697,0.0031111110062222226,0.006303183025212732,0.01413094694347621,0.0,0.002469136004938272,0.013316816053267266,0.0,0.026563953026563957,0.0024067389951865216,0.0019496339961007322,0.0050791750152375265,0.015424164969151671,0.0019598882293069223,0.0,0.0010638300000000002,0.008994772982010454,0.0,0.000187616999812383,0.0,0.0,0.011749680976500636,0.014057010251073912,0.0,0.018970587962058826,0.011887608023775215,0.0018949950037899903,0.0,0.0008706719521130424,0.008801625008801627,0.006447155993552845
0.0,0.00289596798552016,0.0026217229947565535,0.0,0.00021312900042625799,0.0,0.018349870999999997,0.000722022001444044,0.001182872001182872,0.00015501499984498494,0.001070091001070091,0.000238834,0.00018812899322735626,0.0,0.0,0.00026511099946977803,0.000533428002133712,7.320000995520135e-5,0.06360363412720728,0.0025536259974463737,0.0,0.0,0.0010286548477590825,0.002570694005141388,0.0,0.008619725043098625,0.000435756934200703,0.0007097229992902771,0.0,0.0031104200124416805,0.0,0.0,0.0015866719984133281,0.000239406,0.0,0.001397037997205924,0.0,0.0,0.0,0.0,0.002852486002852487,0.00102459000102459,0.000657894999342105,0.0,0.0,0.0,0.0,0.0,0.000815992998368014,0.002356637995286724,0.0,0.0,0.0,0.000642260998715478,0.0,0.00157915500315831,0.0008748909982502181,0.0,0.0,0.0015965939968068117,0.0,0.004385965000000001,0.0,0.0,0.0,0.0,0.0,0.0,0.0,0.0,0.0009990010089910091,0.0,0.002936857994126284,0.0003891050000000001,0.0014104370042313113,0.0,0.0,0.0,0.0,0.0005975500017926501,0.0,0.0,0.0,0.00039845900039845903,0.00024067399951865196,0.005036555989926889,0.0,0.0,0.008362187978375991,0.0,0.0,0.000850856998298286,0.0,0.013883676986116322,0.0,0.0,0.0017879949964240097,0.0010737990955681195,0.0,0.000294117999411764,0.0,0.0,6.920000629720058e-5,0.0,0.003046716003046716,0.0
0.0,0.0,0.0,0.0,0.000639386001278772,0.00033921300067842606,0.005980698999999998,0.002743682005487364,0.001301159001301159,0.0,0.08105939008105939,0.171483162,0.0,0.0,0.001951060898544833,0.00013255599973488802,0.018492176073968705,0.0,0.0,0.0005107249994892749,0.0,0.0,0.0,0.000467399000934798,0.0,0.0054852790274263945,0.0,0.0015613909984386093,0.0,0.00038880200155520805,0.0,0.0,0.0,0.0,0.0009210930036843721,0.0,0.0,0.0,0.0,0.0,0.0,0.0,0.0,0.0,0.0,0.0,0.0,0.0,0.0,0.0,0.0,0.0,0.0,0.0,0.010279472979441056,0.07422029214844057,0.0008748909982502181,0.0,0.0,0.0005321979989356039,0.0,0.0,0.00026406099973593904,0.0,0.0,0.00087222,0.0,0.0,0.0,0.0,0.0,0.000274801,0.0,0.0,0.0,0.0,0.0,0.0018909550075638197,0.0,0.0,0.0,0.0,0.0,0.0009297380009297381,0.0004813479990373039,0.000812347998375304,0.0,0.0,0.0,0.0,0.0026595740000000005,0.0,0.0,0.0009380859990619139,0.0,0.0,0.0,0.005564233495216781,0.0,0.000441175999117648,0.0,0.00033441100066882205,0.0045687394157552874,0.001339494926327779,0.004852178004852179,0.05180750594819251
0.0,0.00222766798886166,0.0,0.0,0.000639386001278772,0.0,0.0,0.004620939009241878,0.0,0.0,0.000535045000535045,0.0,0.0,0.0008226389991773612,0.0,0.0,0.0,0.0,0.0,0.0,0.0,0.0,0.0,0.0,0.0,0.0,0.0,0.0,0.0,0.0,0.0,0.0,0.0,0.0,0.0,0.0,0.0,0.0,0.0,0.0,0.0,0.0,0.0,0.0,0.0,0.0,0.0,0.0,0.0,0.0,0.0,0.0,0.0,0.001284521997430956,0.00032123399935753204,0.0,0.003062116993875766,0.000692041995847748,0.0,0.0,0.0011223340022446682,0.0,0.0,0.0,0.0,0.0,0.0,0.0,0.0,0.0,0.0,0.0,0.013215858973568282,0.0,0.0,0.0,0.0,0.0,0.0,0.0,0.0,0.0,0.0,0.0,0.0,0.0,0.0,0.0,0.0003266480382178204,0.0,0.0,0.0,0.0,0.0,0.0,0.0,0.0,0.0,0.0,0.000147058999705882,0.000900576001801152,0.0,0.0,0.0,0.0,0.0
0.0,0.0,0.0,0.0,0.00021312900042625799,0.00033921300067842606,0.00013592499999999998,0.001877256003754512,0.0010645850010645849,0.00015501499984498494,0.0,0.0,0.0,0.0,0.00048776497463622124,0.000397666999204666,0.0,0.0,0.0,0.0007660879992339119,0.0,0.0,7.34999891220016e-5,0.0,0.0,0.00055972200279861,0.0,0.0,0.0,0.0,0.0,0.0,0.0,0.000239406,0.0,0.0,0.001603205998396794,0.00144665499710669,0.0,0.0,0.0,0.0,0.0,0.03978671003978672,0.0,0.0037764350075528705,0.0,0.0,0.0,0.0,0.0,0.0,0.0,0.001926781996146436,0.00032123399935753204,0.0,0.0,0.0011534029930795819,0.0,0.0,0.002244669004489338,0.00033738200000000006,0.0,0.0,0.0,0.0,0.0003125,0.0,0.0,0.0,0.0,0.0001374,0.0,0.0,0.0,0.00047192099858423697,0.0,0.0,0.0,0.00029877500089632505,0.0019753090039506182,0.0,0.0,0.0,0.0,0.000487408999025182,0.0011951000035853002,0.0,0.0012412621452276705,0.0,0.0,0.00012155099975689801,0.0,0.00037523499962476497,0.000174216,0.001628075397250397,0.0017879949964240097,0.0,0.0,0.000441175999117648,0.0,0.0,0.0,0.0,0.00011284100011284101,0.0
0.0,0.0,0.0,0.0,0.0,0.0,0.0,0.0,0.0,0.0,0.0,0.0,0.0003762579864547125,0.0,0.0,0.00384411499231177,0.0,7.320000995520135e-5,0.0,0.0,0.0,0.0,0.0,0.0,0.0,0.0,0.0,0.0,0.0,0.0,0.0,0.0,0.0,0.0,0.00030703100122812403,0.0,0.0,0.0,0.0,0.0,0.0,0.0,0.009868420990131578,0.0,0.0,0.0,0.0,0.0,0.0,0.0,0.0,0.0,0.0,0.0,0.0,0.0,0.0,0.0,0.0,0.0,0.0,0.0,0.0,0.0,0.0,0.0,0.0,0.0,0.0,0.0,0.0,0.0,0.0,0.0,0.0,0.00047192099858423697,0.0,0.0,0.0,0.0,0.0,0.0,0.0,0.0,0.0,0.0,0.0,0.0,0.0,0.0,0.0,0.0,0.0,0.014446528985553469,0.0,0.0,0.0,0.0,0.0,0.0,0.0,0.0,0.0,0.008907641510079715,0.0023696680023696684,0.0
0.0004901960000000001,0.000222766998886165,0.0,0.00021673199956653597,0.000639386001278772,0.0,0.00013592499999999998,0.000722022001444044,0.0,0.00031002899968997095,0.004547887004547887,0.000238834,0.0,0.00016452799983547202,0.0024388258731810543,0.001325556997348886,0.000533428002133712,0.0019772982689125643,0.0005143150010286301,0.000255362999744637,0.0,0.0,0.00014695097825125522,0.00023369900046739798,0.0,0.0021269450106347247,0.0001867529718003013,0.0,0.0,0.0,0.000751315,0.0,0.0007933359992066641,0.0,0.00030703100122812403,0.0,0.0,0.000723326998553346,0.00015395299291816236,0.00026645399893418395,0.004889976004889977,0.0,0.000657894999342105,0.0,0.0,0.0,0.00036284499891146507,0.0,0.0,0.0,0.0,0.0,0.0,0.0,0.001606167996787664,0.0,0.0,0.0,0.0,0.0,0.0005611670011223341,0.0010121460000000002,0.0,0.0,0.001068091001068091,0.00043611,0.0,0.000464252999071494,0.0,0.0,0.002497502022477518,0.000412201,0.0,0.0,0.00028208700084626103,0.00047192099858423697,0.0004444440008888881,0.000630318002521272,0.000235515999057936,0.0,0.0,0.00030969300123877204,0.0,0.0,0.0,0.0,0.0,0.0,0.0003919780458614313,0.0,0.0028368790000000005,0.00024310199951379602,0.00019065400953270046,0.0009380859990619139,0.000522648,0.00027134606620844015,0.0011494249977011498,0.00029285402606400826,0.00012431600037294803,0.0022058819955882362,0.0,0.0005573510011147021,0.00020767001889797175,0.0012725199300114038,0.00011284100011284101,0.0009210219990789781
0.0004901960000000001,0.0,0.0,0.0,0.0,0.00033921300067842606,0.0,0.00014440400028880798,0.0,0.00031002899968997095,0.002140182002140182,0.0,0.00047032298306837265,0.0,8.12999957724002e-5,0.00013255599973488802,0.00017780900071123602,0.0,0.0,0.0,0.0,0.0,0.000367376945628212,0.00023369900046739798,0.0,0.00044777800223889003,0.0011827688214019081,0.00014194499985805504,0.0,0.0007776050031104201,0.0,0.0,0.0,0.0,0.0,0.0,0.00020040099979959898,0.0,0.009237163575090478,0.0,0.0,0.0,0.0,0.0008203450008203451,0.0,0.0,0.00036284499891146507,0.015395381015395383,0.0,0.00196386499607227,0.0,0.0,0.000659196000659196,0.0,0.000963700998072598,0.003947888007895776,0.0,0.0,0.0,0.0031931879936136233,0.0005611670011223341,0.0010121460000000002,0.00026406099973593904,0.0006238300018714901,0.0016021360016021363,0.0,0.0,0.002321262995357474,0.00025227000075681006,0.0,0.0,0.000824402,0.000734213998531572,0.0,0.0,0.0,0.0,0.0,0.0,0.0014938750044816253,0.0,0.0,0.0,0.0013281980013281982,0.0004813479990373039,0.00016246999967506,0.0,0.0010282779979434442,6.530000764010087e-5,0.00040703401058288425,0.00035461000000000005,0.0,0.00026691601334580066,0.00037523499962476497,0.0,0.0,0.0,0.00039047203475201105,0.0,0.001617646996764706,0.00036023100072046197,0.0,0.0005537870503946217,0.0004018489778983062,0.0023696680023696684,0.0006907669993092331
0.13480392200000002,0.05680552471597238,0.06254681587490636,0.0693541398612917,0.022591645045183288,0.2221845324443691,0.03194236799999999,0.05083032510166065,0.04033593604033593,0.07301193592698804,0.026752274026752277,0.017673752,0.042423100472768385,0.03027311596972689,0.0,0.015509013968981973,0.005689900022759601,0.001904064258952739,0.0018858220037716443,0.03319713996680286,0.01708278603416557,0.05374191605374192,0.01579720566201356,0.02781023605562047,0.0,0.03134445315672227,0.03442479580185583,0.0171753019828247,0.04198966400000001,0.04199066916796268,0.027047333,0.03975903607951807,0.03530345096469655,0.297821403,0.010439054041756216,0.0,0.018236472981763525,0.020976491958047017,0.15849433470926064,0.0,0.026487368026487376,0.030225410030225414,0.028947367971052632,0.004922067004922067,0.08903098873290703,0.08836858017673718,0.02939042091182874,0.0,0.0012239899975520201,0.05616653588766694,0.06494554306494554,0.0,0.02834541902834542,0.012845214974309571,0.03726308992547382,0.05566521911133044,0.16404199467191602,0.04175317174948096,0.15163934384836064,0.07849920184300159,0.24915824949831653,0.025641026000000008,0.024821758975178243,0.018402994055208982,0.0,0.008722198,0.0115625,0.0,0.059031282177093844,0.0,0.007992008071928073,0.099340478,0.14464023471071955,0.005058366000000001,0.02200282106600847,0.0,0.17644444435288892,0.04790419219161676,0.046161092815355624,0.00866447602599343,0.007901235015802468,0.05915144023660577,0.009630005019260012,0.05179970805179971,0.004091455991817088,0.055727050888545904,0.07290110521870333,0.024678662950642676,0.030900898615405133,0.13725171356854454,0.015780142000000004,0.039625622920748754,0.07643324582166228,0.004127579995872419,0.025261324,0.0,0.017879948964240097,0.11450606219103952,0.026479364079438097,0.05911764688176471,0.044488473088976944,0.24044142248088288,0.04312612892447774,0.04092157074931361,0.07910178307910179,0.017729679982270322
0.0004901960000000001,0.0,0.0,0.0,0.00021312900042625799,0.0,0.0,0.0,0.0,0.0,0.0008025680008025681,0.000477669,0.0006584519762957289,0.0,0.0,0.0,0.000355619001422476,0.0,0.0,0.0,0.0,0.00015398800015398802,7.34999891220016e-5,0.000934798001869596,0.0,0.000335833001679165,0.0,0.00028388899971611104,0.0,0.0,0.0,0.00030120500060240997,0.0,0.0,0.0,0.0,0.0,0.0,0.0,0.0,0.0,0.000512295000512295,0.000657894999342105,0.0,0.0,0.0,0.0,0.0,0.0,0.000392772999214454,0.0,0.0,0.0,0.0,0.0,0.001184366002368732,0.00043744499912511006,0.00023068099861591398,0.0,0.0,0.0,0.00033738200000000006,0.0,0.0,0.0,0.00043611,0.0,0.0,0.0,0.0,0.0004995000044955,0.0,0.0,0.0,0.0,0.0,0.0,0.0,0.0,0.0,0.0,0.0,0.0,0.0,0.0,0.000487408999025182,0.0,0.0,0.0,0.0,0.00035461000000000005,0.0,0.0,0.0005628519994371479,0.0,0.0,0.0,9.760000868640076e-5,0.0,0.0007352939985294121,0.00018011500036023,0.0,0.0,0.0,0.000677048000677048,0.001151277998848722
0.0,0.0,0.0,0.0,0.0315430520630861,0.0,0.0,0.0,0.0,0.0,0.0,0.0,0.0,0.0,0.0,0.0,0.0,0.0,0.0,0.0,0.0,0.0,0.0,0.0,0.0,0.0,0.0,0.0,0.0,0.0,0.0,0.0,0.0,0.0,0.0,0.0,0.0,0.0,0.0,0.0,0.0,0.000512295000512295,0.0,0.0,0.0,0.0,0.0,0.0,0.0,0.0,0.0,0.0,0.0,0.0,0.0,0.0,0.0,0.0,0.0,0.0,0.0,0.0,0.0,0.0,0.0,0.0,0.0,0.0,0.0,0.0,0.0,0.0,0.0,0.0,0.0,0.0,0.0,0.0,0.0,0.0,0.0,0.0,0.0,0.0,0.0,0.0,0.0,0.0,0.0,0.0,0.0,0.0,0.0,0.0,0.0,0.0,0.0,0.0,0.0,0.0,0.0,0.0,0.0,0.0,0.0,0.0
0.0019607840000000006,0.0,0.00898876398202247,0.002167316995665366,0.001918159003836318,0.009837178019674358,0.0012233249999999997,0.0,0.0008280100008280099,0.0029452799970547195,0.010433387010433389,0.018390256,0.002727870901796648,0.00444225099555775,0.0010568249450451028,0.001458111997083776,0.014580370058321482,0.0544855434100339,0.01062917902125836,0.002042900997957099,0.000262812000525624,0.0013858950013858951,0.002277736662894974,0.00444029000888058,0.000285551000856653,0.016343893081719466,0.015500495659425156,0.011497515988502485,0.0025839790000000006,0.00233281500933126,0.001126972,0.0024096390048192777,0.0019833399980166604,0.00191525,0.009824992039299969,0.000279407999441184,0.007615229992384769,0.00144665499710669,0.003002077861904419,0.00532906997868372,0.0061124690061124705,0.0,0.021052631978947366,0.00369155000369155,0.001475651995573044,0.0015105740030211482,0.0014513789956458634,0.0010496850010496851,0.00040799699918400603,0.005106048989787902,0.0,0.0007961779999999998,0.007251154007251155,0.000642260998715478,0.010279472979441056,0.009080142018160283,0.0013123359973753281,0.0009227219944636679,0.001229507998770492,0.033262373933475246,0.0028058360056116725,0.008434548000000002,0.006601531993398469,0.006238303018714909,0.00400534000400534,0.007413868,0.000625,0.0,0.001765893005297679,0.0,0.03196803228771229,0.011679033,0.0,0.0007782100000000002,0.0016925250050775756,0.003775365988673902,0.004000000008000001,0.0025212730100850917,0.0,0.0008963250026889752,0.001481481002962962,0.0046454010185816045,0.0035478970070957944,0.004914331004914331,0.005054151989891695,0.000324938999350122,0.0005975500017926501,0.00874035998251928,0.0007186250840791347,0.00016281300423313808,0.016843972000000002,0.001093958997812082,0.003565232178261609,0.0031894929968105065,0.033797909,0.004974675213820752,0.0012771389974457219,0.0054666154865287775,0.0026106410078319234,0.001176470997647058,0.00018011500036023,0.0,0.0013844661259864177,0.04936038828517864,0.01252538901252539,0.0036840889963159116
0.0009803920000000003,0.000222766998886165,0.0014981269970037456,0.0,0.0,0.0,0.0014951749999999996,0.0020216610040433222,0.000354862000354862,0.0007750739992249258,0.0032102730032102732,0.008120373,0.0017872259356598666,0.0,0.00048776497463622124,0.001325556997348886,0.0037339970149359884,0.0001464660199193787,0.009600549019201099,0.0015321759984678238,0.0,0.00046196500046196505,0.00014695097825125522,0.000934798001869596,0.0,0.006380835031904174,0.0003735059436006026,0.0032647269967352732,0.0006459950000000001,0.00038880200155520805,0.0,0.001204819002409638,0.0027766759972233245,0.0,0.0012281240049124961,0.0,0.0010020039989979959,0.0,0.0,0.0,0.00040749800040749815,0.000512295000512295,0.0013157889986842109,0.0,0.0,0.004531722009063445,0.0018142239945573282,0.0,0.00040799699918400603,0.0,0.000806777000806777,0.0011942679999999998,0.000329598000329598,0.0,0.001284933997430132,0.0,0.0008748909982502181,0.0,0.001229507998770492,0.0029270889941458212,0.0,0.0,0.013467123986532879,0.0024953210074859632,0.005073431005073431,0.00043611,0.0,0.0,0.0,0.0,0.0,0.000618302,0.000734213998531572,0.0003891050000000001,0.0,0.0,0.0008888890017777781,0.000630318002521272,0.000235515999057936,0.00029877500089632505,0.0004938270009876539,0.0,0.000506842001013684,0.0,0.0036101079927797833,0.0,0.0,0.0005141389989717221,0.0024171952828118477,0.0,0.00017730500000000002,0.00121550999756898,0.0009151400457570022,0.0011257039988742958,0.0,0.0,0.0034482759931034473,0.0004880910434401028,0.0,0.013823528972352943,0.0,0.00022294100044588204,0.0006922330629932088,0.002678989852655558,0.001241255001241255,0.00046051099953948907
0.0,0.0,0.0,0.0,0.0,0.0,0.0,0.0,0.0,0.0,0.0,0.0,0.0018812909322735267,0.0,0.0,0.0,0.0,0.0,0.0,0.0,0.0,0.0,0.0,0.0,0.0,0.004477779022388895,0.0,0.0,0.0,0.0,0.0,0.0,0.0,0.0,0.0,0.0,0.0,0.0,0.0,0.0,0.0,0.0,0.0,0.0,0.0,0.0,0.003991291988026125,0.0,0.0,0.0,0.0,0.0,0.0,0.0,0.0,0.0,0.0,0.0,0.0,0.0,0.0,0.0,0.0,0.0,0.0,0.0,0.0,0.0,0.0,0.0,0.0,0.0,0.0,0.0,0.0,0.0,0.0,0.0,0.0,0.0,0.0,0.0,0.0,0.0,0.0,0.0,0.0,0.0,0.0014372511681583864,0.0,0.0,0.0,0.0,0.0,0.0,0.0,0.0,0.0,0.0,0.09264705881470589,0.0,0.0005573510011147021,0.0,0.0,0.0,0.0
0.0,0.0,0.0,0.0,0.0,0.0,0.0,0.0,0.0,0.0,0.0,0.0,0.002821935898410308,0.0,0.0,0.0,0.000355619001422476,0.0,0.0,0.0,0.0,0.00015398800015398802,0.0,0.000467399000934798,0.0,0.002574723012873615,0.0002490039624004017,0.0,0.0,0.0,0.0,0.0,0.0,0.0,0.0,0.0,0.0,0.0,0.00023092898937726654,0.0,0.0,0.0,0.0,0.0,0.0,0.0,0.0,0.0,0.0,0.0,0.0,0.0,0.0,0.0,0.0,0.0,0.0,0.0,0.0,0.0,0.0,0.0,0.0,0.00031191500093574504,0.0,0.0,0.0,0.0,0.0,0.0,0.0,0.000274801,0.0,0.0,0.0,0.0,0.0,0.0,0.0,0.0,0.0,0.0,0.0,0.0,0.0,0.0,0.0,0.0,0.00019598902293071566,0.0,0.00035461000000000005,0.0,0.0,0.000187616999812383,0.0,0.0,0.0,0.0,0.0,0.0,0.0,0.0,0.0,0.0,0.000225683000225683,0.0041446009958554
0.03921568600000001,0.03942971680285142,0.02097378295805243,0.027524923944950146,0.06905370813810742,0.0,0.08685605499999999,0.07306859214613719,0.023066004023066,0.050069756949930225,0.028089888028089892,0.016001911,0.0506067141781583,0.01842711398157289,0.03853345099626054,0.002783668994432662,0.044630156178520626,0.25668256890882934,0.039945140079890286,0.026557711973442286,0.000788436001576872,0.03510933203510933,0.017854516357531578,0.052114980104229956,0.0028555110085665327,0.07321168736605843,0.0077191228344124525,0.04116394595883606,0.005167959000000001,0.04237947116951789,0.022915101,0.03975903607951807,0.037286790962713215,0.000957625,0.012588271050353084,0.027102542945794915,0.00040080199959919796,0.005063290989873418,0.0,0.0007993609968025559,0.011817441011817444,0.049180328049180336,0.27171052572828946,0.00041017200041017205,0.0,0.02719033205438067,0.13570391859288827,0.0013995800013995802,0.012647898974704204,0.019245875961508247,0.0036304960036304965,0.013933120999999996,0.008899143008899144,0.0359666019280668,0.028911017942177965,0.017370707034741414,0.010936132978127735,0.031141868813148784,0.010655737989344261,0.03219797793560404,0.013468013026936027,0.09581646400000003,0.004753102995246897,0.0024953210074859632,0.12950600812950602,0.137810728,0.0021875,0.00092850499814299,0.001009082003027246,0.03,0.020979021188811193,0.01085463,0.015418501969162998,0.013229572000000004,0.013540197040620594,0.005191127984426616,0.010666667021333336,0.023636937094547745,0.015544040937823835,0.006274275018822827,0.0044444440088888875,0.009910189039640757,0.0015205270030410542,0.028689069028689073,0.0936221418127557,0.0029244519941510963,0.016133851048401558,0.06478149087043703,0.024171949828118124,0.0446108771598828,0.25496453900000005,0.031117053937765895,0.0052811202640560126,0.08780487791219511,0.011672474,9.040002205760538e-5,0.013282247973435501,0.021085514876610822,0.0,0.05132352889735294,0.07222622514445246,0.03856872107713745,0.008999031818911896,0.009175540495345273,0.07650643207650644,0.07068846392931155
0.003921569000000001,0.006683002966584985,0.0082396999835206,0.008452535983094927,0.007033248014066495,0.03290366406580733,0.016582845999999995,0.009241877018483753,0.0035486160035486155,0.012091148987908848,0.00882825000882825,0.021733938,0.006678581759571057,0.004935833995064167,0.01178765938704171,0.01471367997057264,0.005512091022048365,0.02365434221699054,0.007200411014400824,0.005107251994892747,0.000262812000525624,0.0038497070038497074,0.016238057596767472,0.01285347002570694,0.000285551000856653,0.014440837072204185,0.037786349294261265,0.01873669298126331,0.0012919900000000002,0.008164852032659408,0.003380917,0.004216867008433734,0.008726695991273306,0.00191525,0.005833589023334357,0.001955853996088292,0.001603205998396794,0.0039782999920434,0.002925101865445315,0.0015987209936051158,0.006927465006927467,0.0025614750025614755,0.036842104963157894,0.0012305170012305172,0.014264633957206098,0.017371601034743205,0.003991291988026125,0.015745276015745276,0.0,0.009819323980361354,0.0024203310024203313,0.006767515999999999,0.0026367830026367833,0.005138085989723829,0.008352071983295857,0.004342677008685353,0.00656167998687664,0.0029988469820069175,0.001639343998360656,0.01862692896274614,0.0028058360056116725,0.009784076000000001,0.012146817987853184,0.005614473016843419,0.028304406028304408,0.00130833,0.0,0.010213555979572889,0.001261352003784056,0.0,0.04945054944505495,0.015801044,0.010279000979441998,0.0027237350000000006,0.0028208740084626227,0.01132609696602171,0.004444444008888888,0.005042546020170183,0.0037682519849269918,0.0050791750152375265,0.001481481002962962,0.003716321014865284,0.002027369004054738,0.019524505019524508,0.014921780970156435,0.006498780987002439,0.0005975500017926501,0.00668380498663239,0.0014372511681583864,0.009361771243406052,0.0014184400000000002,0.007049956985900086,0.020094947004747347,0.007879924992120074,0.035888502,0.011667875846961707,0.0037037039925925915,0.004978524443088675,0.04624564913873696,0.0026470589947058818,0.006664265013328529,0.004458812008917625,0.011283401026789496,0.024378807659165575,0.013766644013766646,0.0018420449981579553
0.0,0.0,0.00037453199925093595,0.0006501949986996099,0.0,0.0020352780040705566,0.0005436999999999999,0.0,0.0,0.0007750739992249258,0.000267523000267523,0.000955338,0.0,0.0008226389991773612,0.0,0.0,0.0,0.0,0.0,0.0,0.0,0.0,0.0,0.0,0.0,0.009515280047576399,0.0001867529718003013,0.0,0.0,0.0,0.0,0.0,0.0,0.0,0.0021492170085968686,0.0,0.000601201999398798,0.0,0.00030790498583637067,0.0,0.00040749800040749815,0.0,0.0,0.0,0.11854402364436792,0.0,0.01088534096734398,0.002449265002449265,0.0,0.000392772999214454,0.0,0.008359872999999999,0.0016479890016479891,0.0,0.001606167996787664,0.001973944003947888,0.0026246719947506563,0.0,0.0,0.023682809952634373,0.0,0.0,0.01056244998943755,0.0,0.0,0.0,0.0,0.0,0.0,0.0,0.007992008071928073,6.87e-5,0.0,0.0,0.00028208700084626103,0.0,0.0,0.0,0.000235515999057936,0.0,0.0,0.0,0.0025342120050684245,0.00013282000013282002,0.0,0.000324938999350122,0.0,0.0005141389989717221,0.0,0.0,0.0,0.00012155099975689801,9.530000476500023e-5,0.0,0.000696864,0.0031657027724314763,0.0,0.0005857090521281056,0.0,0.000294117999411764,0.00018011500036023,0.0,0.0,0.0004018489778983062,0.00011284100011284101,0.00046051099953948907
0.0,0.0,0.0,0.0,0.000639386001278772,0.0,0.0,0.0,0.0,0.0004650439995349559,0.0,0.0,0.0,0.0,0.00024388298731808464,0.0,0.0,0.0001464660199193787,0.00017143800034287603,0.000255362999744637,0.0,0.0,0.0008082288803821257,0.0,0.0,0.0,0.0,0.0,0.0,0.0,0.0,0.0,0.0,0.0,0.0,0.0,0.001402805998597194,0.0,0.0,0.0,0.0012224940012224943,0.0,0.000657894999342105,0.0012305170012305172,0.0,0.0,0.0,0.0,0.0,0.0,0.0,0.0,0.0,0.0,0.00032123399935753204,0.0,0.0,0.000692041995847748,0.0,0.0,0.0,0.0,0.0,0.0,0.0008010680008010681,0.0,0.0,0.0,0.0,0.0,0.0054945050494505454,6.87e-5,0.0,0.0,0.0,0.0,0.0,0.000315159001260636,0.0,0.0,0.0,0.0,0.000506842001013684,0.0,0.0,0.0,0.0,0.0,6.530000764010087e-5,0.0,0.00017730500000000002,0.0,0.0,0.0,0.0,0.00027134606620844015,0.0002554279994891439,9.760000868640076e-5,0.0,0.0,0.0,0.0,0.0,0.0,0.0,0.001151277998848722
0.018137255000000005,0.002004900989975495,0.01610486896779026,0.0034677069930645855,0.017902813035805626,0.0010176390020352783,0.016582845999999995,0.009097473018194946,0.0018925950018925948,0.017206634982793362,0.027554842027554843,0.02340578,0.008936129678299334,0.006087528993912472,0.028290381528900156,0.0051696709896606585,0.029160740116642964,0.06891249537209936,0.056917538113835084,0.00485188999514811,0.012089356024178712,0.006467508006467509,0.024393824389713988,0.024538444049076884,0.000856653002569959,0.04343445721717229,0.022223602644236003,0.025124201974875804,0.007105943000000002,0.0034992220139968885,0.002629602,0.004216867008433734,0.0027766759972233245,0.001675844,0.007982806031931225,0.006705783986588432,0.0,0.0010849909978300181,0.0012316219433453908,0.0029309889882760437,0.010187449010187451,0.00922131100922131,0.031578946968421055,0.0,0.000491883998524348,0.006042296012084593,0.010159651969521045,0.0,0.004895960990208078,0.0145325999709348,0.00040338800040338806,0.055732483999999985,0.0016479890016479891,0.0038535649922928706,0.016704143966591714,0.026845638053691275,0.00043744499912511006,0.006228373962629756,0.001639343998360656,0.019425225961149546,0.007856341015712682,0.009109312000000001,0.00844995999155004,0.0021834060065502184,0.033911883033911884,0.036197122,0.0028125,0.00092850499814299,0.000756811002270433,0.0,0.04345654339110889,0.003366309,0.0073421439853157125,0.0015564200000000004,0.006488011019464035,0.000943840997168477,0.001333333002666666,0.006618342026473367,0.000471031998115872,0.0023902000071706004,0.0004938270009876539,0.0034066270136265085,0.000506842001013684,0.0031876740031876742,0.04452466891095066,0.007473598985052802,0.0014938750044816253,0.01748071996503856,0.008819495031880918,0.004640182120644734,0.03404255300000001,0.016774036966451925,0.0022497191124859553,0.02420262697579737,0.003484321,0.0,0.0024265639951468717,0.0030261622693284417,0.0019890600059671803,0.003235293993529412,0.007925072015850144,0.00936350501872701,0.004222622384258638,0.00341571181213585,0.015459264015459266,0.008058944991941056
0.0,0.000222766998886165,0.0014981269970037456,0.00043346299913307393,0.00042625700085251395,0.00033921300067842606,0.0005436999999999999,0.0008664260017328519,0.000591436000591436,0.0009300879990699118,0.0058855000058855005,0.000955338,0.0023516129153419354,0.001316221998683778,8.12999957724002e-5,0.00304877999390244,0.0,0.0008787991195166801,0.0029144520058289047,0.0,0.0,0.0,0.0005878029130051689,0.00630988501261977,0.0,0.00246277801231389,0.0,0.00014194499985805504,0.0,0.0,0.00150263,0.00030120500060240997,0.0007933359992066641,0.0,0.0,0.0,0.0,0.000723326998553346,0.0014625509327226575,0.0,0.0008149960008149963,0.0,0.023684210976315786,0.00369155000369155,0.00787014297638957,0.0022658610045317223,0.0010885339967343982,0.0,0.0,0.000392772999214454,0.0,0.0015923569999999995,0.000659196000659196,0.0,0.00032123399935753204,0.007500987015001973,0.0,0.0,0.0,0.006918573986162851,0.0,0.009446694000000002,0.003168734996831266,0.0,0.0,0.005233319,0.0,0.0,0.0,0.0,0.0004995000044955,0.0,0.0,0.0,0.0,0.0,0.0,0.0,0.000471031998115872,0.0,0.0,0.0,0.0,0.0,0.0033694339932611316,0.0,0.0,0.0,0.0005226370611485359,0.00016281300423313808,0.0012411350000000002,0.00024310199951379602,0.0005910280295514013,0.0009380859990619139,0.001219512,9.040002205760538e-5,0.0007662839984674319,0.0,0.00012431600037294803,0.0,0.0,0.0,0.0,0.002812939845288308,0.004852178004852179,0.0
0.0,0.0,0.00037453199925093595,0.0,0.0,0.0016960650033921304,0.0,0.0,0.000591436000591436,0.0,0.0,0.014807738,0.000752515972909425,0.0,0.0,0.005434782989130435,0.0,0.0,0.0,0.0,0.000262812000525624,0.0,0.0,0.0,0.0,0.0,0.0,0.0,0.0,0.0,0.0,0.0,0.0,0.0,0.0,0.0,0.0,0.0,0.0,0.00852651196589395,0.0,0.0,0.003289473996710526,0.0,0.0,0.0,0.0,0.0,0.0,0.0,0.00040338800040338806,0.0,0.0,0.0,0.0,0.0,0.0,0.0,0.0,0.0,0.0,0.0,0.0,0.0,0.0,0.0,0.0,0.0,0.0,0.0,0.03246753229220779,0.0,0.0,0.0,0.0,0.0,0.0,0.0,0.0,0.00029877500089632505,0.0004938270009876539,0.0,0.0,0.0,0.0,0.0,0.0005975500017926501,0.0,0.0,0.0,0.018794326000000004,0.0,0.0,0.0,0.0,0.0,0.0,0.0034166343040804526,0.006837394020512184,0.0,0.0,0.0,0.0,0.0,0.0,0.0
0.0,0.0,0.0007490639985018719,0.0,0.0,0.0,0.00027184999999999997,0.0,0.0,0.0,0.001070091001070091,0.0,0.0,0.0,0.0,0.0,0.00017780900071123602,0.0,0.00017143800034287603,0.0,0.0,0.00015398800015398802,7.34999891220016e-5,0.00023369900046739798,0.0,0.00044777800223889003,0.0037973104266061258,0.0,0.0,0.0,0.0,0.0,0.0,0.0,0.0,0.0,0.0,0.0,0.0,0.0,0.0,0.0,0.0,0.0,0.0,0.0,0.00036284499891146507,0.0,0.0,0.0,0.0,0.0,0.0,0.0,0.0,0.0,0.0,0.0,0.0,0.0007982969984034058,0.0,0.00033738200000000006,0.0,0.0,0.0,0.0,0.0,0.0,0.0,0.0,0.0004995000044955,0.000343501,0.0,0.0,0.0,0.0,0.0,0.0,0.0,0.0,0.0,0.00030969300123877204,0.0,0.0009297380009297381,0.0,0.00016246999967506,0.0,0.0,0.0,0.0,0.0,0.0,0.0,0.001313320998686679,0.0,0.0,0.0,0.0,0.0,0.001029411997941176,0.0,0.0,6.920000629720058e-5,0.0,0.0,0.00046051099953948907
0.0,0.0,0.0,0.0,0.0,0.0,0.0,0.0,0.0,0.0,0.000267523000267523,0.000477669,0.0,0.00032905599967094403,8.12999957724002e-5,0.00013255599973488802,0.00017780900071123602,0.0,0.0,0.0,0.0,0.007083462007083462,7.34999891220016e-5,0.0,0.000285551000856653,0.00022388900111944502,6.229999059270142e-5,0.0,0.0,0.0,0.0,0.0,0.0,0.0,0.0,0.0,0.000601201999398798,0.0,0.0,0.0,0.0,0.0,0.0,0.0,0.0,0.0,0.0,0.0,0.0,0.0,0.0,0.0,0.0,0.0,0.003533568992932862,0.0,0.0,0.0,0.0,0.0,0.0,0.0010121460000000002,0.0,0.0,0.0,0.0,0.0,0.0,0.0,0.0,0.0,0.0,0.0,0.0,0.0,0.0,0.0,0.000945477003781908,0.0,0.0,0.0,0.0,0.0,0.0,0.0,0.0,0.0,0.0,0.0007839550917227455,0.0,0.0,0.0,3.810000190500009e-5,0.0,0.0,0.0,0.0,0.0,0.0,0.0,0.0,0.0,0.0,0.0,0.00011284100011284101,0.0
0.012745098000000003,0.014479839927600801,0.05617977488764044,0.013437364973125268,0.01342711002685422,0.004409769008819539,0.013728421999999997,0.06931407913862815,0.03347527803347527,0.03937374096062624,0.08186195808186196,0.156197755,0.02652619604505695,0.0036196119963803884,0.18835866020534967,0.025053021949893957,0.014402560057610241,0.15818383651300175,0.03325904306651809,0.08554647591445351,0.0023653090047306177,0.012627040012627043,0.03585598269331456,0.05328347710656695,0.0017133070051399211,0.03134445315672227,0.10906372853137701,0.13158268286841734,0.012273902000000003,0.022550544090202178,0.027798648,0.02259036104518072,0.0952003169047997,0.005027532,0.011053116044212465,0.00419111499161777,0.0056112219943887775,0.0010849909978300181,0.010699714507813134,0.011457500954169995,0.07008965007008967,0.008196721008196722,0.033552631966447366,0.10787530810787532,0.000983767997048696,0.07552870115105742,0.027576196917271416,0.0,0.006119950987760098,0.0479183029041634,0.0,0.04578025499999999,0.007580751007580752,0.008991650982016697,0.019916478960167044,0.000394789000789578,0.11417322777165355,0.014532871912802768,0.025409835974590164,0.012772750974454496,0.0050505050101010114,0.004385965000000001,0.012674940987325061,0.016843419050530255,0.054739653054739656,0.002616659,0.0003125,0.00185700999628598,0.0,0.01,0.013486513121378618,0.012640835,0.002936857994126284,0.003112840000000001,0.04146685512440057,0.0,0.0035555560071111126,0.01197604804790419,0.005887893976448424,0.017030176051090532,0.02617284005234568,0.009600496038401985,0.02230106404460213,0.0033204940033204943,0.009386281981227434,0.00341185999317628,0.003884075011652226,0.0071979429856041145,0.010648724245900736,0.016851189438130923,0.029787234000000006,0.007049956985900086,0.08058950702947534,0.03227016896772983,0.0,0.0,0.06922094486155811,0.023916441128563257,0.0,0.002499999995,0.019812680039625358,0.008025861016051725,0.0486639944284235,0.02973678736447669,0.001918303001918303,0.024867602975132398
0.002941176000000001,0.0,0.0,0.0,0.0057544760115089515,0.0,0.0,0.008808664017617329,0.0,0.0,0.000267523000267523,0.0,0.004232903847615462,0.0,0.0,0.0,0.000355619001422476,0.0008787991195166801,0.0018858220037716443,0.0030643509969356486,0.0,0.00046196500046196505,0.001102130836884636,0.00023369900046739798,0.0,0.005037501025187505,0.0001867529718003013,0.0,0.0,0.005054432020217729,0.000375657,0.0006024100012048199,0.0,0.0,0.0,0.003352891993294216,0.0,0.0,0.0,0.0,0.014262429014262433,0.03125000003125,0.013157894986842103,0.0,0.0,0.026435045052870094,0.0,0.0,0.0,0.0,0.0,0.0003980889999999999,0.0,0.0057803469884393065,0.0,0.0,0.0,0.0,0.0036885249963114746,0.00026609899946780196,0.0,0.006747638000000002,0.0,0.0,0.0,0.00087222,0.0,0.0,0.0,0.0,0.0,0.0,0.005139500989720999,0.0003891050000000001,0.0,0.0,0.0,0.000630318002521272,0.000235515999057936,0.0,0.006419753012839506,0.00030969300123877204,0.0,0.0,0.0,0.0019496339961007322,0.0,0.00874035998251928,0.0014372511681583864,0.0,0.0,0.000364652999270694,0.0,0.005816134994183864,0.0,0.0,0.0,0.0,0.0,0.00499999999,0.0,0.008917623017835247,0.0005537870503946217,0.0,0.00045136500045136503,0.0032235779967764223
0.004411765000000001,0.03942971680285142,0.017602995964794005,0.0008669269982661458,0.011082694022165388,0.012890095025780193,0.009242897999999998,0.010397112020794224,0.005559498005559498,0.0021702059978297933,0.0029427500029427503,0.012180559,0.023328002160191926,0.00016452799983547202,0.06893748141525097,0.005037115989925769,0.016714083066856334,0.0021237642888319434,0.006686096013372193,0.010980591989019408,0.0,0.006005544006005544,0.009110946651579896,0.037625613075251224,0.000856653002569959,0.018694727093473636,0.010831671364417626,0.043718949956281054,0.0025839790000000006,0.0007776050031104201,0.003380917,0.001204819002409638,0.004363347995636653,0.0,0.0,0.025146688949706623,0.004408817995591181,0.03218806493562387,0.008082518628204144,0.007727151969091391,0.00855745700855746,0.007172131007172132,0.000657894999342105,0.08408531608408532,0.0,0.040785498081571,0.016328011951015967,0.0,0.004895960990208078,0.012961507974076985,0.001613554001613554,0.015525477999999997,0.0016479890016479891,0.013487475973025048,0.00770960498458079,0.014607185029214369,0.002187226995625546,0.0032295269806228376,0.004508196995491803,0.0029270889941458212,0.007295174014590349,0.011470985000000001,0.006073408993926592,0.0021834060065502184,0.0032042720032042725,0.003924989,0.0,0.00092850499814299,0.00025227000075681006,0.0,0.0,0.001717505,0.01248164497503671,0.035019455000000005,0.004231312012693937,0.0,0.002222222004444444,0.012921525051686098,0.0061234099755063595,0.004780400014341201,0.02864197505728395,0.006813255027253021,0.0035478970070957944,0.0033204940033204943,0.0014440429971119139,0.004386676991226647,0.0053779500161338515,0.01696658096606684,0.008558177001306708,0.003419082088896134,0.0005319150000000001,0.006685303986629393,0.0,0.0009380859990619139,0.017073171,0.0,0.0012771389974457219,0.003807107338832553,0.0008702140026106422,0.00441176499117647,0.004142651008285302,0.012150262024300527,0.017513500593728554,0.0035496618047686002,0.0037237640037237644,0.00023025599976974403
0.0024509800000000006,0.0008910669955446651,0.0007490639985018719,0.002167316995665366,0.001278772002557544,0.005427408010854817,0.0028544239999999995,0.0,0.001301159001301159,0.0021702059978297933,0.0008025680008025681,0.000238834,0.004515096837456514,0.006252056993747944,8.12999957724002e-5,0.000795333998409332,0.001066856004267424,0.0,0.0,0.0007660879992339119,0.000788436001576872,0.002309824002309824,0.002645113608523186,0.0014021970028043939,0.000856653002569959,0.0,0.0002490039624004017,0.00028388899971611104,0.0,0.00038880200155520805,0.0,0.001807229003614458,0.007140023992859977,0.0,0.0,0.0005588149988823701,0.00020040099979959898,0.0021699819956600363,0.0015395269291817615,0.0,0.00040749800040749815,0.00102459000102459,0.0,0.00041017200041017205,0.000491883998524348,0.0007552870015105741,0.0014513789956458634,0.1203638911203639,0.0,0.0035349569929300864,0.0028237190028237193,0.0003980889999999999,0.0016479890016479891,0.0025690429948619143,0.0032123349935753304,0.009474931018949861,0.003937007992125984,0.006228373962629756,0.022540983977459014,0.0010643959978712079,0.0016835020033670043,0.0010121460000000002,0.0,0.002807236008421708,0.000267023000267023,0.00130833,0.000625,0.0,0.000756811002270433,0.0,0.0,0.00350371,0.011013215977973568,0.010116732000000002,0.005923836017771509,0.0,0.020444444040888892,0.005042546020170183,0.000471031998115872,0.00985957602957873,0.0004938270009876539,0.004955094019820376,0.0,0.002390756002390756,0.0004813479990373039,0.001299755997400488,0.011652226034956682,0.0010282779979434442,0.002090547244594027,0.0006512540169326044,0.0,0.001337060997325878,0.0009723360486168023,0.0,0.000174216,9.040002205760538e-5,0.0002554279994891439,0.0008785630781921138,0.003107907009323722,0.000294117999411764,0.001440922002881844,0.006465277012930555,0.007545341686626094,0.0004018489778983062,0.0009027310009027312,0.0006907669993092331
0.0,0.0,0.0,0.00021673199956653597,0.0,0.0010176390020352783,0.0006796249999999999,0.00014440400028880798,0.0,0.0017051619982948376,0.002407705002407705,0.0,0.0002821939898410164,0.0024679169975320835,0.0,0.0,0.000355619001422476,0.00021970002987920404,0.0,0.0,0.0,0.0,0.0009551798586333809,0.00023369900046739798,0.0,0.00011194400055971999,0.0015562747650025106,0.00028388899971611104,0.0,0.0,0.0,0.0,0.0,0.0,0.0,0.0,0.0,0.0,0.0,0.0,0.0,0.0,0.0,0.0,0.0,0.0,0.0,0.0,0.0,0.0,0.0,0.0,0.0009887940009887942,0.0,0.0,0.0,0.0,0.0,0.0,0.002394890995210218,0.0,0.0,0.0,0.00031191500093574504,0.0008010680008010681,0.0,0.0,0.0,0.0,0.0,0.0,0.000274801,0.0,0.0,0.0,0.0,0.0,0.000315159001260636,0.0,0.0005975500017926501,0.0,0.00030969300123877204,0.0,0.0,0.00024067399951865196,0.0,0.0,0.0,0.0,8.140000211640005e-5,0.0,0.00012155099975689801,0.0,0.000187616999812383,0.0,0.0,0.0006385699987228599,0.0004880910434401028,0.0,0.0,0.0,0.0,0.0,0.0029468888379211135,0.0,0.002302555997697444
0.0,0.0,0.00037453199925093595,0.00021673199956653597,0.000639386001278772,0.0,0.12355579699999997,0.00014440400028880798,0.0,0.13594791486405206,0.012306046012306046,0.000955338,0.10347097727504484,0.0,8.12999957724002e-5,0.0,0.0,0.06693519810318693,0.0,0.0,0.0,0.0,0.0002204259673769568,0.000467399000934798,0.0,0.14474420772372104,0.00012450198120020085,0.0,0.0,0.0,0.0,0.0,0.00039666799960333204,0.0,0.007368744029474977,0.22184967855630064,0.0,0.0,7.699999645800018e-5,0.00026645399893418395,0.28606357028606366,0.0,0.08684210491315789,0.0,0.0,0.0,0.033381712899854865,0.0,0.0,0.0,0.0,0.009952228999999998,0.0,0.0,0.0,0.0,0.0,0.0,0.004098360995901639,0.006120276987759445,0.0,0.0,0.0,0.0,0.0,0.0,0.0,0.0,0.0,0.01,0.0,0.0001374,0.025697503948604993,0.6186770430000001,0.0,0.0,0.1644444443288889,0.0,0.0,0.0,0.0004938270009876539,0.0,0.0,0.0,0.06522262286955474,0.00016246999967506,0.36390797809172404,0.0,0.5688901165601435,0.0,0.0012411350000000002,0.0,7.630000381500018e-5,0.00037523499962476497,0.0,0.0,0.5485312889029373,0.0,0.0003729490011188471,0.07676470584647059,0.0,0.00011147000022294002,0.0001384470125986782,0.021297969828611655,0.004513654004513654,0.0
0.03284313700000001,0.02851414585742927,0.056928838886142315,0.036627654926744684,0.09143222518286445,0.02544097705088196,0.06238956099999999,0.03552346607104693,0.08977998608977998,0.06045574293954424,0.04628143404628144,0.018151421,0.02652619604505695,0.06054623193945378,0.015283309205267919,0.03552491992895016,0.03573968714295875,0.0017575982390333601,0.010114864020229729,0.09473952990526047,0.011826544023653088,0.045888512045888515,0.024246873411462734,0.04603879409207759,0.0593946321781839,0.02910556414552782,0.04787100877147769,0.03406671396593329,0.021963824000000003,0.08087091832348368,0.054470323,0.08493975916987952,0.05712018994287982,0.069906632,0.0,0.0,0.0,0.010488245979023508,0.0,0.0,0.048492258048492276,0.07786885207786887,0.003947367996052631,0.0020508610020508614,0.018691588943925235,0.021148036042296075,0.1941219154176343,0.0,0.06405548787188903,0.07698350384603299,0.02702702702702703,0.3937101909999999,0.05339485805339487,0.06936416186127167,0.09958239580083522,0.11133043822266088,0.13735782972528435,0.03829296377024221,0.015983606984016394,0.018360829963278338,0.007856341015712682,0.10728744900000002,0.04805914995194086,0.06425452319276356,0.03845126803845127,0.13126908,0.155625,0.0,0.09964682129894047,0.03,0.050449550454045956,0.087249244,0.11380323077239354,0.012840467000000003,0.05472496516417491,0.007078810978763566,0.02133333304266667,0.0586196032344784,0.039095618843617515,0.01284732603854198,0.0918518521837037,0.07742335130969341,0.009630005019260012,0.10187275910187277,0.05318892889362214,0.04175467091649066,0.02270690206812071,0.07146529585706941,0.006075652710851366,0.0,0.06950354600000001,0.03999027592001945,0.020399993019999646,0.07767354592232645,0.001219512,0.0,0.04942528690114942,0.08297540738481125,0.00012431600037294803,0.07485294085029413,0.11833573523667146,0.04614870109229741,0.0,0.011653606359051648,0.10505529210505529,0.25604420874395584
0.002941176000000001,0.0,0.0,0.0,0.0,0.0,0.030447192999999994,0.00014440400028880798,0.0020108820020108818,0.00031002899968997095,0.000535045000535045,0.000238834,0.0,0.0,8.12999957724002e-5,0.037380699925238604,0.039118065156472266,0.0,0.08880507517761016,0.014044943985955054,0.001051248002102496,0.0,0.0,0.0,0.01627641304882924,0.0,0.0,0.03619588396380412,0.04586563300000001,0.0,0.002253944,0.029819277059638553,0.0,0.0,0.0018421860073687443,0.0011176309977647381,0.00020040099979959898,0.000723326998553346,0.013393887383881182,0.04476418882094324,0.01670741601670742,0.0,0.0,0.007383101007383102,0.0,0.0,0.0032656019902031945,0.008397481008397482,0.0,0.000392772999214454,0.0,0.0007961779999999998,0.0,0.0,0.009315772981368453,0.016975918033951834,0.0026246719947506563,0.003460207979238752,0.0,0.022884512954230968,0.0,0.0,0.0,0.0,0.0680907880680908,0.014827737,0.0090625,0.000464252999071494,0.023208880069626642,0.0,0.0,0.0,0.015418501969162998,0.0,0.0008462620025387862,0.02218027393345918,0.0,0.0,0.005887893976448424,0.0,0.0,0.00030969300123877204,0.0030410540060821084,0.0,0.04500601690998796,0.002274573995450852,0.0017926500053779505,0.012339331975321336,0.04422813617469192,0.0013839140359817649,0.0,0.00048620399902759204,0.0,0.07016885592983114,0.0,0.0,0.0,0.0016595081476962251,0.07036300321108901,0.039117646921764705,0.0,0.0004458810008917621,0.018205733656721765,0.0008706719521130424,0.028210336028210336,0.07345153092654848
0.043137255000000006,0.002004900989975495,0.04419475691161048,0.0,0.04923273709846547,0.0,0.020660594999999997,0.03306859206613718,0.0,0.14757401985242594,0.12466559712466561,0.028660139,0.022387357194055144,0.0,0.013820014281359256,0.00092788999814422,0.07681365630725463,0.008275358125448705,0.11314932322629866,0.01455566898544433,0.544021026088042,0.012473052012473054,0.005143276238795116,0.06286515512573031,0.005711022017133065,0.02496361812481809,0.020667327879233494,0.08715400991284601,0.0,0.00972006203888025,0.030052592,0.0030120480060240955,0.023800078976199922,0.000239406,0.0,0.06873428286253143,0.0,0.0,0.0014625509327226575,0.00799360496802558,0.022004890022004897,0.018442623018442624,0.08749999991249999,0.0,0.0,0.006042296012084593,0.1044992736865022,0.0,0.062423500875153,0.06716417886567165,0.0,0.013933120999999996,0.0,0.023121386953757227,0.048827497902345,0.06277141712554282,0.038057742923884516,0.02883506282698962,0.0036885249963114746,0.003991484992017029,0.0016835020033670043,0.03879892000000001,0.0005281229994718771,0.0,0.010680908010680909,0.110771915,0.0034375,0.006035282987929434,0.0,0.0,0.16183816345654348,0.003228909,0.056534507886930985,0.0015564200000000004,0.028490832085472505,0.0,0.0031111110062222226,0.011345730045382918,0.000471031998115872,0.0630415301891246,0.0019753090039506182,0.00030969300123877204,0.0070957930141915876,0.0,0.07292418785415161,0.02388302195223396,0.0,0.06323907487352186,0.029659636470177463,0.014571801378866836,0.28421985800000005,0.29026376541947246,0.0,0.20619136979380862,0.004878049,0.0,0.009833971980332054,0.012299884094689682,0.0,0.028676470942647057,0.022514409045028817,0.16196633632393267,0.026720201431538335,0.010180161440091118,0.010607086010607086,0.0082892009917108
0.0,0.0,0.0007490639985018719,0.0026007799947984395,0.0,0.0030529170061058346,0.0,0.00043321300086642596,0.001301159001301159,0.0,0.0,0.001194172,0.00018812899322735626,0.0,0.0,0.0,0.0,0.0,0.0,0.0007660879992339119,0.0,0.0027717890027717895,7.34999891220016e-5,0.0,0.0,0.00011194400055971999,0.0,0.0019872249980127754,0.0,0.0,0.001126972,0.0,0.0,0.0,0.0,0.0,0.00020040099979959898,0.0,0.0,0.0,0.0,0.0,0.0,0.0,0.0,0.0007552870015105741,0.0,0.0,0.0,0.001571091996857816,0.0,0.0003980889999999999,0.0009887940009887942,0.0,0.0,0.0,0.0,0.0,0.0,0.0,0.0,0.0,0.0007921839992078161,0.0,0.000267023000267023,0.002616659,0.0003125,0.0,0.0,0.0,0.0,0.000206101,0.0,0.0,0.0005641750016925251,0.0,0.0,0.0,0.0,0.0,0.0,0.0009290800037163201,0.0,0.0,0.0,0.0009748169980503661,0.0,0.0,0.0,0.0,0.0,0.00048620399902759204,0.0005528970276448513,0.0,0.0,0.0008140381986253204,0.0019157089961685818,9.760000868640076e-5,0.00012431600037294803,0.000147058999705882,0.000720461001440922,0.0028982280057964567,0.0012460201133878306,0.0,0.0,0.001151277998848722
0.0,0.0,0.0,0.00021673199956653597,0.0,0.0,0.0,0.00014440400028880798,0.0,0.00015501499984498494,0.0,0.000477669,0.0,0.00016452799983547202,0.0009755299492724425,0.001325556997348886,0.00017780900071123602,0.00036616604979858276,0.0018858220037716443,0.0,0.0,0.0,0.000367376945628212,0.000934798001869596,0.0,0.00055972200279861,0.0009960158496016068,0.00014194499985805504,0.0,0.00038880200155520805,0.0,0.0,0.0,0.0,0.0,0.0,0.0,0.000361663999276672,0.00030790498583637067,0.0,0.0,0.0,0.0,0.0,0.0,0.0,0.00036284499891146507,0.0,0.0,0.000392772999214454,0.0,0.0,0.000659196000659196,0.0,0.0,0.000394789000789578,0.0,0.00023068099861591398,0.0,0.0015965939968068117,0.0,0.0006747640000000001,0.0005281229994718771,0.0,0.000267023000267023,0.0,0.0,0.0,0.000504541001513623,0.0,0.0014985010134865092,0.000755702,0.001468428997063142,0.0,0.0,0.0,0.0004444440008888881,0.000315159001260636,0.0,0.0,0.0,0.0,0.000506842001013684,0.00039845900039845903,0.0,0.0,0.0,0.0005141389989717221,0.0,0.0,0.0,0.0,0.0,0.000187616999812383,0.0,0.0,0.0002554279994891439,9.760000868640076e-5,0.0004972650014917951,0.000147058999705882,0.00018011500036023,0.0,0.0001384470125986782,6.69999963150002e-5,0.0,0.0
0.0,0.0,0.0,0.0,0.0,0.0,0.0,0.0,0.0,0.0,0.000267523000267523,0.0,0.0,0.0,8.12999957724002e-5,0.0,0.0,0.0,0.0,0.0,0.0,0.0,0.0,0.0,0.0,0.0,0.0,0.00014194499985805504,0.0,0.0,0.0,0.0,0.0,0.0,0.00030703100122812403,0.0,0.03947895796052104,0.0,0.0,0.0,0.0,0.0,0.0,0.0,0.02065912393802263,0.0,0.0,0.0,0.0,0.0,0.0,0.0,0.000329598000329598,0.0,0.0,0.0,0.0,0.0,0.0,0.0,0.0,0.0,0.0,0.018402994055208982,0.0,0.0,0.0,0.0,0.0,0.01,0.0,0.0,0.0,0.0,0.0,0.0,0.0,0.0,0.0,0.0,0.0,0.0,0.0,0.0,0.0,0.0,0.0,0.0,0.0,0.0,0.0,0.0,0.0,0.0,0.009930314,0.0,0.0,0.0,0.0,0.0,0.0,0.0,6.920000629720058e-5,0.0,0.0,0.0
0.006862745000000002,0.0008910669955446651,0.009363295981273407,0.0032509749934980497,0.002344416004688832,0.003392130006784261,0.0013592499999999998,0.0008664260017328519,0.00047314900047314894,0.006200588993799409,0.001337614001337614,0.004299021,0.007619226725707839,0.0,0.0008942359534997303,0.00092788999814422,0.0016002840064011361,0.00029293303983889336,0.0008571920017143842,0.000255362999744637,0.000262812000525624,0.0,0.0016899337498898048,0.003972891007945782,0.0,0.000783611003918055,0.004170816370206729,0.0018452799981547201,0.0,0.0,0.001878287,0.0,0.004760015995239984,0.000239406,0.003991403015965613,0.0,0.00020040099979959898,0.00144665499710669,0.007543683652990554,0.0,0.0061124690061124705,0.000512295000512295,0.013157894986842103,0.0,0.0,0.0015105740030211482,0.00036284499891146507,0.0,0.0,0.004713275990573448,0.0,0.004378980999999999,0.000329598000329598,0.0,0.0032123349935753304,0.00315831000631662,0.00043744499912511006,0.00023068099861591398,0.0,0.004789781990420436,0.0,0.0013495280000000002,0.001056244998943755,0.003431067010293201,0.001068091001068091,0.00043611,0.0,0.000464252999071494,0.0,0.0,0.006993007062937063,0.000824402,0.00587371498825257,0.0007782100000000002,0.0014104370042313113,0.0,0.005333333010666667,0.007563820030255279,0.0,0.00029877500089632505,0.002962963005925926,0.0046454010185816045,0.0010136850020273703,0.0009297380009297381,0.0016847169966305658,0.002437042995125914,0.0,0.0035989719928020566,0.00013065901528710476,8.140000211640005e-5,0.0,0.000850856998298286,0.00017158900857945042,0.000187616999812383,0.000696864,0.0,0.0,0.0007809450695041111,0.0,0.000294117999411764,0.00036023100072046197,0.0007802920015605842,0.00048456304409523704,0.009175540495345273,0.0,0.0013815339986184662
0.048529412000000015,0.00400980197995099,0.07153558085692882,0.004117901991764195,0.006820119013640238,0.0,0.026505368999999994,0.02555956705111913,0.002365744002365744,0.02945279797054719,0.08640984508640985,0.166945307,0.012416517553005369,0.00016452799983547202,0.13698072587700222,0.009411452981177095,0.15771692763086773,0.08744050989190934,0.3293331056586663,0.00970377899029622,0.000525624001051248,0.02556205702556206,0.030418805498016784,0.02336994604673989,0.001998858005996574,0.10992947554964737,0.04071214485246613,0.031937543968062455,0.004521964000000001,0.00972006203888025,0.01878287,0.00753012001506024,0.012693375987306625,0.000478813,0.0030703100122812404,0.000279407999441184,0.00040080199959919796,0.058227847883544306,0.062273879135401576,0.006128430975486276,0.0631621840631622,0.04508196704508197,0.009210525990789474,0.0012305170012305172,0.0,0.04154078508308157,0.012699564961901307,0.0006997900006997901,0.015911872968176255,0.00392772999214454,0.0,0.014331209999999997,0.000329598000329598,0.014771996970456006,0.014455508971088982,0.04895381009790762,0.008311460983377077,0.01291810792249135,0.007786884992213115,0.08275678583448641,0.0005611670011223341,0.05701754400000002,0.0974386059025614,0.001247661003742983,0.060347130060347136,0.050152638,0.0009375,0.001392757997214484,0.003531786010595358,0.01,0.06343656357092907,0.001786205,0.008810572982378855,0.0011673150000000001,0.018899859056699584,0.0,0.007111111014222223,0.0163882760655531,0.0025906739896373035,0.003286525009859576,0.002469136004938272,0.005574481022297925,0.016218956032437913,0.05153406805153408,0.05607701588784596,0.007311128985377743,0.0008963250026889752,0.03598971692802057,0.0029398313439602665,0.0005698470148160223,0.015070922000000004,0.00425428499149143,0.0009342050467102522,0.0954971859045028,0.000174216,0.0,0.005747125988505747,0.0063451785647208915,0.0023620090070860275,0.006029411987941176,0.08699567717399134,0.0035670490071340985,0.0006922330629932088,0.023307211718103352,0.01726472601726473,0.00782868999217131
0.30441176500000006,0.0474493207627534,0.10262172279475654,0.062201993875595996,0.07779198615558396,0.010176391020352784,0.16786733699999998,0.09963898919927797,0.008516678008516677,0.031467988968532,0.1021936861021937,0.022211607,0.1077038811226603,0.007074695992925305,0.15795462978635924,0.20426829259146342,0.20092460980369847,0.15723180438352538,0.017315275034630553,0.10572012289427987,0.00183968500367937,0.0044656610044656615,0.15525346702248685,0.0862351021724702,0.003712164011136492,0.11989253359946266,0.25896410389642033,0.12973740187026261,0.020025840000000003,0.013608087054432349,0.026296018,0.016566265033132528,0.035700118964299886,0.0,0.0,0.0237496509525007,0.001402805998597194,0.03797468392405064,0.0,0.012789767948840926,0.07294213507294216,0.030737705030737708,0.0381578949618421,0.04388843304388843,0.001967535994097392,0.050604230101208465,0.04716981085849058,0.0,0.0053039579893920845,0.05852317388295365,0.006454215006454216,0.11863057299999998,0.012854318012854318,0.02633269094733462,0.050754898898490206,0.09632846419265692,0.022747156954505687,0.011534024930795849,0.012295081987704917,0.03938264992123469,0.005611672011223345,0.08400809700000002,0.031159228968840776,0.02620087307860262,0.035246996035247,0.155691234,0.005625,0.3342618373314763,0.006559031019677093,0.03,0.04795204843156843,0.034212696,0.03817914792364171,0.06459144000000001,0.13681241241043726,0.004719206985842378,0.0035555560071111126,0.040340372161361486,0.020725388917098443,0.01643262604929788,0.042962963085925926,0.03933106215732425,0.020273695040547393,0.05937043405937044,0.02936221394127557,0.013160031973679938,0.00806692602420078,0.13110539773778923,0.011302020322336376,0.003093455080429832,0.0026595740000000005,0.028078278943843446,3.810000190500009e-5,0.1041275798958724,0.037456446,0.0,0.05708812288582374,0.04451386596173407,0.3422426660267281,0.13617647072764705,0.11455331422910663,0.03332961806665924,0.09677420280645246,0.06141584262212865,0.03814037503814038,0.004835366995164634
0.003921569000000001,0.00222766798886166,0.0022471909955056176,0.0015171219969657558,0.00170503000341006,0.005088195010176391,0.003262198999999999,0.003032491006064982,0.000354862000354862,0.0013951329986048666,0.000535045000535045,0.005732028,0.0013169029525914938,0.00016452799983547202,0.009592715501178793,0.001325556997348886,0.009779516039118065,0.009080924235005694,0.010457740020915481,0.0012768129987231868,0.000788436001576872,0.0021558360021558362,0.008890520684202938,0.000934798001869596,0.0,0.011642225058211126,0.005602589154009039,0.0014194459985805543,0.0,0.0007776050031104201,0.003380917,0.001204819002409638,0.010313367989686633,0.000239406,0.0024562480098249922,0.0005588149988823701,0.000801602999198397,0.000723326998553346,0.0010006929539681242,0.0,0.018337408018337414,0.0,0.0,0.0016406890016406892,0.001967535994097392,0.0030211480060422964,0.0,0.00034989500034989505,0.042431660915136685,0.001571091996857816,0.000806777000806777,0.0015923569999999995,0.0,0.0,0.001284933997430132,0.005132254010264508,0.0013123359973753281,0.000692041995847748,0.006147540993852459,0.0015965939968068117,0.004489338008978676,0.014170040000000004,0.00448904099551096,0.0006238300018714901,0.001335113001335113,0.00130833,0.0009375,0.0,0.00025227000075681006,0.0,0.0224775222022977,0.000755702,0.0,0.0,0.0005641750016925251,0.00047192099858423697,0.002222222004444444,0.004727387018909548,0.000235515999057936,0.0014938750044816253,0.007407407014814814,0.004335708017342833,0.0010136850020273703,0.0018594770018594772,0.0033694339932611316,0.003086920993826158,0.0020914250062742754,0.006169665987660668,6.530000764010087e-5,0.0013025070338651829,0.020390071000000003,0.002187917995624164,0.0053573812678690625,0.0009380859990619139,0.000174216,0.0003617950882780015,0.0020434229959131536,0.0013666541216322166,0.0006215810018647431,0.001323528997352942,0.001080692002161384,0.00011147000022294002,0.004499515409455903,0.019891499905967502,0.000677048000677048,0.00023025599976974403
0.0,0.013588772932056136,0.0,0.0,0.004901961009803921,0.0,0.006796247999999999,0.0,0.0,0.03115795996884203,0.0,0.0,0.009406452661367706,0.06103981593896019,0.003495650818226157,0.06031283087937434,0.0,0.0001464660199193787,0.00017143800034287603,0.0,0.0,0.0,0.0139603209338725,0.0028043940056087877,0.001998858005996574,0.01410500407052502,0.0,0.0,0.0,0.0,0.0,0.006024096012048191,0.0,0.069906632,0.0,0.001676445996647108,0.0,0.03869801092260398,0.0,0.025845989896616038,0.0,0.0,0.0,0.025840853025840854,0.0,0.0,0.0018142239945573282,0.0,0.0,0.0,0.0,0.0,0.0,0.010918432978163134,0.0,0.0,0.0,0.015455593907266434,0.010655737989344261,0.0,0.10437710420875422,0.0030364370000000008,0.0,0.014036182042108545,0.0018691590018691591,0.0,0.0,0.0,0.0,0.0,0.0,0.0,0.0,0.042412451000000004,0.0,0.06512505880462482,0.1088888892177778,0.09171131436684525,0.0044747999821008,0.04182850312548552,0.0009876540019753079,0.0,0.043081602086163205,0.0,0.0,0.0,0.031670152095010465,0.0,0.004703730550336473,0.010501465273038095,0.0,0.0,0.0,0.0,0.001567944,0.0,0.0,0.0,0.0,0.007499999985,0.0,0.0,0.0,0.0004018489778983062,0.008801625008801627,0.0
0.0004901960000000001,0.0,0.0,0.0008669269982661458,0.0021312870042625737,0.0,0.00013592499999999998,0.0,0.0,0.0007750739992249258,0.000535045000535045,0.0,0.000752515972909425,0.0,8.12999957724002e-5,0.00013255599973488802,0.0,0.0,0.0008571920017143842,0.0,0.0,0.0,0.0005878029130051689,0.000467399000934798,0.0,0.00022388900111944502,0.0003735059436006026,0.00028388899971611104,0.0,0.0,0.0,0.0,0.0,0.0,0.0,0.0,0.0,0.0,0.0,0.0,0.0,0.0,0.000657894999342105,0.0,0.0,0.0,0.0,0.0,0.0,0.0,0.0,0.0,0.0,0.0,0.0,0.004737465009474929,0.00043744499912511006,0.0,0.000819671999180328,0.0,0.0,0.0,0.0,0.0015595760046787281,0.0,0.0,0.0,0.0,0.0,0.01,0.0,0.000206101,0.00660792998678414,0.019844358000000003,0.0,0.0,0.0,0.000315159001260636,0.0,0.00029877500089632505,0.0,0.00030969300123877204,0.0,0.00039845900039845903,0.0,0.00016246999967506,0.0,0.00205655499588689,0.0003919780458614313,0.0,0.00017730500000000002,0.0,0.0,0.00037523499962476497,0.0,0.0,0.0002554279994891439,0.00019523601737600553,0.00012431600037294803,0.0026470589947058818,0.00018011500036023,0.0006688220013376441,0.0004153400377959435,6.69999963150002e-5,0.000338524000338524,0.0
0.0,0.0,0.00037453199925093595,0.0,0.0,0.0,0.0,0.00014440400028880798,0.0,0.0,0.0,0.0,0.0008465809695230853,0.0,0.00032517698309079686,0.0,0.0,0.0,0.0018858220037716443,0.0,0.0,0.00015398800015398802,0.0008082288803821257,0.0014021970028043939,0.0,0.00022388900111944502,6.229999059270142e-5,0.0,0.0,0.0,0.0,0.0,0.00039666799960333204,0.000478813,0.0012281240049124961,0.000279407999441184,0.00040080199959919796,0.0,0.0,0.0,0.01955990201955991,0.004098361004098361,0.0,0.0,0.0,0.0,0.0,0.0,0.0,0.002356637995286724,0.0,0.0,0.0,0.0,0.0,0.000789578001579156,0.0,0.00046136099723183396,0.0,0.003991484992017029,0.0,0.0,0.0,0.0,0.0,0.00043611,0.0,0.0,0.0,0.0,0.0,0.000206101,0.0,0.0,0.0,0.0,0.0,0.000945477003781908,0.0,0.00029877500089632505,0.0004938270009876539,0.0,0.0,0.00026564000026564003,0.0,0.000324938999350122,0.0,0.0,0.0005226370611485359,0.0,0.0,0.00024310199951379602,0.0,0.0,0.0,0.0,0.004597700990804597,0.0030261622693284417,0.0,0.0,0.0,0.0,0.0008999030818911805,0.0,0.0,0.0013815339986184662
0.021568627000000003,0.006905769965471151,0.009363295981273407,0.0010836579978326837,0.007033248014066495,0.004748982009497965,0.0016310999999999995,0.016606498033212996,0.00011828700011828699,0.018446751981553242,0.004280364004280364,0.042990208,0.009312387664754045,0.0016452779983547224,0.048451342480530186,0.0019883349960233302,0.004623044018492176,0.0058586607967778676,0.009429110018858222,0.007405515992594484,0.000262812000525624,0.0013858950013858951,0.0012490818151358913,0.05842486611684973,0.0,0.06582335232911676,0.002054282689803314,0.03037615296962385,0.0012919900000000002,0.0031104200124416805,0.003380917,0.0024096390048192777,0.008330027991669972,0.001436438,0.009210930036843722,0.003911706992176587,0.000601201999398798,0.008679927982640145,0.003771841826495277,0.0015987209936051158,0.014262429014262433,0.014856557014856558,0.023684210976315786,0.0,0.000491883998524348,0.015105740030211482,0.0010885339967343982,0.0,0.004895960990208078,0.012175961975648077,0.000806777000806777,0.004378980999999999,0.001977587001977587,0.009633910980732178,0.01092193997815612,0.02763521505527043,0.003499562993000874,0.00668973495986159,0.006967212993032787,0.018360829963278338,0.0,0.03609986500000001,0.006073408993926592,0.005302558015907674,0.011214953011214954,0.003924989,0.000625,0.0,0.00025227000075681006,0.0,0.014485514130369626,0.004122012,0.0044052859911894275,0.010116732000000002,0.0031029620093088865,0.002359603992921188,0.002222222004444444,0.016703435066813738,0.000471031998115872,0.004182850012548551,0.006419753012839506,0.003716321014865284,0.0015205270030410542,0.002257936002257936,0.009386281981227434,0.000487408999025182,0.0017926500053779505,0.010796914978406172,0.008754166024237422,0.0,0.0040780140000000005,0.005591345988817308,0.0002478500123925006,0.006378986993621012,0.002264808,0.0,0.03371647493256705,0.008004686712417117,0.0003729490011188471,0.008235293983529414,0.004322767008645534,0.0035670490071340985,0.00941437185670784,0.08003482259808475,0.02087564902087565,0.0027630669972369334
0.003921569000000001,0.008019602959901985,0.007116104985767789,0.005635023988729951,0.003836317007672634,0.011872456023744914,0.005029223999999999,0.008664260017328519,0.000354862000354862,0.007905750992094247,0.013376137013376138,0.055648436,0.008842065681685638,0.005100361994899639,0.0013820009281359518,0.000397666999204666,0.004978663019914653,0.0007323320995971655,0.013886508027773019,0.006128702993871297,0.001051248002102496,0.002463813002463813,0.0013960317933872945,0.006076186012152372,0.000856653002569959,0.012873615064368075,0.016621013490226964,0.0046841729953158275,0.003875969000000001,0.008553655034214621,0.006010518,0.0024096390048192777,0.02856009497143991,0.000957625,0.010746085042984342,0.00419111499161777,0.0012024049987975948,0.008679927982640145,0.004002770815872542,0.00852651196589395,0.018337408018337414,0.0035860660035860665,0.06513157893486841,0.0771123870771124,0.009345793971962618,0.015105740030211482,0.0032656019902031945,0.01994401701994402,0.008567930982864139,0.019245875961508247,0.000806777000806777,0.030254776999999993,0.001977587001977587,0.0064226079871547844,0.016704143966591714,0.002368733004737466,0.00043744499912511006,0.00692041495847751,0.0032786889967213106,0.04656732290686535,0.002244669004489338,0.026990553000000007,0.0176921049823079,0.010293200030879602,0.040053405040053405,0.023986044,0.00125,0.010677808978644383,0.0,0.01,0.05444555449000999,0.002748008,0.016152716967694568,0.003501946000000001,0.005077574015232723,0.010382255968853232,0.00888888901777778,0.014812480059249917,0.0011775789952896839,0.0053779500161338515,0.005432099010864198,0.009910189039640757,0.0070957930141915876,0.0026563950026563953,0.017569193964861608,0.0019496339961007322,0.00029877500089632505,0.007712081984575837,0.001567910183445491,0.013594920353467928,0.008510638000000001,0.0060775499878449,0.0005719620285981013,0.013508442986491556,0.035714286,0.002170767529667277,0.011111110977777776,0.0040023433562085585,0.0021133760063401287,0.006029411987941176,0.019812680039625358,0.00033441100066882205,0.02948913468351126,0.07394012093329333,0.004852178004852179,0.007598433992401567
0.2735294120000001,0.6867899275660503,0.44456928711086136,0.7223667085552664,0.5336743400673487,0.6109226602218454,0.29645235799999997,0.4938628169877256,0.7295954587295954,0.22942179477057814,0.2731407172731407,0.131358968,0.4589408164781307,0.7566633752433367,0.21567351078497743,0.5296924699406151,0.261913230047653,0.01581838415130024,0.05228870210457741,0.5349846774650153,0.39842312779684624,0.763781953763782,0.5502570825619517,0.4353820998707642,0.8926327836778983,0.12504197962520988,0.24900394640040413,0.2986515257013485,0.8217054260000002,0.679626752718507,0.693463561,0.7147590374295181,0.5759619194240382,0.523102705,0.8311329473245319,0.5820061458359878,0.8474949891525049,0.7504520784990959,0.649449589125319,0.8286703936853184,0.19193154019193162,0.6168032796168033,0.1414473678585526,0.5274815425274816,0.5922282322233153,0.484138973968278,0.33127721200616844,0.7977606727977608,0.74541003550918,0.5263157879473684,0.8830173468830175,0.23845541399999995,0.8328938698328939,0.716763004566474,0.5483456459033087,0.30240821260481643,0.4610673660778653,0.7144175277134948,0.6840163923159835,0.4513038840973922,0.5432098780864199,0.37179487200000005,0.6577766033422235,0.7127261401381784,0.4395193594395194,0.278674226,0.7859375,0.6132776217734448,0.7991927373975782,0.85,0.2517482542657343,0.678139599,0.40455212819089575,0.10778210100000003,0.6129760248389282,0.8499292094502124,0.4186666678373334,0.5808383253233532,0.8250117726999527,0.779205260337616,0.735802470471605,0.70455249581821,0.8220983286441967,0.6103068146103069,0.321058964357882,0.7720552384558896,0.4445772343337318,0.41491002517017994,0.20147647257274726,0.7196353167105182,0.19663120600000006,0.48304363603391276,0.6459743702987185,0.17767354582232642,0.561324042,0.8843164237732074,0.09591315480817367,0.5977157891967052,0.47824465543473405,0.3044117643911765,0.41894812783789626,0.40229628880459267,0.6189257103222398,0.4147076321910802,0.4805912894805913,0.40663136059336874
0.0,0.0,0.0,0.0,0.0,0.0,0.0,0.00014440400028880798,0.0,0.0,0.0,0.0,0.00047032298306837265,0.0,0.0,0.0,0.0,0.0,0.0,0.0,0.0,0.00046196500046196505,0.00014695097825125522,0.00023369900046739798,0.0,0.0,0.0,0.0,0.0,0.0,0.0,0.0,0.0,0.000478813,0.0,0.000838222998323554,0.016432865983567132,0.0,0.0,0.0,0.0012224940012224943,0.005122951005122951,0.002631578997368421,0.0,0.0,0.0,0.0,0.0,0.0,0.0,0.0,0.0,0.0,0.0,0.00032123399935753204,0.0,0.0,0.008073817951557092,0.0,0.0,0.0,0.0,0.0,0.0,0.0,0.0,0.0,0.00092850499814299,0.0,0.0,0.0,0.0,0.0,0.0,0.0,0.0,0.0,0.0,0.0,0.00029877500089632505,0.0,0.0,0.0,0.0,0.0,0.0,0.00029877500089632505,0.0,0.0005879660687920299,0.0,0.0,0.0,0.0,0.005816134994183864,0.0,0.0,0.0,0.00039047203475201105,0.0,0.0,0.00018011500036023,0.0,0.0013152431196871242,0.0,0.0,0.0
0.0,0.0,0.0,0.0,0.0,0.0,0.0,0.0,0.0,0.0,0.0,0.0,9.409999661240013e-5,0.0,0.0,0.0,0.0,0.0,0.0,0.0,0.0,0.0,0.0,0.0,0.0,0.0,6.229999059270142e-5,0.0,0.0,0.0,0.0,0.0,0.0,0.0,0.0,0.0,0.0,0.0,0.0,0.0,0.0,0.0,0.0,0.0,0.0,0.0,0.0,0.0,0.0,0.0,0.0,0.0,0.0,0.0,0.0,0.0,0.0,0.0,0.0,0.0,0.0,0.0060728740000000015,0.0,0.0,0.0,0.0,0.0,0.0,0.0,0.0,0.0,0.0,0.0,0.0,0.0,0.0,0.0,0.0,0.0,0.0,0.0,0.0,0.0,0.0,0.0,0.0,0.0,0.0,0.002090547244594027,0.0,0.0,0.0,0.0,0.0,0.0,0.0,0.0,0.0,0.0,0.0,0.0,0.0,0.0,0.0,0.0,0.0
0.004901961000000001,0.016707506916462465,0.004868913990262172,0.01647160796705678,0.00085251500170503,0.007123474014246949,0.0,0.0034657040069314077,0.0,0.06758642093241356,0.0,0.007642704,0.0,0.014478446985521556,0.008617185551906352,0.0,0.0,0.02731600471497664,0.045945483091890976,0.0,0.0,0.0009239300009239301,0.022189562715944716,0.00023369900046739798,0.0,0.00011194400055971999,0.04338893744827045,0.0,0.0,0.05209953320839814,0.038317055,0.0,0.02618008697381992,0.009815657,0.047896838191587354,0.0,0.0,0.0,0.0,0.0,0.0,0.0,0.0,0.0,0.09837678270486964,0.0,0.0,0.0,0.005711953988576092,0.006677140986645719,0.002016942002016942,0.0,0.0164798950164799,0.0038535649922928706,0.001284933997430132,0.0,0.0,0.00023068099861591398,0.014754097985245901,0.0,0.019079686038159373,0.018893387000000005,0.02006865597993135,0.017155334051466003,0.0,0.0,0.0,0.0,0.0,0.0,0.014985015134865137,0.006114317,0.03964757692070485,0.03112840500000001,0.0028208740084626227,0.0,0.01777777803555556,0.0,0.0,0.0,0.0004938270009876539,0.015484670061938682,0.010643690021287382,0.007437907007437908,0.08543922982912153,0.0,0.0,0.010796914978406172,6.530000764010087e-5,0.0,0.00017730500000000002,0.00012155099975689801,0.11546014977300748,0.000187616999812383,0.036062718,0.052822009888570415,0.02196679395606641,0.01727840853777836,0.0,0.000294117999411764,0.027197406054394812,0.0,0.0,0.05639273689839946,0.023696682023696684,0.0
0.005882353000000002,0.001336600993316995,0.007490636985018725,0.00043346299913307393,0.007672634015345268,0.00033921300067842606,0.005029223999999999,0.0020216610040433222,0.0024840310024840306,0.0027902649972097343,0.00882825000882825,0.008120373,0.0029159998950240044,0.00016452799983547202,0.0033330618266807846,0.0006627779986744441,0.008534851034139404,0.007835959065690432,0.027773016055546038,0.0025536259974463737,0.003679369007358738,0.0009239300009239301,0.003526818478030865,0.011217574022435147,0.000285551000856653,0.010186947050934734,0.006411852031810344,0.005819729994180271,0.0,0.0007776050031104201,0.00150263,0.001807229003614458,0.0007933359992066641,0.000239406,0.0015351550061406202,0.001397037997205924,0.000601201999398798,0.0,0.00015395299291816236,0.00026645399893418395,0.008149959008149962,0.006147541006147542,0.023026315976973685,0.006972929006972929,0.0,0.004531722009063445,0.000725688997822933,0.0,0.002039983995920032,0.008248232983503535,0.0,0.003184712999999999,0.0009887940009887942,0.001926781996146436,0.014134275971731449,0.021713383043426765,0.0008748909982502181,0.00461360997231834,0.0,0.0031931879936136233,0.0011223340022446682,0.004385965000000001,0.0013203059986796942,0.0024953210074859632,0.001335113001335113,0.002180549,0.0003125,0.0,0.00025227000075681006,0.0,0.015984016143856146,0.000687002,0.0022026429955947138,0.0007782100000000002,0.0011283500033850502,0.00047192099858423697,0.0017777780035555563,0.0031515920126063677,0.0014130949943476198,0.0005975500017926501,0.0004938270009876539,0.0,0.0010136850020273703,0.0013281980013281982,0.00890493398219013,0.004061737991876524,0.0,0.0071979429856041145,0.0019598882293069223,0.0025236080656138096,0.007092199000000002,0.0009724079980551841,0.00028598101429905064,0.016885552983114446,0.008885017,9.040002205760538e-5,0.003192847993614303,0.003514252312768455,0.00012431600037294803,0.023823528952352943,0.001440922002881844,0.004681752009363505,0.004637962422054581,0.0016073939115933346,0.003949447003949448,0.018650701981349303
0.0,0.0,0.0,0.00021673199956653597,0.0,0.00033921300067842606,0.0017670249999999995,0.0,0.0035486160035486155,0.0,0.002140182002140182,0.0,0.00150503194581885,0.0004935829995064171,0.00227623788163563,0.0,0.008001422032005687,7.320000995520135e-5,0.00017143800034287603,0.0,0.0,0.00046196500046196505,0.00029390195650251045,0.000467399000934798,0.0,0.00324639001623195,0.0,0.0,0.0,0.0,0.0,0.0,0.0,0.0,0.0,0.0,0.0,0.0,0.0005388349752135913,0.0,0.0,0.0,0.0,0.0,0.0,0.0,0.0,0.0,0.0,0.0,0.0,0.0,0.0,0.0,0.005139736989720527,0.004737465009474929,0.0,0.00023068099861591398,0.000409835999590164,0.0018626929962746136,0.0011223340022446682,0.0023616730000000003,0.003960918996039082,0.0,0.0005340450005340451,0.007849978,0.0009375,0.00185700999628598,0.0,0.0,0.03546453531918082,0.0,0.0,0.0,0.0,0.00047192099858423697,0.0,0.010085093040340372,0.000235515999057936,0.0,0.0004938270009876539,0.00030969300123877204,0.000506842001013684,0.0,0.0016847169966305658,0.00016246999967506,0.00029877500089632505,0.0005141389989717221,0.00013065901528710476,0.0,0.0,0.00012155099975689801,0.0,0.0005628519994371479,0.031358885,0.0,0.00038314199923371594,0.0006833270608161083,0.00012431600037294803,0.000294117999411764,0.0,0.0,0.0014536901322858024,0.006161676661107783,0.0028210340028210342,0.0
0.0,0.0,0.0,0.0,0.0,0.0,0.0,0.0,0.0,0.0,0.0,0.0,0.0,0.0,0.0,0.0,0.0,0.0,0.0,0.0,0.0,0.0,0.0,0.0,0.0,0.0,0.0,0.0,0.0,0.0,0.0,0.0,0.0,0.0,0.0,0.0,0.0,0.0021699819956600363,0.0,0.0,0.0,0.0,0.0,0.0,0.0,0.0,0.0,0.0,0.0,0.0,0.0,0.0,0.0,0.0,0.0,0.0,0.0,0.0,0.0,0.0,0.0,0.0,0.0,0.004054897012164691,0.0,0.0,0.0,0.0,0.0,0.0,0.0,0.0,0.0,0.0,0.0,0.0,0.0008888890017777781,0.0,0.000235515999057936,0.0,0.0,0.0,0.0,0.0,0.0,0.0,0.0,0.0,0.0,0.0,0.0,0.0,0.0,0.0,0.0,0.025958761333937763,0.0,0.0,0.0,0.0,0.0,0.0,0.0,0.0,0.0,0.0
0.011274510000000001,0.013588772932056136,0.027340823945318348,0.01083658397832683,0.01577152603154305,0.017639077035278155,0.026641293999999992,0.025848375051696747,0.02791578002791578,0.014881413985118582,0.025414660025414662,0.029376642,0.03593264870642465,0.0024679169975320835,0.0357694481399887,0.019353127961293747,0.026849218107396877,0.028414503864372522,0.029315961058631927,0.028600612971399385,0.002102497004204994,0.004619649004619649,0.03967670212784808,0.028745034057490064,0.003426613010279839,0.03682973218414866,0.03878236514386287,0.03477643696522357,0.003875969000000001,0.0073872470295489896,0.013899324,0.00753012001506024,0.011503371988496628,0.01029447,0.010439054041756216,0.01844090496311819,0.04669338695330661,0.010126581979746837,0.009622045557385906,0.02051691991793232,0.031784841031784854,0.03125000003125,0.016447367983552633,0.02912223102912223,0.020167240939498274,0.049848943099697895,0.012336719962989844,0.012246326012246327,0.008975927982048144,0.030636291938727418,0.000806777000806777,0.011942674999999996,0.0026367830026367833,0.011560693976878613,0.02055894595888211,0.01105408602210817,0.004374452991251094,0.019838523880968854,0.0032786889967213106,0.020755720958488554,0.014029181028058365,0.028002699000000006,0.005545286994454714,0.04242046212726139,0.022696929022696932,0.004797209,0.0015625,0.010677808978644383,0.000756811002270433,0.0,0.02147852119330669,0.014701841,0.016152716967694568,0.010894942000000001,0.026798307080394927,0.01132609696602171,0.004888889009777779,0.014497321057989282,0.0035327369858690516,0.011353451034060356,0.015802469031604937,0.01610405706441623,0.0030410540060821084,0.008766104008766104,0.011070998977858,0.029244516941510968,0.0017926500053779505,0.0437017989125964,0.0069902668178612164,0.009605992249755798,0.0056737590000000004,0.01349215997301568,0.011420183571009178,0.016510318983489678,0.134146341,0.009316210273155306,0.02094508295810983,0.008980867799297233,0.012182994036548985,0.01691176496617647,0.011347262022694524,0.006799688013599377,0.03322719402367466,0.023039312732837797,0.011961183011961184,0.005986644994013355
