0.0,0.0,0.0,0.0,0.0,0.00501094502574259,0.0,0.0,0.0,0.0,0.0,0.0,0.0,0.04025817504160617,0.0,0.0,0.0006707913903208971,0.0,0.0,0.0,0.030955380995711084,0.00631225512202139,0.0,0.0,0.005724026835932771,0.0,0.0,0.0,0.0,0.0,0.005478668490365647,0.0004366404761180608,0.0,0.0,0.0,0.1119055922360854,0.007798579736036181,0.03028133198262274,0.0,0.0,0.0,0.0,0.0,0.06332078559176353,0.0,0.0,0.0,0.0,0.0014043705720358781,0.0,0.6670449680720383,0.0,0.0,0.0,0.0014705667491562784,0.0,0.0,0.02192692168244318
0.0,0.0,0.0,0.0,0.0,0.0,0.0,0.0,0.0,0.0,0.0,0.0,0.0,0.05065362350720818,0.0,0.0,0.0,0.0,0.0,0.0,0.025993616636326287,0.0,0.0,0.0,0.004323174713203556,0.0,0.0,0.0,0.0,0.0,0.0,0.0020644164072710965,0.0,0.0,0.0,0.05506566159479466,0.0,0.0,0.0,0.0,0.0,0.0,0.003948909627889923,0.014282095862519915,0.0,0.04349880730877715,0.0,0.0,0.004169483882083779,0.003200901618576703,0.7800095021589772,0.0,0.0,0.012789806682371452,0.0,0.0,0.0,0.0
0.0,0.0,0.0,0.0,0.0,0.0,0.005828641819023091,0.0,0.0,0.0,0.0,0.0,0.0,0.04482596038329261,0.0,0.0,0.0,0.0,0.0,0.0,0.018603745436802124,0.0,0.0,0.0,0.0,0.0,0.009574294070102247,0.013326185271897125,0.0,0.03199882377775671,0.0,0.007247755270592692,0.0,0.0,0.035126164965670406,0.0817000326234277,0.0,0.011517659313006521,0.0,0.0,0.0,0.0,0.006239740934689436,0.0009556947550692739,0.0,0.0,0.0,0.0,0.0,0.005460695041951177,0.7049474817467726,0.0,0.0,0.004681114941749081,0.0,0.0,0.0,0.017966009648197313
0.0,0.0,0.0,0.0,0.0,0.0,0.0,0.0,0.0,0.0,0.0,0.0,0.0,0.10035120096082814,0.0,0.0,0.0,0.0,0.0,0.0,0.038826470122393306,0.010759388555700479,0.0,0.0,0.0,0.0,0.0,0.0,0.0,0.0027265470365360903,0.0,0.01607035382368088,0.004716183122121741,0.0,0.008518014505643661,0.04956833056192931,0.0,0.0,0.0,0.0,0.0,0.0,0.023235461342376005,0.0930258208932133,0.0,0.0,0.001985877020207938,0.0,0.006640069028310051,0.0053550348461385705,0.6044524495407049,0.0,0.0,0.028806027472701792,0.0,0.0,0.0,0.004962771167513938
0.0,0.0,0.0,0.0,0.0,0.01140794079929281,0.0,0.0,0.0,0.0,0.0,0.0,0.0,0.0,0.0,0.0,0.004905986630738348,0.0,0.0,0.0,0.10499323149209767,0.004452113583597756,0.0,0.0,0.0,0.0,0.0,0.0,0.0,0.08538554554445885,0.0,0.0176970386417022,0.0,0.0,0.05165832792890005,0.1108809204202365,0.0,0.03527874382683586,0.0,0.0,0.0,0.0,0.04388747285434614,0.0654347248567326,0.0,0.0,0.0,0.0,0.03524243534362259,0.020068887013213264,0.32718487301035176,0.0,0.0,0.02778982924102622,0.014532506529422022,0.0,0.0,0.03919942228342545
0.0,0.0,0.0,0.0,0.0,0.015985727201172133,0.0,0.0,0.0,0.0,0.0,0.0,0.0,0.05536526595811868,0.0,0.0,0.0,0.0,0.0,0.0,0.0,0.009545582910614154,0.005638988334479719,0.0,0.00572200013084401,0.0,0.0,0.0,0.0,0.02722826483939975,0.0,0.0036778624125421086,0.0,0.0,0.0,0.0898562501574851,0.0,0.0,0.0,0.0,0.0,0.0008747067659336529,0.0,0.0,0.0,0.0,0.0,0.0,0.004226287363681673,0.0021197292225926994,0.756305809437417,0.0,0.0,0.007252829582602103,0.0,0.0,0.0,0.01620069568311715
0.0,0.0,0.0,0.0,0.0,0.0,0.0,0.0,0.0,0.0,0.0,0.0,0.0,0.04444458401910502,0.0,0.0,0.005162877345426045,0.0,0.0,0.0,0.04003694124518211,0.03146007832333843,0.0,0.0,0.009081336228831812,0.0,0.0,0.0,0.0,0.0,0.0,0.0,0.0,0.0,0.006527289417737384,0.11003397115270527,0.02493611694148132,0.054220226527660835,0.0,0.0,0.0,0.0,0.06244267113945365,0.12944529956421189,0.0,0.0,0.0,0.0,0.0,0.0008830784048958643,0.45707417719028165,0.0,0.0,0.0,0.0,0.0,0.0,0.02425135249968885
0.0,0.0,0.0,0.0,0.0,0.008447865784415086,0.0,0.0007607601109844481,0.0,0.0,0.0,0.0,0.0,0.0888005609616499,0.0,0.0,0.0,0.0,0.0,0.0,0.0288429327755633,0.007926350044024635,0.0,0.0,0.0029634668978654522,0.0,0.0,0.0,0.0,0.015749527110080732,0.009725253927246966,0.010648114919226372,0.0,0.0,0.05065082459255095,0.06674510288407542,0.0044857280969067305,0.006064737790936645,0.0,0.0,0.0,0.0,0.009366820126429483,0.05797814966609304,0.0,0.0,0.0,0.0,0.00385302225288494,0.0,0.6070048360770517,0.0,0.0,0.005899855305034959,0.0,0.0,0.0,0.014086090676979194
0.0,0.0,0.0,0.0,0.0,0.006507137341547835,0.0,0.0,0.0,0.0,0.0,0.0,0.0,0.1032575770948988,0.0,0.0,0.0,0.0,0.0,0.0,0.06359584777196409,0.012852389503923456,0.0,0.0,0.006437443634588332,0.0,0.0,0.0,0.0,0.0,0.0,0.01528657763734273,0.0,0.0,0.0,0.03958926915549613,0.013134612570382126,0.0,0.0,0.0,0.0,0.0,0.02099849480653427,0.06781854559529248,0.0,0.0,0.0,0.0,0.006231402626296809,0.016252459054468083,0.6038829225303484,0.0,0.0,0.0,0.0,0.0,0.0,0.024155320676916642
0.0,0.0,0.0,0.0,0.0,0.011463535013520982,0.0,0.0,0.0,0.0,0.0,0.0,0.0,0.03980820130340626,0.0,0.0,0.0,0.0,0.0,0.0,0.0510033718667257,0.013168740779135959,0.0,0.0,0.012874495982213916,0.0,0.0,0.0,0.0,0.03882951236897656,0.0,0.017070239983558937,0.0,0.0,0.012790826063280395,0.04636428580754598,0.011697118919408812,0.025175173516247106,0.0,0.0,0.0,0.0,0.0,0.07600811856110541,0.004455659797726032,0.04068101502382847,0.0,0.0,0.017565625939854935,0.004776338858378386,0.5445259787183645,0.0,0.0,0.008208109330295503,0.0,0.0,0.0,0.023533652166426278
0.0,0.0,0.0,0.0,0.0,0.01544981795401053,0.0,0.0,0.0,0.0,0.0,0.0,0.0,0.022366597821693954,0.0,0.0,0.0,0.0,0.0,0.0,0.06901086265662207,0.01450508655355943,0.0,0.0,0.035204811699004766,0.0,0.0,0.0,0.0,0.019244375323111452,0.0,0.0,0.0,0.0,0.020602999641196048,0.07594150398442971,0.006807076921358799,0.05101859777715297,0.0,0.0,0.0,0.0,0.03615178630555807,0.07621462555294015,0.0,0.0,0.0,0.0,0.01492859961031423,0.0,0.5119461951818883,0.0,0.0,0.0,0.004266747018163913,0.0,0.0,0.026340315998995414
0.0,0.0,0.0,0.0,0.0,0.0,0.0,0.0,0.0,0.0,0.0,0.0,0.0,0.05903008256926502,0.0,0.0,0.0030567356214458675,0.0,0.0,0.0,0.014240454909374199,0.005517792346926588,0.0,0.0,0.009365922699206138,0.0,0.0,0.0,0.0,0.03244806626762258,0.0,0.0,0.0,0.0,0.0,0.10868870798339497,0.0,0.03544385556654912,0.0,0.0,0.0,0.0,0.0216232033900486,0.033660432484858484,0.0,0.0,0.0,0.0,0.005810576897856916,0.0002743101810010007,0.6522098829073109,0.0,0.0,0.0,0.0,0.0,0.0,0.018629976175139677
0.0,0.0,0.0,0.0,0.0,0.0,0.0,0.0,0.0,0.0,0.010155969507355568,0.0,0.0,0.0827703588823341,0.0,0.0,0.00897894413229372,0.0,0.0,0.0,0.04986560074219999,0.009277298397937603,0.0,0.0,0.0,0.0,0.0,0.0,0.0,0.028776478416562855,0.0,0.026559297363744103,0.0,0.0,0.0,0.06573649470386422,0.0,0.04661047838317663,0.0,0.0,0.0,0.0,0.0,0.03223405011190187,0.0,0.01984001803980587,0.0,0.0,0.020296918036359038,0.0021395782650884612,0.5478332518544359,0.0,0.0,0.0,0.0,0.0,0.0,0.04892526316294002
0.0,0.0,0.0,0.0,0.0,0.0,0.0,0.0,0.0,0.0,0.0,0.0,0.0,0.05635693444563497,0.0,0.0,0.0,0.0,0.0,0.0,0.0,0.001014154029536609,0.0,0.0,0.0,0.0,0.0,0.0,0.0,0.0,0.0,0.0,0.0,0.0,0.0,0.016421959983332977,0.0,0.0,0.0,0.0,0.0,0.0,0.002819627392227182,0.013902734286496209,0.0,0.01864919957281191,0.0,0.0,0.0,0.0,0.879087461697449,0.0,0.0,0.01019616379706857,0.0,0.0,0.0,0.0015517647954426343
0.0,0.0,0.0,0.0,0.0,0.0,0.0,0.007964813389831774,0.0,0.0,0.0,0.0,0.0,0.0,0.0,0.0,0.006781201558086789,0.0014953371218694963,0.0,0.0,0.03596351406430047,0.0071734465975315425,0.0,0.0,0.01218763057453245,0.0,0.0,0.0,0.0,0.026929403667329425,0.0,0.008885800085635573,0.0,0.0,0.04562588091665673,0.00647155921369299,0.017528121204908046,0.0010504050562903282,0.0,0.0,0.0,0.0,0.006134783790366635,0.04484532990077809,0.0,0.019653602004948145,0.0,0.0,0.006468664902803585,0.0,0.7143976133292045,0.0,0.0,0.027258568126669387,0.002786581661787303,0.0003977428327766104,0.0,0.0
0.0,0.0,0.0,0.0,0.0,0.0,0.0,0.0,0.0,0.0,0.0,0.0,0.0070547354899015355,0.06661947221607627,0.0,0.0,0.012502406547980034,0.0,0.0,0.0,0.06819263889631609,0.020417810436473286,0.0,0.0,0.020623866978031955,0.0,0.0,0.0,0.0,0.04030713648439895,0.0,0.016480961866812496,0.0050749226358063676,0.0,0.0,0.01805782447931022,0.0,0.09186810169570565,0.0,0.0,0.0,0.0,0.0,0.09829343800092637,0.0,0.016316256193695627,0.0,0.0,0.021314796503964364,0.004762189165821335,0.44031650324433097,0.0,0.0,0.0,0.0,0.0,0.0,0.051796939164448455
0.0,0.0,0.0,0.0,0.0,0.0,0.0,0.0,0.0,0.0,0.0,0.0,0.0,0.0,0.0,0.0,0.0,0.0,0.0,0.0,0.057064993714639245,0.0,0.0,0.0,0.003777704427077433,0.0,0.0,0.0,0.0,0.056602814843875526,0.0,0.0,0.0,0.0,0.0,0.09447224060976499,0.040169368936138705,0.05630537249192404,0.0,0.0,0.0,0.0,0.05057349274071503,0.11966181472811122,0.0,0.0,0.0,0.0,0.003720732036427865,0.0,0.5130029113830715,0.0,0.0,0.0,0.0,0.0,0.0,0.00464855408825436
0.0,0.0035901929983715598,0.0,0.0,0.0,0.0,0.0,0.0,0.0,0.0,0.0,0.0,0.0,0.01651252484785131,0.0,0.0,0.0,0.01346095777958625,0.0,0.0,0.09081994004836662,0.011174835098944643,0.0,0.0,0.0,0.0,0.0,0.0,0.0,0.027568806251971216,0.0,0.03669357712059466,0.0,0.0,0.07070221529801433,0.06942526614519073,0.0,0.024152311736491808,0.0,0.0,0.0,0.0,0.022789038899300673,0.0,0.0018073234782152623,0.002582059702309571,0.0,0.0,0.01666002781556659,0.015130912321878992,0.5326459825346209,0.0,0.0,0.023298311729331986,0.006264926565351392,0.0,0.0,0.014720789628041355
0.0,0.006279074201781942,0.0,0.0,0.0,0.009709592418901554,0.0,0.0,0.0,0.0,0.0,0.0,0.0,0.0022978976263494763,0.0,0.0,0.002297237532003355,0.0,0.0,0.0,0.10570635486115147,0.0068591311071731055,0.0,0.0,0.023553391761121003,0.0,0.0,0.0,0.0,0.035890510509282395,0.0030434486371458975,0.009135788505395457,0.0,0.0,0.0,0.10161626792865282,0.009969373551306794,0.008491090312573802,0.0,0.0,0.0,0.000943859624165256,0.07402220206090711,0.12375208422343306,0.0071086828745389645,0.0027049428929130656,0.0,0.0,0.0,0.006292369718988013,0.41566547120052816,0.0,0.0,0.009288598254221903,0.010406354330044039,0.0,0.0,0.024966275867421187
0.0,0.0,0.0,0.0,0.0,0.0,0.0,0.0033146003735929058,0.0,0.0,0.0,0.0,0.0,0.024653659824623354,0.0,0.0,0.0,0.0,0.0,0.0,0.027735863218385247,0.0,0.0,0.0,0.007966911283892718,0.0,0.0,0.0,0.0,0.030297124414420337,0.022508109388981994,0.012233920284643084,0.0,0.0,0.0,0.1247757627162621,0.0,0.03615929465991556,0.0,0.0,0.0,0.0,0.0,0.021771410193518376,0.0,0.0,0.0,0.0,0.0,0.017522240070935502,0.6572921734063131,0.0,0.0,0.0,0.0,0.0,0.0,0.013768930164515707
0.0,0.0,0.0,0.0,0.0,0.0,0.0,0.0,0.0,0.0,0.0,0.0,0.0,0.06676552608572792,0.0,0.0,0.0,0.0,0.0,0.0,0.003521836088438643,0.00028072115198370714,0.0,0.0,0.00032631276589911875,0.0,0.0,0.0,0.0,0.0,0.0,0.0,0.0,0.0,0.0,0.06546189507763249,0.0,0.0,0.0,0.0,0.0,0.0,0.0,0.0,0.0,0.0,0.0,0.0,0.0010221007028360849,0.004455641844676409,0.8434069904645705,0.0,0.0,0.0,0.0,0.0,0.0,0.014758975818235062
0.0,0.0,0.0,0.0,0.0,0.0,0.0,0.0,0.0,0.0,0.0,0.0,0.0,0.033643889024810074,0.0,0.0,0.0,0.0,0.0,0.0022969477465872882,0.015024198840156102,0.0,0.0,0.0,0.0,0.0,0.0,0.0,0.0,0.0,0.0,0.013323669489220305,0.0,0.0,0.0,0.018337452201712963,0.0,0.0,0.0,0.0,0.0,0.0,0.021132081538230228,0.04945593873568147,0.0,0.0,0.0,0.0,0.004325782677829294,0.0,0.8198886687928244,0.0,0.0,0.0,0.0,0.0,0.0,0.022571370952947888
0.0,0.0,0.0,0.0,0.0,0.0065147017775589655,0.0,0.0,0.0,0.0,0.0,0.0,0.0,0.029926809873032267,0.0,0.0,0.0004037206184903583,0.0,0.0,0.0,0.06757877142688913,0.014034577688818491,0.0,0.0,0.01816095788022179,0.0,0.0,0.0,0.0,0.03993076372875528,0.0,0.008487446119209024,0.0,0.0,0.033208925111021935,0.07777383035774357,0.0,0.06775460360982861,0.0,0.0,0.0,0.0,0.04496245922827168,0.03509387645905448,0.007219770989782109,0.014699829219071196,0.0,0.0,0.0305466103371523,0.012533343157856655,0.49116900241724215,0.0,0.0,0.0,0.0,0.0,0.0,0.0
0.0,0.0,0.0,0.0,0.0,0.0,0.0,0.03113896558393329,0.0,0.0,0.0,0.0,0.0,0.02369496707800941,0.0,0.0,0.0006252645147725249,0.0,0.0,0.0,0.06153440862066569,0.0,0.0,0.0,0.011372124736502962,0.0,0.0,0.0,0.0,0.01640162682303416,0.0,0.018981422945398542,0.0,0.0,0.028859435718031057,0.07238516066717644,0.0,0.030974260104381764,0.0,0.0,0.0,0.0,0.03925172337298775,0.06294734268864743,0.0045530473196734155,0.0,0.0,0.0,0.0,0.007572315739390421,0.557189596923202,0.0,0.0,0.007464776203743389,0.0,0.0,0.0,0.025053560960449823
0.0,0.0,0.0,0.0,0.0,0.0075454118177509565,0.0,0.0,0.0,0.0,0.0,0.0,0.0,0.0,0.0,0.0,0.0,0.0,0.0,0.0,0.006548258387847067,0.0,0.0,0.0,0.005315500406103543,0.0,0.0,0.0,0.0,0.006180898614445635,0.0,0.008319868712085827,0.0,0.0,0.0,0.06729799099880938,0.0025659096268555986,0.038488584974631604,0.0,0.0,0.0,0.0,0.0,0.0,0.0,0.018260391835744207,0.0,0.0,0.0,0.002833245351802276,0.8148616262800464,0.0,0.0,0.0,0.0,0.0,0.0,0.021782312993877343
0.0,0.0,0.0,0.0,0.0,0.0,0.0,0.0,0.0,0.0,0.0,0.0,0.0,0.034963767931420024,0.0,0.0,0.0,0.0,0.0,0.0,0.08078012843959899,0.008853719700073802,0.0,0.0,0.0,0.0,0.0,0.0,0.0,0.017520256476356588,0.0,0.03349512240605564,0.0,0.0,0.0,0.08955993226267608,0.0,0.03419387181606887,0.0,0.0,0.0,0.0,0.0,0.160635164825725,0.0,0.004181419926146416,0.0,0.0,0.0,0.0,0.512214298995649,0.0,0.0,0.0,0.0,0.0,0.0,0.023602317220229506
0.0,0.0,0.0,0.0,0.0,0.0,0.0,0.0,0.0,0.0,0.0,0.0,0.0,0.06170130232214531,0.0,0.0,0.0,0.0,0.0,0.0,0.054286525668999434,0.0,0.0,0.0,0.013472791496093407,0.0,0.0,0.0,0.0,0.03667105261556118,0.0,0.008673441537158879,0.0,0.0,0.026624060451016868,0.05293750624500176,0.0,0.050369477104485534,0.0,0.0,0.0,0.0,0.0886814765610768,0.1347272763304829,0.0,0.0,0.0,0.0,0.031364214619074994,0.0,0.3999105444468185,0.0,0.0,0.0,0.0,0.0,0.0,0.04058033060208445
0.0,0.0,0.0,0.0,0.0,0.0,0.0,0.0,0.0,0.0,0.0,0.0,0.0,0.03187191167489018,0.0,0.0,0.0,0.0,0.0,0.0,0.038827991995537346,0.019229831537733777,0.0,0.0,0.019399950830064364,0.0,0.0,0.0,0.0,0.0,0.0,0.012129910747857436,0.0,0.0,0.0,0.07922593722235204,0.0,0.06681934179569272,0.0,0.0,0.0,0.0,0.06447509141472499,0.08770253507094526,0.0,0.0,0.0,0.0,0.027129535998618066,0.01549890357159906,0.48864232306877203,0.0,0.0,0.0,0.0,0.0,0.0,0.049046735071212676
0.0,0.0,0.0,0.0,0.0,0.0,0.0,0.0,0.0,0.0,0.0,0.0,0.0,0.013551435540872495,0.0,0.0,0.0,0.0,0.0,0.0,0.007313586400576778,0.0,0.0,0.0,0.0,0.0,0.0,0.0,0.0,0.0,0.0,0.0,0.0,0.0,0.0,0.04416839376136175,0.00035220460988326846,0.0,0.0,0.0,0.0,0.0,0.0,0.0,0.0,0.0,0.0,0.0,0.0,0.0,0.9346143796873058,0.0,0.0,0.0,0.0,0.0,0.0,0.0
0.0,0.0,0.0,0.0,0.0,0.0,0.0,0.004778337325895323,0.0,0.0,0.0,0.0,0.0,0.020403755989960227,0.0,0.0,0.0023081800768965837,0.0,0.0,0.0,0.015683060959019224,0.0014143619036450566,0.0,0.0,0.00771909952665093,0.0,0.0,0.0,0.0,0.0,0.0,0.009867040743564856,0.0,0.0,0.0,0.09406882226510117,0.0,0.0421837286402306,0.0,0.0008025691686799935,0.0,0.0,0.028575259649103214,0.03176024102438965,0.003619961619715634,0.0,0.0,0.0,0.007365101440457313,0.004741388659992002,0.6989920638808333,0.0,0.0,0.008700002279036003,0.0034216700322820233,0.0,0.0,0.013595354814546951
0.0,0.0,0.0,0.0,0.0,0.0,0.0,0.0,0.0,0.0,0.0,0.0,0.0,0.06737327151556774,0.0,0.0,0.0,0.0,0.0,0.0,0.05234303317672336,0.01414310268489163,0.0,0.0,0.028595065450765185,0.0,0.0,0.0,0.0,0.06099842741200727,0.019889417985934032,0.02125325360159711,0.0,0.0,0.0,0.045858945939484634,0.0,0.022708562086773795,0.0,0.0,0.0,0.0,0.059103457273180615,0.10413321480949665,0.0,0.0,0.0,0.0,0.0,0.0,0.4764947866750486,0.0,0.0,0.0,0.0,0.0,0.0,0.027105461388529397
0.0,0.0,0.0,0.0,0.0,0.0035293083232962224,0.0,0.0,0.0,0.0,0.0,0.0,0.0,0.030536374515736077,0.0,0.0,0.0,0.0,0.0,0.0,0.027268742268910746,0.0,0.0,0.0,0.013925210000542507,0.0,0.0,0.0,0.0,0.01794917025506211,0.00945702064050657,0.020401297166804173,0.0,0.0,0.0,0.08082488754308252,0.012226592757538124,0.05167853616811652,0.0,0.0,0.0,0.0,0.00979334638027182,0.0,0.0,0.012401330322235364,0.0,0.0,0.0,0.005333545794046344,0.692916788629095,0.0,0.0,0.0,0.0,0.0,0.0,0.011757849234755873
0.0,0.001634952698495968,0.0,0.0,0.0,0.010408192515343955,0.00712851214425183,0.0,0.0,0.0,0.0,0.0,0.0,0.0636434188074971,0.0,0.0,0.0017481394921582255,0.0018034279624761966,0.0,0.0,0.02807619426752013,0.0036755206005768125,0.0,0.0,0.013258095859885948,0.0,0.0,0.0,0.0,0.02153113182579502,0.0,0.0,0.005603133348274596,0.0,0.14532050603981986,0.07155199483516257,0.0,0.05488748561682386,0.0,0.0,0.0,0.005404783287475739,0.0,0.07120567856362811,0.0010338857074240755,0.0,0.0,0.0,0.009208755178955164,0.009572193646792272,0.4553608474721062,0.0,0.0,0.0,0.005382352095807174,0.0,0.0,0.012560798033729323
0.0,0.0,0.0,0.0,0.0,0.005644225546306409,0.0,0.0,0.0,0.0,0.0,0.0,0.0,0.03365170349666615,0.0,0.0,0.0,0.0,0.0,0.0,0.018993366269544922,0.00515310537543733,0.0,0.0,0.0018220384955443952,0.0,0.0,0.0,0.0,0.01829952632585275,0.0,0.0,0.0,0.0,0.0,0.055804617885858894,0.0,0.04707935575619126,0.0,0.0,0.0,0.0,0.001165909180544519,0.0,0.0,0.010061454250105937,0.0,0.004242742538053127,0.00773471497981475,0.00455781214500747,0.7666112923293634,0.0,0.0,0.0036799951069952045,0.0,0.0,0.0,0.015498140318713232
0.0,0.014294794010733861,0.0,0.0,0.0,0.0,0.0,0.04453246296119961,0.0,0.0,0.0,0.0,0.0,0.05275104878920663,0.0,0.0,0.0,0.0,0.0,0.0,0.0117024313001538,0.030281674876550712,0.0,0.0,0.0,0.0,0.0,0.0,0.0,0.056086034063990056,0.0,0.0,0.0,0.0,0.0,0.0,0.0,0.0,0.0,0.0,0.0,0.0,0.047178452627992966,0.0,0.0012446552349358782,0.0,0.0,0.0,0.0,0.013649179922045456,0.6644275405843434,0.0,0.0,0.028492648269848528,0.008566516830757459,0.0,0.0,0.026792560528241638
0.0,0.0,0.0,0.0,0.0,0.0,0.0,0.0,0.0,0.0,0.0,0.0,0.0,0.0,0.0,0.0,0.0,0.0,0.0,0.0,0.013978987463020271,0.0,0.0,0.0,0.0,0.0,0.0,0.0,0.0,0.014218720030518349,0.0062583984632922605,0.012015631269091744,0.0,0.0,0.0,0.0,0.00841812638245191,0.005186380590665397,0.0,0.0,0.0,0.0,0.0,0.020386832608687865,0.0,0.011869131091881204,0.0,0.0,0.0,0.0,0.8937543926301144,0.0,0.0,0.0,0.0,0.0,0.0,0.013913399470276635
0.0,0.0,0.0,0.0,0.0,0.0,0.0,0.0,0.0,0.0,0.0,0.0,0.0,0.08761415880956941,0.0,0.0,0.0,0.0,0.0,0.0,0.0,0.0,0.0,0.0,0.0,0.0,0.0,0.0,0.0,0.03713515438024938,0.0,0.013437300130279523,0.0,0.0,0.0,0.0,0.0,0.0,0.0,0.0,0.015621185006094218,0.0,0.00765315616576015,0.050646827542106226,0.0,0.0,0.0,0.0,0.012150955344174924,0.0,0.7434805844917847,0.0,0.0,0.0,0.0,0.0,0.0,0.03226067812998148
0.0,0.0,0.0,0.0,0.0,0.0,0.0,0.0,0.0,0.0,0.0,0.0,0.0,0.04782678799571481,0.0,0.0,0.0,0.0,0.0,0.0,0.0,5.753740353340993e-5,0.0,0.0,0.0,0.0,0.0,0.0,0.0,0.012493724338159993,0.0,0.0,0.0,0.0,0.0,0.07507013392934285,0.006055902967288185,0.0,0.0,0.0,0.0,0.0,0.0,0.0006790704413711952,0.0,0.01589387911984126,0.0,0.0,0.006532290750140093,0.0016286665441748182,0.8176603831464412,0.0,0.0,0.0,0.0,0.0,0.00618813609061739,0.009913487273374943
0.0,0.010744861980697582,0.0,0.0,0.0,0.0,0.0,0.0,0.0,0.0,0.0,0.0,0.0,0.019291167634271023,0.0,0.0,0.006003054736803445,0.0,0.0,0.0,0.0,0.031193964904911477,0.0,0.0,0.020194475114441755,0.0,0.0,0.0,0.0,0.0,0.0,0.020805824144912992,0.004468428227193636,0.0,0.0,0.0,0.024602077222420637,0.15095371315753922,0.0,0.0,0.0,0.0,0.0,0.0,0.0,0.0,0.0,0.0,0.0,0.021862517466081956,0.6493359932124956,0.0,0.0,0.0,0.0,0.00882468313449342,0.0,0.03171923906373736
0.0,0.0,0.0,0.0,0.0,0.0,0.0,0.0,0.0,0.0,0.0,0.0,0.0,0.0,0.0,0.0,0.0,0.0,0.0,0.0,0.01033992746677431,0.0036858176425681715,0.0,0.0,0.011093566591984984,0.0,0.0,0.0,0.0,0.010950073428635987,0.0,0.0,0.0,0.0,0.15810268475569825,0.0,0.0,0.0185676446827211,0.0,0.0,0.0,0.0,0.00021996263486835592,0.012422708080029168,0.0,0.0,0.0,0.0,0.012430656185787222,0.0048866095591814165,0.7503347155146549,0.0,0.0,0.0,0.006965633457095943,0.0,0.0,0.0
0.0,0.0,0.0,0.0,0.0,0.005660265013691095,0.00011827021123886405,0.0,0.0,0.0,0.0,0.0,0.0,0.054780081251123144,0.0,0.0,0.0,0.0,0.0,0.0,0.028427793950239404,0.0050812504369658965,0.0,0.0,0.010731476893929387,0.0,0.0,0.0,0.0,0.056352706920412866,0.0029712790771591197,0.0,0.0,0.0,0.002018123141235389,0.11484125154444577,0.0,0.05229475082094129,0.0,0.0,0.0,0.003384983486242426,0.019081226667674825,0.058399526282880365,0.0,0.0,0.0,0.0,0.006994731763613248,0.005265282782568294,0.546711434887577,0.0,0.0,0.0,0.0059388202157819965,0.0,0.0,0.020946744652279557
0.0,0.0,0.0,0.0,0.0,0.008319425850823835,0.0,0.0,0.0,0.0,0.0,0.0,0.0,0.04979118680197256,0.0,0.05523694848401965,0.0,0.0,0.0,0.0,0.026449883681435683,0.0017221174277812486,0.0,0.0,0.0014420624641347862,0.0,0.0,0.0,0.0,0.009931239022334396,0.007928684306944747,0.0,0.0,0.0,0.0,0.09264200001814189,0.0,0.0,0.0,0.0,0.0,0.0,0.0,0.0,0.0,0.0,0.0,0.0,0.0,0.0038178272001292172,0.7366720627201123,0.0,0.0,0.0,0.0,0.0,0.0,0.0060465620221696135
0.0,0.0028325572593193077,0.0,0.0,0.0,0.0047771921587795715,0.0,0.0,0.0,0.0,0.0,0.0,0.0,0.0,0.0,0.0,0.0075509576769671165,0.0,0.0,0.0,0.0672924219492472,0.004806790846504303,0.0,0.0,0.02282019783869399,0.0,0.0,0.0,0.0,0.003279912603473974,0.003656593436143237,0.002778847959147123,0.0,0.0,0.007660357207907985,0.06561824432733866,0.0,0.07625628392822137,0.0,0.0,0.0,0.00579416545090716,0.0,0.11332219830194479,0.0,0.0,0.0,0.0,0.013392599554188084,0.00434655831796621,0.5571841209496841,0.0,0.0,0.0,0.008322402839319095,0.0,0.0,0.028307597394246754
0.0,0.0,0.0,0.0,0.0,0.0,0.0,0.0,0.0,0.0,0.0,0.0,0.0,0.03144965058602631,0.0,0.0,0.0,0.0,0.0,0.0,0.03314619319545675,0.0,0.0,0.009741381543496038,0.0,0.0,0.0,0.0,0.0,0.0,0.0,0.0,0.0,0.0,0.0,0.0484727268874696,0.021644101182364983,0.0,0.0,0.0,0.0,0.0,0.0,0.0,0.0,0.04221860027586731,0.0,0.0,0.0,0.0,0.813327346329319,0.0,0.0,0.0,0.0,0.0,0.0,0.0
0.0,0.0,0.0,0.0,0.0,0.0,0.0,0.0,0.0,0.0,0.0,0.0,0.0,0.02259251057201482,0.0,0.0,0.0,0.0,0.0,0.0,0.0,0.003980033324556794,0.0,0.0,0.00016273642814430554,0.0,0.0,0.0,0.0,0.0,0.0,0.0,0.0,0.0,0.0,0.05077510623142731,0.0,0.0,0.0,0.0,0.0,0.0,0.0,0.0,0.0,0.0,0.0,0.0,0.0017218460688855424,0.0056649690462495066,0.9055298756757281,0.0,0.0,0.009491682384769159,0.0,0.0,0.0,8.124026822465015e-5
0.0,0.0,0.0,0.0,0.0,0.009366669973992959,0.0,0.0,0.0,0.0,0.0,0.0,0.0,0.05193287497426087,0.0,0.0,0.0,0.0,0.0,0.0,0.025730692714083018,0.004707476240209414,0.0,0.0,0.0020467304359606323,0.0,0.0,0.0,0.0,0.02650175106602598,0.001968932092645284,0.0,0.0,0.0,0.0,0.06758579702601657,0.0,0.0,0.0,0.0,0.0,0.0,0.00916556820068478,0.07033837896890309,0.0,0.0,0.0,0.0,0.0,0.0031241824367915115,0.7092071849804064,0.0,0.0,0.0,0.0024142334510015694,0.0,0.0,0.015909527439017922
0.0,0.0,0.0,0.0,0.0,0.004290703484771263,0.0,0.0,0.0,0.0,0.0,0.0,0.002554318413795434,0.035140723979215485,0.0,0.0,0.0,0.0,0.027365368076452144,0.0,0.026065299684827826,0.0,0.0,0.0,0.0055454088038865675,0.0,0.0,0.0,0.0,0.0,0.0,0.0,0.0,0.0,0.10884117220738634,0.06709265179591647,0.02812304787262221,0.012939593503612911,0.0,0.0,0.0,0.0,0.023122807293306038,0.14300620243027418,0.0,0.007746290675249673,0.0,0.0,0.0018719002645604696,0.007232327502221095,0.47623725426062635,0.0,0.0,0.0,0.0,0.0,0.0,0.022824929751275574
0.0,0.0,0.0,0.0,0.0,0.0,0.0,0.0,0.0,0.0,0.0,0.0,0.0,0.0,0.0,0.0,0.0,0.0,0.0,0.0,0.0,0.00959383248701497,0.010909613103219105,0.0,0.0,0.0,0.0,0.0,0.0,0.0,0.0,0.0,0.0,0.0,0.0,0.0,0.0017639640520719089,0.0,0.0,0.0,0.0,0.0,0.0,0.0,0.0,0.0,0.0,0.0,0.0,0.01039589840294885,0.9590081707675566,0.0,0.0,0.0,0.0,0.0,0.0,0.008328521187188642
0.0,0.0,0.0,0.0,0.0,0.0,0.0,0.0,0.0,0.0,0.0,0.0,0.0,0.056537038204708734,0.0,0.0,0.0,0.0,0.0,0.0,0.0,0.0,0.0,0.0,0.0,0.0,0.0,0.0,0.0,0.0381790526073726,0.0,0.0,0.0,0.0,0.0,0.06390942044553,0.0,0.006108127032493629,0.0,0.0,0.0,0.0,0.0,0.0,0.0,0.0,0.0,0.0,0.0,0.0,0.7863929526887378,0.0,0.0,0.0320758001091171,0.0,0.0,0.0,0.016797608912040206
0.0,0.0,0.0,0.0,0.0,0.01426556931273964,0.0,0.0,0.0,0.0,0.0,0.0,0.0,0.06477355760327276,0.0,0.0,0.002725281184783067,0.0,0.0,0.0,0.030704418270536653,0.008890346227913461,0.0,0.0,0.014737472617718244,0.0,0.0,0.0,0.0,0.05431877635708311,0.0,0.005154604726725668,0.0,0.0,0.0,0.10254262881126885,0.0,0.09395850721157457,0.0,0.0,0.0,0.0,0.041072021976967,0.04674708113652972,0.0,0.0,0.0,0.0,0.014102986872982405,0.010783168479108186,0.46126420949230934,0.0,0.0,0.011288666725428744,0.003922578204512139,0.0,0.0,0.018748124788546334
0.0,0.0,0.0,0.0,0.0,0.006085964172653633,0.0,0.0,0.0,0.0,0.0,0.0,0.0,0.11639280259445339,0.0,0.0,0.0,0.0,0.0,0.0,0.0,0.0,0.0,0.0,0.0,0.0,0.0,0.0,0.0,0.0,0.0,0.0,0.006132998938466477,0.0,0.0,0.029033959023970556,0.0,0.0,0.0,0.0,0.0,0.0,0.0,0.0,0.0,0.0,0.0,0.0,0.0,0.0,0.8208932145434188,0.0,0.0,0.010109510935318863,0.0,0.0,0.0,0.01135154979171831
0.0,0.0,0.0,0.0,0.0,0.009031963251883155,0.0,0.0,0.0,0.0,0.0,0.0,0.0,0.0,0.0,0.0,0.0,0.0,0.0,0.0,0.0,0.008227582638135196,0.0,0.0,0.00035108202504831066,0.0,0.0,0.0,0.0,0.03072917301315373,0.0,0.008433515910363164,0.0,0.0,0.02367718277344282,0.0,0.0,0.02864703694856225,0.0,0.0,0.0,0.0,0.0191820041619207,0.023201653643300808,0.0,0.0,0.0,0.0,0.0105597592342298,0.009287332965489841,0.8227428543193961,0.0,0.0,0.0,0.0,0.0,0.0,0.005928859115074075
0.0,0.0,0.0,0.0,0.0,0.007554931352848049,0.0,0.0,0.0,0.0,0.0,0.0,0.002220702121653864,0.06934845166112663,0.0,0.0,0.0,0.0008239784279689971,0.0,0.0,0.0030106499377429304,0.009421709737102572,0.0,0.0,0.004019652839301881,0.0,0.0,0.0,0.0,0.03573272906989907,0.0,0.0037065912322059836,0.0011498358112900953,0.0,0.0,0.0654754430560013,0.0,0.0,0.0,0.0,0.006336480994438527,0.0,0.0015205354873168678,0.018554714533537253,0.0,0.0,0.0,0.0,0.006284195454202363,0.0072699619875097295,0.7183651872031056,0.0,0.0,0.011386373986143597,0.0,0.0,0.0,0.02781787510660476
0.0,0.0,0.0,0.0,0.0,0.005098381273226668,0.0,0.0,0.0,0.0,0.0,0.0,0.0,0.0827398096985867,0.0,0.0,0.0,0.0,0.0,0.0,0.02081845052755862,0.000425965047727943,0.0,0.0,0.0,0.0,0.0,0.0,0.0,0.016180258665519615,0.005416820794766866,0.0,0.002982784638078372,0.0,0.0,0.07335371555473537,0.0,0.0018476346952334068,0.0,0.0,0.0,0.0,0.0,0.0018265439545757144,0.0,0.06003047103555126,0.0,0.0,0.00019847242961394768,0.0015493831540195312,0.7109760736267262,0.0,0.0,0.007402504215798291,0.0,0.0,0.0,0.009152730688281499
0.0,0.0,0.0,0.0,0.0,0.0,0.0,0.0,0.0,0.0,0.0,0.0,0.0,0.06551728500336074,0.0,0.0,0.0,0.0,0.0,0.0,0.03552854835479876,0.01837657819937911,0.0,0.0,0.01666014561098447,0.00016967170422853354,0.0,0.0,0.0,0.0,0.0,0.0,0.0,0.0,0.0,0.06727013099083337,0.0,0.037643519841835796,0.0,0.0,0.0,0.0,0.0374707696598346,0.08664442661347588,0.0030174689225081486,0.0,0.0,0.0,0.0,0.01789981280518405,0.5618629430646029,0.0,0.0,0.019193012891413255,0.0074423586238927366,0.0,0.0,0.025303327713667677
0.0,0.0,0.0,0.0,0.0,0.0,0.0,0.013885127673407249,0.0,0.0,0.0,0.0,0.0,0.04157742642939469,0.0,0.0,0.0,0.0,0.0,0.0,0.02618519353774727,0.006049803942005179,0.0,0.0,0.022097998540019603,0.0,0.0,0.0,0.0,0.039498819588177574,0.0,0.018211599781541656,0.0,0.0,0.0,0.06840388662672632,0.0,0.0,0.0,0.0,0.0,0.0,0.05656732947108666,0.08136108747819996,0.0,0.0,0.0,0.0,0.01621509358624398,0.024784987046816313,0.5526366170494906,0.0,0.0,0.0,0.004093474524071289,0.0,0.0,0.028431554725071785
0.0,0.0,0.0,0.0,0.0,0.0062112539101878885,0.0,0.0,0.0,0.0,0.0,0.0,0.0,0.032971465407612394,0.0,0.0,0.0,0.0,0.0,0.0,0.03650160896446221,0.0018996624259723365,0.0,0.0,0.013706818881524733,0.0,0.0,0.0,0.0,0.04057944561624696,0.0,0.003859881347920722,0.0,0.0,0.0,0.06688939124353917,0.0042724746486707006,0.039249779670142045,0.0,0.0,0.0,0.0022089715069522646,0.01742466824296396,0.07043058595461404,0.0,0.0,0.01739952614893532,0.0,0.007763963226694488,0.0069626257239549265,0.6196401368648646,0.0,0.0,0.0,0.0032758907681466015,0.0,0.0,0.008751849446594627
0.0,0.0,0.0,0.0,0.0,0.011378047242744327,0.0,0.0,0.0,0.0,0.0,0.0,0.0,0.07974556679086048,0.0,0.0,0.0,0.0,0.0,0.0,0.029541208769264724,0.0001308567465719531,0.0,0.0,0.010339313948574456,0.0,0.0,0.0,0.0,0.016252483757112027,0.0,0.010641135034988114,0.0,0.0,0.0,0.10348861026095359,0.005804668498816461,0.04303433625465825,0.0,0.0,0.0,0.0,0.0035947515946606143,0.06101918704652288,0.0018478828992425308,0.028731807161519532,0.0,0.0,0.006135184707306411,0.0,0.5715796506277651,0.0,0.0,0.0018595250834298833,0.0,0.0,0.0,0.014875783575008805
0.0,0.0,0.0,0.0,0.0,0.007702372842453743,0.0,0.0,0.0,0.0,0.0,0.0,0.0,0.08669871850243742,0.0,0.0,0.0,0.0,0.0,0.0,0.03763188065071246,0.0,0.0,0.0,0.006069460020204353,0.0,0.0,0.0,0.0,0.01091483654629549,0.0,0.008391251192535792,0.0,0.0,0.02093974179675701,0.04105949772001544,0.0,0.005791516876964661,0.0,0.0,0.0,0.0,0.005589240237087608,0.0007657688901130563,0.003384593295978426,0.016610514891456703,0.0,0.0,0.0,0.0,0.7454058068644849,0.0,0.0,0.0,0.0,0.0,0.0,0.0030447996725029404
0.0,0.0,0.0,0.0,0.0,0.0,0.0,0.0,0.0,0.0,0.0,0.0,0.0,0.03791911619056899,0.0,0.0,0.0,0.0,0.0,0.0,0.05162293994561525,0.0,0.0,0.0,0.014890485475581252,0.0,0.0,0.0,0.0,0.05429810036049584,0.0,0.0326363916394672,0.0,0.0,0.0,0.09702531857639878,0.0,0.07698899696278441,0.0,0.0,0.0,0.0,0.08584634880770547,0.10945169671996516,0.0,0.0,0.0,0.0,0.0,0.0,0.4193224895983559,0.0,0.0,0.0,0.0,0.0,0.0,0.019998115723061725
0.0,0.0,0.0,0.0,0.0,0.0,0.0,0.0,0.0,0.0,0.0,0.0,0.0,0.08561093834694555,0.0,0.0,0.0,0.0,0.0,0.0,0.0,0.0014938677320491956,0.0,0.0,0.0,0.0,0.0,0.0,0.0,0.0,0.0,0.0,0.0,0.0,0.0,0.08729778351333022,0.0,0.0,0.0,0.0,0.0,0.0,0.0,0.02241763243795212,0.0,0.0,0.0,0.0,0.0,0.005819235083056462,0.7783679917375449,0.0,0.0,0.007867181239377548,0.0,0.0,0.0,0.011125369909743853
0.0,0.0,0.0,0.0,0.0,0.009399964495692631,0.0022054267448028734,0.0,0.0,0.0,0.0,0.0,0.0016487141237413819,0.05347467537221611,0.0,0.0,0.001300615744921952,0.0,0.0,0.0,0.02817928193324743,0.015912959196679607,0.0,0.0,0.006671135096390133,0.0,0.0,0.0,0.0,0.017011789463563815,0.004236597422006605,0.013207576365607892,0.00197973390345071,0.0,0.0,0.055700246895248655,0.0,0.003407936384605577,0.0,0.0,0.0,0.0,0.023130878434895148,0.13205935169568211,0.0007667472380472253,0.013145540288236265,0.0,0.0,0.0015826873875848131,0.009363229813916364,0.5598841340786466,0.0,0.0,0.008798705802135933,0.0,0.0,0.0,0.036932072118680076
0.0,0.0,0.0,0.0,0.0,0.0,0.0,0.0,0.0,0.0,0.0,0.0,0.0,0.059379350376928666,0.0,0.0,0.0011727898659131444,0.0,0.0,0.0,0.0,0.004023783690832577,0.0,0.0,0.0028274398642343075,0.0,0.0,0.0,0.0,0.01154564559899476,0.0,0.0,0.0,0.0,0.0,0.03857744239211212,0.0,0.0,0.0,0.0,0.0,0.001340640707210633,0.0022865905590508467,0.002045116756551559,0.0,0.0,0.0,0.0,0.006463847382170144,0.0026044953464699574,0.8552217740489274,0.0,0.0,0.005186998931316255,0.0,0.0,0.0,0.007324084479287459
0.0,0.0,0.0,0.0,0.0,0.0,0.0,0.0,0.0,0.0,0.0,0.0,0.0,0.07174832612052008,0.0,0.0,0.0,0.0,0.0,0.0,0.003968754570920824,0.006801793510176717,0.0,0.0,0.0,0.0,0.0,0.0,0.0,0.002739356502594931,0.0,0.010352745507029927,0.0,0.0,0.0,0.0492607411678565,0.0,0.0,0.0,0.0,0.0,0.0,0.005157050001627334,0.0,0.0,0.0,0.0,0.0,0.004738036059016934,0.0016041505205648765,0.8219746626528923,0.0,0.0,0.011570719869028053,0.0,0.0,0.0,0.010083663517771499
0.0,0.0,0.0,0.0,0.0,0.010713453104240352,0.0,0.0,0.0,0.0,0.0,0.0,0.0019084937148618171,0.0,0.0,0.0,0.0,0.0,0.0,0.0,0.020066475525530023,0.00906485972395054,0.0,0.0,0.005848285710518542,0.0,0.0,0.0,0.0,0.020472015646578377,0.0,0.007602497474899142,0.0,0.0,0.0,0.024867517767572567,0.006149510469603655,0.0052202762378522945,0.0,0.0,0.0,0.0,0.0009163376434089198,0.03771623799143663,0.0020736695891891413,0.02120401304613205,0.0,0.0,0.003146659562115039,0.0033243365385288936,0.7923508510031153,0.0,0.0,0.0,0.0,0.0,0.0,0.02735450925046676
0.0,0.0,0.0,0.0,0.0,0.0,0.0,0.0,0.0,0.0,0.0,0.0,0.0,0.0025190360751110616,0.0,0.0,0.0,0.0,0.0,0.0,0.02238399094057402,0.0,0.0,0.0,0.004651619870186151,0.0,0.0,0.0,0.0,0.024821986549310813,0.001602358148757118,0.0,0.0,0.0,0.0,0.0800377341000425,0.0016185205820590937,0.01221260509402613,0.0,0.0,0.0,0.0,0.023672655637386467,0.0,0.0,0.0,0.0,0.0,0.007133169826491845,0.0,0.805594387630847,0.0,0.0,0.0,0.0,0.0,0.0,0.013751935545207735
0.0,0.0,0.0,0.0,0.0,0.01271115530835766,0.0,0.0,0.0,0.0,0.0,0.0,0.0,0.04203489586555825,0.0,0.0,0.0,0.0,0.0,0.0,0.0,0.0,0.0,0.0,0.0,0.0,0.0,0.0,0.0,0.005249924182486867,0.0,0.0,0.0,0.0,0.0,0.0,0.0005150738437532086,0.017773772006152058,0.0,0.0,0.0,0.0,0.0,0.0,0.0,0.0,0.0,0.0,0.0,0.009578283355937687,0.8939287880663521,0.0,0.0,0.0,0.0,0.0,0.0,0.018208107371402018
0.0,0.0,0.0,0.0,0.0,0.0,0.0,0.0,0.0,0.0,0.0,0.0,0.0,0.0,0.0,0.0,0.0,0.0,0.0,0.0,0.05303047617514993,0.005617619750091554,0.0,0.0,0.0018784863407350287,0.0,0.0,0.0,0.0,0.0,0.0,0.0,0.0,0.0,0.0,0.0,0.010834944600332325,0.01772798013481339,0.0,0.0,0.0,0.003777460606958791,0.023106712867051085,0.05440325203328049,0.0,0.0,0.0,0.0,0.0,0.01570384278542838,0.8007072899378358,0.0,0.0,0.0,0.0,0.0,0.0,0.013211934768323321
0.0,0.0,0.0,0.0,0.0,0.0,0.0,0.0,0.0,0.0,0.0,0.0,0.0,0.0,0.0,0.0,0.0,0.0,0.0,0.0,0.0060732638959529175,0.0,0.0,0.0,0.0,0.0,0.0,0.0,0.0,0.0,0.0,0.018389381138354966,0.0,0.0,0.0,0.1127391860493937,0.006442929946628533,0.0,0.0,0.0,0.0,0.0,0.002269952538716328,0.013345189187563215,0.0,0.0,0.0,0.0,0.0,0.0,0.8283801609586557,0.0,0.0,0.0,0.0,0.0,0.0,0.012359936284734658
0.0,0.0,0.0,0.0,0.0,0.0,0.0,0.0,0.0,0.0,0.0,0.0,0.0,0.0,0.0,0.0,0.0,0.0,0.0,0.0,0.0,0.0,0.0,0.0,0.0,0.0,0.0,0.0,0.0,0.22728160612527515,0.0,0.0,0.0,0.0,0.12952327835776734,0.02606562526377301,0.0,0.0,0.0,0.0,0.0,0.0,0.0,0.0,0.0,0.0,0.0,0.0,0.0,0.0,0.6171294902531845,0.0,0.0,0.0,0.0,0.0,0.0,0.0
0.0,0.008188536467504238,0.0,0.005800246537087543,0.0,0.0,0.0,0.0,0.0,0.0,0.0,0.0,0.0,0.052067923326847225,0.0,0.0,0.010337123405073163,0.0,0.0,0.0,0.08295992803930542,0.015070932400216163,0.00856420541179267,0.0,0.02408031186658557,0.0,0.0,0.0,0.0,0.03206143585553549,0.0,0.0,0.0,0.0,0.0,0.08253136470416185,0.0,0.0471860359774397,0.0,0.0,0.0,0.0022945588609931933,0.08712354015945681,0.11904270941526485,7.030379438409898e-5,0.0,0.0,0.0,0.004157638105850605,0.010443818172013288,0.3743887389501932,0.0,0.0,0.018453580559559556,0.004132054211605932,0.0,0.0,0.011045013779129332
0.0,0.0,0.0,0.0,0.0,0.0,0.0,0.003199003319215518,0.0,0.0,0.0,0.0,0.0,0.051088115828413314,0.0,0.0,0.004018963235161432,0.00195848680208306,0.0,0.0,0.025547445027036216,0.008381096273101483,0.0,0.0,0.015530747560979961,0.0,0.0,0.0,0.0,0.05474954402614254,0.0,0.010116132867781907,0.00011266464336655924,0.0,0.0,0.07557177207612924,0.0,0.055360547452790114,0.0,0.0,0.0,0.0006133833630255084,0.054498842187036566,0.09917640600606256,0.0,0.0,0.0,0.0,0.007660262007805241,0.008356708761034969,0.4946899124999813,0.0,0.0,0.0058869465375890545,0.0019223627248867341,0.0,0.0,0.02156065680037676
0.0,0.0,0.0,0.0,0.0,0.0,0.0,0.0,0.0,0.0,0.0,0.0,0.0,0.06014300428655096,0.0,0.0,0.0,0.0,0.0,0.0,0.09547576014037691,0.004204094930270907,0.0,0.0,0.028715646928988415,0.0,0.0,0.0,0.0,0.07194499074677718,0.0,0.0005571557711279468,0.0,0.0,0.03205125380309779,0.07207166119460887,0.0,0.06968216485706813,0.0,0.0,0.0,0.0,0.04505075608492259,0.04921427424426402,0.0,0.0,0.0,0.0,0.02704269953907879,0.019648254249743615,0.3771508474592792,0.0,0.0,0.013591637186445224,0.020019693934655018,0.0,0.0,0.013436104642744372
0.0,0.0,0.0,0.0,0.0,0.001695961888628772,0.0,0.0,0.0,0.0,0.0,0.0,0.0,0.01824043302481166,0.0,0.0,0.0,0.0,0.0,0.0,0.03446141934031257,0.0,0.0,0.0,0.0040224160805675925,0.0,0.0,0.0,0.0,0.01915204265097235,0.014266826038036463,0.0013409760064020705,0.0,0.0,0.024704787315821722,0.07184905537393514,0.0,0.018615842391823557,0.0,0.0,0.0,0.0,0.00489371624797802,0.01371948729195092,0.0,0.00964040221125083,0.0,0.0,0.0,0.0,0.7386064752308056,0.0,0.0,0.013523017079309325,0.0,0.0,0.0,0.011267141827393507
0.0,0.0,0.0,0.0,0.0,0.011181415049839445,0.0,0.0,0.0,0.0,0.0,0.0,0.0,0.09880649478706756,0.0,0.0,0.0,0.0,0.0,0.0,0.0,0.0031756422381794738,0.0,0.0,0.001722773928316772,0.0,0.0,0.0,0.0,0.017945555969144378,0.0,0.006477212355140003,0.0,0.0,0.0,0.12115041259938449,0.0033185159136638327,0.006138404744419581,0.0,0.0,0.0,0.0,0.0,0.007035414282632181,0.0,0.0,0.0,0.0,0.001956100732234736,0.008764663154183802,0.6944498666954777,0.0,0.0,0.009307939537798862,0.0,0.0,0.0,0.00856958801251707
0.0,0.0,0.0,0.0,0.0,0.008744817651549486,0.0,0.0,0.0,0.0,0.0,0.0,0.0,0.0,0.0,0.0,0.0,0.0,0.0,0.0,0.01144436130500323,1.403768092594262e-5,0.0,0.0,0.001450993565924292,0.0,0.0,0.0,0.0,0.0,0.0,0.0,0.0,0.0,0.0,0.05121382286625644,0.009643122628541213,0.0,0.0,0.0,0.0,0.0,0.0,0.021847696520464772,0.0,0.03188972162104605,0.0,0.0,0.0,0.0015978102918728608,0.8573096690771936,0.0,0.0,0.0,0.0,0.0,0.0,0.0048439467912219526
0.0,0.0,0.0,0.0,0.0,0.0,0.0,0.0,0.0,0.0,0.0,0.0,0.0,0.012007109160814397,0.0,0.0,0.0,0.0,0.0,0.0,0.0,0.0009516604743849393,0.0,0.0,0.0,0.0,0.0,0.0,0.0,0.014764733565850235,0.0,0.0,0.0,0.0,0.02891158963024996,0.04390994681949659,0.0,0.0,0.0,0.004660697854382201,0.0,0.0,0.022303633056279592,0.02106546801329287,0.0006227834703638498,0.029406498344621983,0.0,0.0,0.0,0.006350360204140194,0.7843930323134489,0.0,0.0,0.02903701571222833,0.0,0.0,0.0,0.0016154713804459196
0.0,0.0,0.0,0.0,0.0,0.027421771142415487,0.0,0.0,0.0,0.0,0.0,0.0,0.0,0.00946859363223825,0.0,0.0,0.0,0.0,0.0,0.0,0.03231160496810078,0.0,0.0,0.0,0.04069498863813492,0.0,0.0,0.0,0.0,0.041205006320790924,0.0,0.0,0.0,0.0,0.0,0.041238180070242665,0.0,0.032568175506241005,0.0,0.0,0.0,0.0,0.010242715702218264,0.05993035263513747,0.0,0.04391368782467123,0.0,0.0,0.011841087310394507,0.0,0.6491638362494144,0.0,0.0,0.0,0.0,0.0,0.0,0.0
0.0,0.0,0.0,0.0,0.0,0.007349632982259972,0.0,0.0,0.0,0.0,0.0,0.0,0.0,0.11198580089801247,0.0,0.0,0.0,0.0,0.0,0.0,0.0633552035691063,0.0047655330382151894,0.0,0.0,0.007284692316181386,0.0,0.0,0.0,0.0,0.03404491041185107,0.0004144137251275781,0.0,0.0,0.0,0.0,0.0702980421478347,0.007750596232838101,0.018433718245232412,0.0,0.0,0.0,0.0,0.025939835022059755,0.04688395569999703,0.0,0.009471386636590367,0.0,0.0,0.0053536829746412004,0.012517740122740116,0.5720453809666499,0.0,0.0,0.0,0.0,0.0,0.002105475010662612,0.0
0.0,0.0,0.0,0.0,0.0,0.0,0.0,0.0,0.0,0.0,0.0,0.0,0.0,0.11500827454750237,0.0,0.0,0.0,0.0,0.0,0.0,0.03196815460297496,0.013618918744141386,0.0,0.0,0.0,0.0,0.0,0.0,0.0,0.054410499936517004,0.0,0.02704774104876821,0.008472215975555374,0.0,0.0,0.0664502756287395,0.0,0.012897527639530981,0.0,0.0,0.0,0.0,0.0,0.052187015944590374,0.0,0.027950239457923916,0.0,0.0,0.0,0.003925105035165151,0.5570770855830189,0.0,0.0,0.0,0.0,0.0,0.0,0.02898694585557193
0.0,0.0,0.0,0.0,0.0,0.0054652352048702455,0.0,0.0,0.0,0.0,0.0,0.0,0.0,0.17074647308852894,0.0,0.0,0.0015037708530325543,0.0,0.0,0.0,0.010435604097927459,0.004410376684072381,0.0,0.0,0.006056909494390506,0.0,0.0,0.0,0.0,0.014424182083648294,0.0033623830831617306,0.01033119483001156,0.0023731264067504997,0.0,0.014413922686959534,0.04886561410987166,0.0,0.03218120396770993,0.0,0.0,0.0,0.007748121744672175,0.0,0.00024087374863769262,0.0,0.01198780415360554,0.0,0.0,0.006252774533837402,0.0,0.6364427326286312,0.0,0.0,0.0,0.0,0.0,0.0,0.01275769659968068
0.0,0.0,0.0,0.0,0.0,0.018358420235564103,0.0,0.0,0.0,0.0,0.0,0.0,0.0,0.048626279696971496,0.0,0.0,0.0,0.0,0.0,0.0,0.03204597659660927,0.0,0.0,0.0,0.016220908794939752,0.0,0.0,0.0,0.0,0.02258034937232173,0.0,0.00034840717092340554,0.0,0.0,0.0,0.09665831110846372,0.02478650301271902,0.042647641855615544,0.0,0.0,0.0,0.0,0.037658532161445296,0.03210439469937563,0.0,0.0,0.0,0.0,0.0,0.006381302833560377,0.596301788919931,0.0,0.0,0.009327987622582109,0.0,0.0,0.0,0.01595319591897761
0.0,0.0,0.0,0.0,0.0,0.0,0.0,0.0,0.0,0.0,0.0,0.0,0.0,0.04816089491193005,0.0,0.0,0.0012149076681001938,0.0,0.0,0.0,0.016448545471118313,0.003852606677472908,0.0,0.0,0.00564337242331747,0.0,0.0,0.0,0.0,0.0014123231581445604,0.0,0.006595386022678424,0.0,0.0,0.0,0.052562593076324986,0.007838167616712775,0.018161266630294944,0.0,0.0,0.0,0.0,0.0,0.0,0.0,0.0,0.0,0.0,0.0,0.0030653619155475674,0.805705998920919,0.0,0.0,0.01951209175503886,0.0,0.0,0.0,0.009826483752399924
0.0,0.0,0.0,0.0,0.0,0.010112568556168839,0.0,0.0,0.0,0.0,0.0,0.0,0.0027439685444859015,0.10494279005311354,0.0,0.0,0.0,0.0,0.0,0.0,0.02064982304426911,0.00968631599109848,0.0,0.0,0.006256257780241292,0.0,0.0,0.002659494326450108,0.0,0.012327412469927955,0.0,0.0,0.0019222574883194564,0.0,0.0,0.07106322981226473,0.0,0.0,0.0,0.0,0.0,0.005665393169570796,0.007797047124716479,0.08332604352332834,0.0,0.0,0.0,0.0,0.0076383235405609795,0.006620871809788885,0.6255888151911956,0.0,0.0,0.00747727806287575,0.0019144674806996064,0.0,0.0,0.01160764203092411
0.0,0.0,0.0,0.0,0.0,0.0,0.0,0.0,0.0,0.0,0.0,0.0,0.0,0.05912405263700155,0.0,0.0,0.0,0.0,0.0,0.0,0.05871600922736517,0.0,0.0,0.0,0.015423671517629016,0.0,0.0,0.0,0.0,0.05562037700156064,0.0,0.0,0.0,0.0,0.0409951145832943,0.053285367306867865,0.01207257454999132,0.0,0.0,0.0,0.0,0.0,0.031184636467348904,0.08920897364686677,0.0,0.0,0.0,0.0,0.011689066386323367,0.018038283179246713,0.5343501938854216,0.0,0.0,0.0,0.0,0.0,0.0,0.020291679611082945
0.0,0.0,0.0,0.0,0.0,0.010432412928918488,0.0,0.0,0.0,0.0,0.0,0.0,0.0,0.06159642829560418,0.0,0.0,0.0019444129393373403,0.0,0.0,0.0,0.02673881695785887,0.006107208856832506,0.0,0.0,0.013449404795085414,0.0,0.0,0.0,0.0,0.04077765222089349,0.0007743855031920569,0.013672354499328973,0.0,0.0,0.003058763417693202,0.07835217795154194,0.007377228881309075,0.060267952143312806,0.0,0.0,0.0,0.00011066812702927838,0.03867182108776586,0.1105315912106774,0.0,0.0,0.0,0.0,0.007761806781401105,0.00881416399242889,0.4675693626991572,0.0,0.0,0.0,0.004814661905256634,0.0,0.0,0.037176724805375344
0.0,0.0,0.0,0.0,0.0,0.0020475881392686265,0.0,0.0,0.0,0.003203821577972413,0.0,0.0,0.0,0.04595852638873155,0.0,0.0,0.0,0.0,0.0,0.0,0.0013717706734118961,0.0,0.0,0.0,0.0,0.0,0.0,0.0,0.0,0.0,0.0,0.006042147732278903,0.0,0.0,0.162045847694322,0.021015059117335446,0.010207693382309523,0.0,0.0,0.0,0.0,0.0,0.0,0.0,0.0,0.021492137692916302,0.0,0.0,0.0,0.002436458595774867,0.705108801933026,0.0,0.0,0.0,0.0,0.0,0.0,0.019070147072652366
0.0,0.0022605590210333505,0.0,0.0,0.0,0.0,0.0,0.0,0.0,0.0,0.0,0.0,0.0,0.11814776257957571,0.0,0.0,0.0,0.0,0.0,0.0,0.023350091757248358,0.0038255031281281254,0.0,0.0,0.005041188917793096,0.0,0.0,0.0,0.0,0.015273785673091957,0.0,0.0,0.007439117717468861,0.0,0.0,0.06090823873066915,0.00896417906556879,0.0027204092009056264,0.0,0.0,0.0,0.0,0.0,0.0822340616333637,0.0012264425507771516,0.0,0.0,0.0,0.006804247188309897,0.008053719317160963,0.6274006963526725,0.0,0.0,0.011893709466902078,0.004618299722985401,0.0,0.0,0.0098379879763455
0.0,0.0,0.0,0.0,0.0,0.0,0.0,0.0,0.0,0.0,0.0,0.0,0.0,0.0,0.0,0.0,0.0,0.0,0.0,0.0,0.06311778381268218,0.0,0.0,0.0,0.009837555259658699,0.0,0.0,0.0,0.0,0.0695399026394864,0.0,0.0,0.0,0.0,0.08522958555092415,0.07223181888633236,0.005753712342170328,0.019231441371575713,0.0,0.0,0.0,0.0,0.01790108860138074,0.14600193464514727,0.0,0.0,0.0,0.0,0.0,0.0,0.4545634373993245,0.0,0.0,0.0,0.0,0.0,0.0,0.056591739491317655
0.0,0.0,0.0,0.0,0.0,0.0,0.0,0.0,0.0,0.0,0.0,0.0,0.0,0.04163281462938597,0.0,0.0,0.0,0.0,0.0,0.0,0.029628228123823822,0.005761299348857128,0.0,0.0,0.019433175241368908,0.0,0.0,0.0,0.0,0.03193722422138994,0.0,0.02391451225310762,0.0,0.0,0.0,0.0,0.03574875195700463,0.035167487261664306,0.0,0.0,0.0,0.0,0.029610929008401767,0.058555553128259885,0.0,0.029723852940961047,0.0,0.0,0.0,0.00945489368145395,0.624336770420375,0.0,0.0,0.0,0.0015843561187527568,0.0,0.0,0.02351015166519337
0.0,0.0,0.0,0.0,0.0,0.0,0.0,0.0,0.0,0.0,0.0,0.0032881720028410367,0.0,0.06681646694882025,0.0,0.0,0.012948171871559569,0.0,0.0,0.0,0.049096820548379626,0.02956332201421699,0.0,0.0,0.03934114374621115,0.0,0.0,0.0,0.0,0.08083570735916305,0.0,0.008294953628108845,0.0,0.0,0.0,0.0681995189172349,0.0,0.11066502683064486,0.0,0.0,0.0,0.0,0.057677274134388674,0.00027719223863043654,0.0,0.0,0.0,0.0,0.02969404786735059,0.02679798915435502,0.36842077574879784,0.0,0.0,0.009084785388626459,0.021425881892090555,0.0,0.0,0.017572749708580297
0.0,0.0,0.0,0.0,0.0,0.004834646389114118,0.0,0.0,0.0,0.0,0.0,0.0,0.0,0.08346579237934605,0.0,0.0,0.0,0.0,0.0,0.0,0.03416191311010697,0.007040458054949488,0.0,0.0,0.0,0.0,0.0,0.0,0.0,0.040364232166725245,0.0,0.006738043248241285,0.0,0.0,0.0,0.08643920038419949,0.0,0.02384107024836176,0.0,0.0,0.0,0.0,0.01088166089737728,0.0,0.0,0.0,0.0,0.0,0.0017871898391786328,0.004813671915836975,0.6956321213665627,0.0,0.0,0.0,0.0,0.0,0.0,0.0
0.0,0.0,0.0,0.0,0.0,0.0,0.0,0.0,0.0,0.0,0.0,0.0,0.0,0.06604414620001839,0.0,0.0,0.002154193114332024,0.0,0.0,0.0,0.0032717980143932473,0.011344475072838433,0.0,0.0,0.0007047004254580234,0.0,0.0,0.0,0.0,0.027656684273895518,0.0,0.0,0.0031179971360000124,0.0,0.0012346099219724574,0.06658488131423296,0.0,0.0,0.0,0.0,0.0,0.0,0.018990673509008963,0.03901564890040753,0.0,0.0,0.0,0.0,0.0031857869745300664,0.012486755083223602,0.7015897516389412,0.0,0.0,0.025266106605996905,0.0,0.0,0.0,0.01735179181475069
0.0,0.0016231562315792314,0.0,0.0,0.0,0.004803357572278673,0.0021083332706583217,0.0,0.0,0.0,0.0,0.0,0.0,0.04049040272310506,0.0,0.0,0.008676837685757683,0.0,0.0,0.0,0.08920713020583065,0.017034111403003118,0.0,0.0,0.021270509058255133,0.0,0.0,0.0,0.0,0.018583312765762323,0.0055840958979108506,0.0,0.0,0.0,0.015378390178392532,0.06284037717423346,0.008786042610326833,0.004080274952830054,0.0,0.0,0.0,0.0,0.03703107814701915,0.15827377881699137,0.002871407554990759,0.0,0.0,0.0,0.011156001527945885,0.0083174653791347,0.4320073588713777,0.0,0.0,0.0,0.006116893952304182,0.0,0.0,0.04375968402031235
0.0,0.0,0.0,0.0,0.0,0.0,0.0,0.0,0.0,0.0,0.0,0.0,0.0,0.02420692834973656,0.0,0.0,0.0,0.0,0.0,0.0,0.000779878240963296,0.0,0.019462828028049307,0.0,0.0005171214010004395,0.0,0.0,0.0,0.0,0.0,0.0,0.010308152794044765,0.0,0.0,0.0,0.061653350948958664,0.0,0.013564101404096819,0.0,0.0,0.0,0.0,0.0,0.015925666883713573,0.0,0.02124115229125357,0.0,0.0,0.0011630421113180745,0.0,0.8033912236087868,0.0,0.0,0.01590851808586641,0.0,0.0,0.0,0.011878035852211673
0.0,0.0,0.0,0.0,0.0,0.0,0.0,0.0,0.0,0.0,0.0,0.0,0.0,0.0,0.0,0.0,0.0,0.0,0.0,0.0,0.02114433740858485,0.03383870870769413,0.0,0.0,0.0,0.0,0.0,0.0,0.0,0.0,0.0,0.0,0.0,0.0,0.0,0.0,0.0,0.0,0.0,0.0,0.0,0.0,0.0,0.0,0.0,0.0,0.0,0.0,0.0,0.02698442193309783,0.9180325319506232,0.0,0.0,0.0,0.0,0.0,0.0,0.0
0.0,0.008634884895425863,0.0,0.0,0.0,0.00906875880057439,0.0,0.0,0.0,0.0,0.0,0.0,0.0,0.013966457628898424,0.0,0.0,0.005288331896986376,0.0,0.0,0.0,0.060406008393519374,0.0,0.0,0.0,0.0244022989475504,0.0,0.0,0.0,0.0,0.06386283310627261,0.0,0.012471233667681086,0.0,0.0,0.13735566996735454,0.04313098770056181,0.0,0.026845269507252183,0.0,0.0,0.0,0.0,0.03512364377615701,0.07610369925262042,0.003522305743188651,0.0,0.0,0.0,0.007065360232667644,0.006697627399054282,0.40094216054667114,0.0,0.0,0.022923100036397432,0.0,0.0,0.0,0.04218936850116635
0.0,0.0006503380516766741,0.0,0.0,0.0,0.011785549182712497,0.0,0.008075887802824417,0.0,0.0,0.0,0.0,0.0,0.09209498429430357,0.0,0.0,0.012365847941970688,0.0,0.0,0.0,0.0481034293784394,0.016045149873461926,0.0,0.0,0.021924454249043736,0.0,0.0,0.0,0.0,0.0,0.0,0.006796560506133164,0.0027129166013621004,0.0,0.0,0.11528833277426104,0.0,0.0,0.0011043890218747645,0.0,0.0,0.010589957495115546,0.05986873551612996,0.07110951072112282,0.0,0.0,0.0,0.0,0.022677805205227098,0.008849176776604954,0.4271426604120249,0.0,0.0,0.0037817607762889436,0.013104365350490204,0.0,0.0,0.04592818806893151
0.0,0.0,0.0,0.0,0.0,0.0,0.0,0.0,0.0,0.0,0.0,0.0,0.0,0.07747820260862162,0.0,0.0,0.0042020494534527435,0.0,0.0,0.0,0.0,0.009382678250657538,0.0,0.0,0.0016794394400951966,0.0,0.0,0.0,0.0,0.0,0.0,0.0050042614922876216,0.004211990722591969,0.0,0.0,0.03216438446288208,0.008618894558312728,0.0,0.0,0.0,0.0,0.0,0.010796200647086961,0.04619398726022094,0.0,0.0,0.0,0.0,0.0023917136046327633,0.0,0.7794342202459141,0.0,0.0,0.0,0.0,0.0,0.0,0.01844197725324379
0.0,0.0,0.0,0.0,0.0,0.0,0.0,0.0,0.0,0.0,0.0,0.0,0.0,0.05673968656129078,0.0,0.0,0.0,0.0,0.0,0.0,0.0,0.02373699515684365,0.0,0.0,0.018647697548223954,0.0,0.0,0.0,0.0,0.04440634620913515,0.0,0.007899970047024968,0.0,0.0,0.02889479393359676,0.08977204143266164,0.0,0.047209959901391395,0.0,0.0,0.0,0.0,0.032885463619524324,0.11504741294378766,0.0,0.0,0.0,0.0,0.02009225320648946,0.019709253580716422,0.4649992143274769,0.0,0.0,0.0,0.0,0.0,0.0,0.029958911531836798
0.0,0.0,0.0,0.0,0.0,0.01191519762405802,0.0,0.0,0.0,0.0,0.0,0.0,0.0,0.13163768254644384,0.0,0.0,0.0,0.0,0.0,0.0,0.018559288005106513,0.006881242724072923,0.0,0.0,0.002377530964914094,0.0,0.0,0.0,0.0,0.014062198325708921,0.0,0.005844190867360657,0.0,0.0,0.0,0.06476024959684192,0.0,0.0045195203594437195,0.0,0.0,0.0,0.00024238549285743847,0.012906470435209436,0.06336979682414355,0.0,0.0,0.0,0.0,0.013022282392653605,0.007438198434425147,0.6379101585280357,0.0,0.0,0.002820754530114753,0.0017328523486098255,0.0,0.0,0.0
0.0,0.0,0.0,0.0,0.0,0.011716150896467405,0.0,0.0,0.0,0.0,0.0,0.0,0.0,0.011460377262210455,0.0,0.0,0.0,0.0,0.0,0.0,0.08954896743150732,0.0,0.0,0.0,0.01612458757026546,0.0,0.0,0.0,0.0,0.04377650582317889,0.0,0.0,0.0,0.0,0.041151683999412075,0.12412325006839452,0.02435237036383558,0.029671500579257,0.0,0.0,0.0,0.0,0.03601925766650167,0.17729118652316825,0.0008032547532113556,0.0,0.0,0.0,0.0093150073956598,0.003509521052206777,0.3543666042805419,0.0,0.0,0.0,0.006904288422117038,0.0,0.0,0.01986548591206442
0.0,0.0,0.0,0.0,0.0,0.0,0.0,0.0,0.0,0.0,0.0,0.0,0.0,0.05907413669577314,0.0,0.0,0.0,0.0,0.0,0.0,0.0014535928632766861,0.0,0.0,0.0,0.0,0.0,0.0,0.0,0.0,0.037682737984161434,0.0018408731336337634,0.017527693946755785,0.0,0.0,0.0,0.0,0.01165755891724186,0.030639257584577795,0.0,0.0,0.0,0.0,0.02793046228855435,0.12143864736302763,0.0,0.0,0.0,0.0,0.010899832833743798,0.0003708656800051632,0.6517867502430085,0.0,0.0,0.0,0.0,0.0,0.0,0.027697590466240037
0.0,0.0,0.0,0.0,0.0,0.0061414071096357265,0.0,0.0,0.0,0.0,0.0,0.0,0.0,0.09323575043983373,0.0,0.0,0.005289087610540424,0.0,0.0,0.0,0.05733770488239572,0.0,0.0,0.0,0.015659401296176937,0.0,0.0,0.0,0.0,0.03314257382322003,0.0,0.0,0.007181386036175892,0.0,0.015030303983031377,0.04192334856053589,0.022469495999170894,0.0,0.0,0.0,0.0,0.004758341440118266,0.020310564831242585,0.12918037183760894,0.0013632222243306796,0.0,0.0,0.0,0.018928192679944944,0.0,0.5015184957713588,0.0,0.0,0.02451622793137008,0.0,0.0,0.0,0.002014123543309176
0.0,0.0,0.0,0.0,0.0,0.0,0.0,0.0,0.0,0.0,0.0,0.0,0.0,0.0,0.0,0.0,0.0,0.0,0.0,0.0,0.04040873060625131,0.04126008598883358,0.0,0.0,0.0,0.0,0.0,0.0,0.0,0.040924715361513535,0.0,0.01921316701797988,0.0,0.0,0.08440289034704662,0.06473106078271225,0.0,0.0,0.0,0.0,0.0,0.0,0.04764933014310659,0.15631616105261897,0.0,0.0,0.0,0.0,0.0,0.0,0.46496712968015885,0.0,0.0,0.04012672901977835,0.0,0.0,0.0,0.0
0.0,0.0,0.0,0.0,0.0,0.012000617362749676,0.0,0.0,0.0,0.0,0.0,0.0,0.0,0.06337847677459285,0.0,0.0,0.005606035701446989,0.0,0.0,0.0,0.030033251437103184,0.003252550517108334,0.0,0.0,0.018232791018770608,0.0,0.0,0.0,0.0,0.030940515098142374,0.005946437046328245,0.012077259556815843,0.0,0.0,0.0,0.10983866756532532,0.010556966185592835,0.03663849080524339,0.0,0.0,0.0,0.0,0.05139548622078002,0.08943373791174493,0.002605256018257181,0.0,0.0,0.0,0.0020827858619717333,0.006777720233796317,0.47750239833116787,0.0,0.0,0.0,0.004644956138555791,0.0,0.0,0.027055600214506505
