0.0,0.0009607220147975325,0.0014456307708380367,0.0,0.0,0.007571842374280857,0.0,0.0,0.0,0.0,0.0,0.00013274958328058164,0.0016332593777895845,0.06434756444377938,0.00013706384478762954,0.0,0.003534943131536373,0.0005808947564906647,0.0,0.0,0.04312095390970131,0.005547651809917489,0.0,0.0,0.008521992410772429,0.0,0.0,0.0,0.0,0.017949675988279012,0.0025597351119762274,0.004286700449710517,0.0017619630862319093,0.0,0.0,0.11090429372518036,0.007522019167905939,0.05840466072146384,0.0,0.0,0.0,0.0019522295815104554,0.01128354564998666,0.037523638654864695,0.0033799757574726136,0.0,0.0014253307572686148,0.0,0.004323280486810723,0.01211072020796682,0.5523593206271705,0.0,0.0,0.020758931543839808,0.0028208962563917683,0.0,0.0,0.011137813797997616
0.0,0.0015550675823960002,0.0011846133297161478,2.7854938463346572e-5,0.0,0.0,0.0027989143415471157,0.0,0.02018245790393932,0.0,0.0,0.0003189344498455062,0.0,0.049948391559007495,0.0,0.0,0.0,0.0005770992717173319,0.0,0.0,0.03533053742995198,0.01244603902614676,0.0,0.0,0.005904863434566087,0.00027613349777974355,0.0,0.0,0.0,0.05909347876661584,0.0,0.01946134174309928,0.004135266810328039,0.0,0.0,0.047640684521941784,0.0,0.013772986192854785,0.0,0.0,0.0,0.002022272643784142,0.010992310758900855,0.02989660738903878,0.005643129081263603,0.02425400169017826,0.0,0.0,0.007865730128853412,0.023632877419830407,0.5669860516005791,0.0,0.0,0.028255529361618573,0.0016560596939648765,0.0,0.0,0.024140765432085928
0.0,0.00397320364063472,0.0010351879440994396,0.0,0.0008253184062012764,0.005753853249836135,0.003551707305097884,0.0,0.0,0.0,0.0,0.0,0.0,0.038000809397314664,0.0,0.0,0.007725469176783987,0.0015788250229619785,0.0,0.0,0.018341303661556767,0.022991417090890316,0.001877756081218399,0.0,0.007835761014820437,0.0005683728083183784,0.002310687523464426,0.000647611572303494,0.0,0.04865332328540795,0.0,0.006820492860445018,0.0018625655479072958,0.0,0.00905450443107828,0.0611900059169486,0.0,0.020116706076537837,0.000490334150660681,0.0,0.0,0.0017217265673958831,0.012720531904631011,0.03438870616345023,0.0057780744444891514,0.0,0.0,0.001146509016537183,0.004817716104268658,0.021553172680654854,0.609627137699747,0.0,0.0,0.01398067199186758,0.0038317341571265785,0.0,0.0,0.025228803105353033
0.003191272522466185,0.0018066633572953903,0.0018526882647787175,0.00020682481117830458,0.0,0.0,0.0,0.0,0.0,0.0,0.0,0.0003754160629420661,0.0,0.08102342412549327,0.0,0.0,0.004163529232316964,0.0,0.0,0.0,0.025251588256407376,0.035801283050504326,0.0008050814066000539,0.0,0.007712216540637307,0.0014847269356170487,0.0,0.0,0.0,0.026344342876688895,0.0,0.005325810456177217,0.005001038404587271,0.0005536867372248199,0.00904877756673593,0.03110714239796373,0.0,0.0,0.0005737478138368585,0.0001083485161773633,0.0,0.0015595877997588875,0.01279072406311245,0.13341222933999963,0.007230244294564182,0.0,0.0022939004856353733,0.0,0.0052423463581654315,0.006911580180497698,0.5111100703991663,0.0,0.0,0.06333322598998137,0.001744100444371763,0.00041675296289611066,0.0,0.012217628346216841
0.0,0.005699395842135098,0.00028695739474070926,0.0,0.006183954920424527,0.009714814450515957,0.012539542625873298,0.004021473714816384,0.007144540290124193,0.004957758229689844,0.0,0.0007494247309561572,0.0,0.02340280127279645,0.0005530055315598062,0.19527444620760284,0.007668199314471877,0.0,0.0,0.0,0.11191037294806121,0.0039762517528564335,0.0,0.01380200044757797,0.011097300745617267,0.009178208729410949,0.0,0.0,0.0,0.008341990711386069,0.004080932059514484,0.00352410072486451,0.001690173261255691,0.0,0.06122150170514604,0.03986553897296287,0.0,0.021308762914575848,0.0,0.0,0.0,0.006870715811241329,0.10275459207146716,0.012452393424864521,0.006814106292272529,0.009987082580334882,0.0029976581164923013,0.0,0.0524655526730674,0.0042496259380361955,0.12922276924644302,0.0,0.0,0.013444680227153966,0.006423391745483577,0.0,0.0,0.08412398237422439
0.0,0.0005589641151791849,0.00021171484414942544,0.0,0.0,0.005782428971749092,0.0,0.0002460547708921904,0.0,0.0002273864875017158,0.0,0.0,0.00022383048084123782,0.03937456477763542,0.0,0.0,0.001530701590267104,0.0,0.0,0.0,0.0,0.005747722205297874,0.0016293099634168738,0.0,0.0009221000774041338,0.00011394321549260117,0.00017789067052140613,0.0,0.0,0.004202553365863985,0.0,0.001995631755680411,0.0007876022595409757,9.762525075473597e-5,0.0,0.0735732716948159,0.0,0.0,0.00012025495361616075,0.0,0.0,0.0002120026221869294,0.0,0.012902962779959573,0.0006037081595872306,0.0,0.0,0.0,0.0011908501223048637,0.0032023783120427043,0.8289612947295718,0.0,0.0,0.00683308268840226,0.0002600377353744475,0.00031746065538578924,0.0,0.007992670744558592
0.004109568953196918,0.0031622132388206387,0.0008247156838919194,0.00027440501129071855,0.004567701546904895,0.009208068372914963,0.018892544849837774,0.0027603196686192557,0.0,0.001934764013431019,0.0,0.001070107552295558,0.0,0.03015557004309556,0.0,0.0,0.009278178234377196,0.006986388364881322,0.0,0.0,0.04756033162967972,0.01676463445148474,0.0010538224023016554,0.0,0.02094072398060973,0.008846157460010363,0.0,0.006499798908516877,0.0,0.052060845441484496,0.0,0.009616046009600183,0.0014626556953848296,0.0023019029627301523,0.020434634000552208,0.0520681965925799,0.02343722394993585,0.07459176757285084,0.0,0.0,0.0,0.006006503104673066,0.0783709511646729,0.09176801933073873,0.004000847435865363,0.006813441130501631,0.000823442447246312,0.0,0.01432226881832698,0.01562712672553553,0.3140980880034779,0.0,0.0,0.0,0.007403026044386228,0.0029732085382963994,0.0,0.026929790664997393
0.0010453226151149668,0.0021700358600627574,0.0004800821752941334,0.0,0.0,0.013774545849093519,0.0019759747137043015,0.0015194334787474377,0.006067586676748904,0.00020346823956320347,0.0,0.00027436816434741647,0.0016208037535998825,0.04934960960963815,0.0,0.0,0.0,0.0006424921874690671,0.0,0.0,0.061694998739720286,0.006132054932854628,0.0,0.0,0.010614797586509763,0.0005485965697764854,0.0,0.0,0.0,0.02419517411959252,0.003951656662541333,0.006985853103409074,0.0,0.001223358837502166,0.018120154575823177,0.09409863592214873,0.009996268362948679,0.03815859517812608,0.0005215208265005057,6.345374202436908e-5,0.0,0.0016051690825045668,0.012911663903159952,0.08416345578797207,0.002084744080706471,0.0,0.0,0.0010812671758142155,0.005761211220218537,0.008123094037919401,0.4944301519505631,0.0034713514096457346,0.0,0.011270344411975691,0.0033482158264438117,0.0,0.0,0.01632048863021365
0.0008544422425125456,0.0012508538299533655,0.00038953685237309594,0.0,0.0,0.004618010861571789,0.0021079853547518283,0.0022902781321960134,0.0,0.0007575578316904575,0.0,0.0,0.0,0.0187551682436944,0.0,0.0,0.004460319819932503,0.0009583614114650183,0.0,0.0,0.04931230926091627,0.009184017729117467,0.0,0.0,0.008498574903896897,0.0013406173668581928,0.0030214862928059877,0.0,0.0,0.014432427568249629,0.0,0.0055309313681201466,0.0011543638288388778,0.0,0.0,0.059397823737862405,0.052395604638302166,0.0,0.00031940605986649094,0.0,0.0,0.0016201256224800775,0.018593388434323684,0.17763907383311353,0.0009465422006987737,0.0,0.0,0.0,0.0038369659410319537,0.006175384442361313,0.5329041091993658,0.0,0.0,0.0,0.0024987764683948714,0.001778548172935858,0.0,0.012977008350316285
0.0,0.00240373300716315,0.0008559683772865319,0.0,0.0,0.01751125482528452,0.0035542267080614373,0.0,0.0,0.003098452560532752,0.0,0.0009037642837208142,0.008708560009155226,0.06082246112126825,0.0,0.0,0.008209124831138137,0.0014922036563880883,0.0,0.0,0.045085987152598865,0.024590290407216695,0.0016367196311246972,0.004463151039401626,0.012590637779166747,0.002519407586205947,0.0,0.0,0.0,0.042886691839135314,0.0,0.008639263292693563,0.005049986719018112,0.00046812715009495116,0.023346740166868572,0.09401728653554348,0.009277866042584779,0.027936418765924183,0.0,0.00031083840339983125,0.0,0.004454601348002654,0.008452435842136806,0.0647040032643201,0.009548776813251237,0.014611323183245144,0.0016738936084175495,0.0,0.01398903449587975,0.02119277514657907,0.39651522209207096,0.0,0.0,0.01852564496307341,0.0024051977109471783,0.0,0.0,0.03354792964109041
0.0,0.007277879590307421,0.0036365946693863987,0.0,0.006237998490662336,0.0031292230051091566,0.005966387374689005,0.008455340889245334,0.017537750363153564,0.0,0.0,0.0024191800402558468,0.0029531893486445487,0.03605264772056778,0.0026186280418613026,0.0,0.00809279127119583,0.0024263648742464216,0.0,0.0,0.037230761311743445,0.023940777814429177,0.002286110986425205,0.0,0.022523115609879504,0.013038382570423175,0.0,0.0011864274819126108,0.006183757757808855,0.037870101084096,0.005953734964544648,0.016125375916858302,0.0008813776910132822,0.0014664935455429812,0.009004139021671551,0.041033627475078084,0.020117010867887555,0.06878155663152226,0.0,0.0,0.058558743141818526,0.008491798258141305,0.022633598849453186,0.14964350724697134,0.005877200920797238,0.0,0.005026405004715425,0.0,0.02001566379730714,0.016507893834766137,0.24079329499224533,0.0,0.0,0.0,0.006696712192994933,0.003786527066280395,0.0,0.04754192828443773
0.0,0.0027209336596026807,0.0014118787860171993,0.00030815530207417606,0.001791746792404611,0.0,0.005066122504315908,0.002214806845406308,0.0,0.0,0.0,0.0005688832267214527,0.0,0.03329670252525849,0.0005342019765996783,0.0,0.009248960683108492,0.0017369756505633146,0.0,0.0,0.024998599407147545,0.016380612867147273,0.0013694665982298395,0.0,0.02784511891736097,0.0035893508484897627,0.0038098708340608724,0.0,0.0023378080088360615,0.05534575412907754,0.0,0.008567731184559155,0.0008687465633996357,0.0,0.018446650340762934,0.038286741340561474,0.017612348879255654,0.05393328401128384,0.0007144097135735393,0.00011091833702549952,0.0,0.004368522900610577,0.017642029646859746,0.10649018741824803,0.0031743975491845804,0.0,0.0,0.0,0.013959528480824534,0.0067403575704150995,0.4785509289112768,0.0,0.0,0.01892447975657835,0.0037060777681354124,0.0,0.0,0.013326710065060882
0.0,0.0,0.0006765540916125606,0.0,0.0,0.002973273266100424,0.008201415354453671,0.0,0.0,0.0,0.06437621956847625,0.0,0.0017061054511283368,0.03685335316436413,0.0029047106607900815,0.0,0.017175564708143378,0.001014721491736191,0.05358553523211686,0.009460308981086147,0.19396762185595517,0.009070928025832817,0.0,0.0,0.019587052974171935,0.02226599420841155,0.007820437759049606,0.0,0.0,0.014039525407669812,0.015140523282119019,0.005200163264397166,0.0016704953424282899,0.002314049630032339,0.10316580450567811,0.02807084027260146,0.0,0.03141043898737899,0.00262777336528241,0.0,0.0,0.01772229518657016,0.003001827729178241,0.01875664647042212,0.006003402191683082,0.00870211992071246,0.000688141520508791,0.00150589563785824,0.02372185844639772,0.04199823375423651,0.14955786863517168,0.01867995498454014,0.03185603269197291,0.0,0.010502965687094221,0.0007361550520755675,0.0,0.01128719124057084
0.0,0.0004398649580211356,0.0002577293485498373,0.0,0.0,0.0037177568158507516,0.0,0.0,0.001645599278782561,0.0,0.0,4.2679267039504e-5,0.0,0.04021039237925647,0.0,0.0,0.0014747014301371825,0.0,0.0,0.0,0.010063875026737862,0.00334288507502142,0.0002415468229656019,0.0,0.0010808452010905622,3.6425046126448795e-5,0.0,0.0,2.0494943919241307e-5,0.006973121598903398,0.0,0.0036789144953873853,0.000993186813266777,2.040737686048111e-5,0.0,0.025271252428455956,0.0,0.0,0.0,1.3410997844974162e-5,0.0,0.0,0.0026029004062455775,0.00744163532929765,0.0015886887801973143,0.013366677852122677,0.0,0.0,0.001955237893359031,0.007431956289393908,0.8515144459246261,0.0,0.0,0.009181566170462431,0.000254213335197283,0.00017930874824141155,0.0,0.004958279966635164
0.0014141507369689848,0.0016123615036153858,0.000526140100131363,0.00019428999079633413,0.0,0.0,0.0,0.018458342960769664,0.0,0.022826149884145726,0.0,0.0017533437133460978,0.0008167076178717911,0.0,0.0,0.0,0.013893692489032956,0.0060085630180476985,0.0,0.0,0.008542898513408882,0.02527859626811727,0.0,0.0017924388955860317,0.004806852577688271,0.020186544959664134,0.0,0.0,0.017488643901686453,0.0924252742640044,0.0,0.012208975381237667,0.0005770565965770633,0.0,0.015892864020134727,0.012247711330710474,0.0031617720653371153,0.09570875201102201,0.0,0.000132210166382893,0.13540511180817758,0.0029869495599532995,0.002724055324611317,0.06716868438015365,0.0026211621662681375,0.004806918915674413,0.0007254484144126147,0.00035714741381076293,0.005328710584880169,0.01116868060224393,0.2670150160897464,0.0,0.0,0.03736410908753616,0.002002753938428995,0.00131359046730069,0.0,0.08105732828052094
0.014733065198933965,0.006129337802160617,0.0005771423866761831,0.0,0.0,0.005923581778697387,0.0231802729281667,0.008380674141926999,0.0,0.0013593400616134623,0.030023967850536952,0.006277200047668767,0.005192976533842902,0.010653826617078073,0.0,0.0,0.013023349911144826,0.004289887252023059,0.0,0.0,0.12596391662337303,0.019838295650675228,0.0,0.0,0.026549684535651204,0.024070043749523647,0.006884711725014159,0.0,0.004444101740099497,0.08734281961359866,0.0,0.006851394961544587,0.0010240695892509092,0.0,0.0,0.02508607639885284,0.009361503365809471,0.0964228860719569,0.0,0.007710465084968228,0.0,0.02514879793795748,0.0663964397555971,0.1279165637995426,0.005402259003994271,0.005264521746486169,0.0034248602129929,0.0,0.030045602837041135,0.018867689170437414,0.116849314343811,0.0,0.0,0.0,0.0031734494947579677,0.0,0.0,0.026215910076625548
0.002711172690356111,0.001848336420175403,0.0,0.0003643881799156901,0.0,0.002721050749695763,0.006166841803236036,0.0036557488530758126,0.0,0.0,0.0,0.0015417767995047275,0.0025351492494265493,0.018744429085997112,0.0010880706986463758,0.0,0.004181157650549063,0.001935667881075949,0.0,0.006466582821428101,0.05974116912781159,0.004607723189301573,0.0,0.0,0.024435367548079977,0.0,0.0,0.0018456543051084962,0.0016053827645302156,0.03478564181734757,0.003280700688588506,0.0023289258236574594,0.0007210660342865552,0.0006788272548164622,0.0,0.1684164047711724,0.09934404885926382,0.08383546125335818,0.0,0.0006888546820788885,0.0,0.00412411505009473,0.03408889343483104,0.05733097877818488,0.0012662715067832016,0.0,0.0,0.0,0.006009437076249466,0.004359397127398492,0.3340227114103063,0.0,0.0,0.0,0.010197428223281475,0.0015187097868153462,0.0,0.00680645660356148
0.0009746095603029086,0.0012239111020134609,5.713447475601366e-5,0.0,0.03787643262796011,0.007689328852284884,0.09754320276279782,0.0,0.0,0.0,0.012361663080355663,0.00041419540011193806,0.0,0.003128505724494241,0.0,0.0,0.005989605193545044,0.005348832062526098,0.0,0.0,0.03464845453631486,0.0082101847587843,0.0,0.034677989575288413,0.0062813610930464794,0.03810062655650042,0.0,0.0,0.0,0.024412021273784987,0.0006927788383300738,0.001087182226435702,0.0,0.00045907442371127664,0.49956748106008886,0.0033576756532567686,0.0,0.016150953868192933,0.0,0.00019181835055480078,0.0,0.004074658976244415,0.004801292864639897,0.011674764755200412,0.0013354180180729046,0.002145864844113125,0.0,0.0,0.037500927398905454,0.0183453740654078,0.03124268345746397,0.0,0.0,0.037979544897880343,0.00302834683136749,0.0004396259687332435,0.0,0.0069864748664830905
0.012274157706492275,0.0030739029250369952,0.0,0.0,0.0016409091457635153,0.010115258299617222,0.012280702519579308,0.0,0.0,0.0,0.0,0.0015143938311730958,0.0,0.015357944146051811,0.0,0.0,0.006868913751160775,0.0029335079018982238,0.0,0.0,0.08780070414600065,0.01018729472116657,0.0,0.008649481326831009,0.035315478666372,0.004206835399464358,0.0,0.004370193167648714,0.0,0.04574302337634214,0.0045162284331015,0.006588116082867778,0.0,0.0,0.0,0.08625243121586042,0.027163005638340745,0.0629689738280423,0.0,0.0006585053605136127,0.0,0.003862695687070171,0.031638222291105765,0.2096408076422399,0.002747293042187046,0.008343133904629277,0.0041805128652587405,0.0010025804818921916,0.012555632500403174,0.008519380659566544,0.22431311063892653,0.0,0.0,0.0048102222072313955,0.01572201045310306,0.0020706248481827095,0.0,0.020113811188831137
0.0,0.0008684449263163849,0.0,0.0,0.0,0.0,0.000815845633286716,0.0023236884354778196,0.0,0.000816520612001576,0.0,0.00038856926659871854,0.0,0.08809216199670036,0.0,0.0,0.0038372722712080617,0.0005652657133613614,0.0,0.0,0.017540428287142213,0.010204357973461826,0.0,0.0014475297275874006,0.008124869285677398,0.0,0.0,0.0,0.0,0.030824754141560405,0.0042215814278069455,0.009900859834616249,0.00428598004980005,0.0,0.0,0.10317057837669769,0.011478645257034167,0.023792236201821772,0.0007338190896738732,0.0,0.0,0.0022139688171946203,0.012549418792931179,0.04580802647490384,0.0024387832374699755,0.0,0.0,0.0,0.0037712614124880907,0.012646694834169076,0.5725532952857948,0.0,0.0,0.0,0.0032941511246439336,0.0,0.0,0.021290991512587003
0.0,0.0006717664329808964,0.0,0.0,0.0,0.0,0.0,0.0,0.0,0.0,0.0,0.0,0.0,0.08381067139679493,0.0,0.0,0.002255386386514819,0.0,0.0,0.0,0.006142686004893872,0.005239869214951778,0.0,0.0,0.0014299646691655666,0.0,0.00017615338623804124,0.0,0.0,0.014893666099288496,0.0,0.0,0.0025574859886183595,0.0,0.0,0.04555577841826171,0.009270355438649337,0.007442532747479075,0.0,0.0,0.0,0.00032684571657506966,0.003097012892238487,0.013297239372231541,0.0009990603723685832,0.0,0.0,0.0,0.001116166907316194,0.007523996233599029,0.7861456016646162,0.0,0.0,0.0,0.000864974285021422,0.0,0.0,0.007182786372200027
4.267677586024154e-5,0.0,0.0006773399811647076,7.866897562777014e-6,0.0,0.0,0.0,0.0,0.0,0.0,0.0,0.0,0.0,0.016526157036386924,2.711423372410753e-5,0.0,0.0014422276967516686,0.00021581135284457484,0.0,4.6812168867377016e-5,0.005632980047528817,0.001377358334526716,0.0,0.0,0.003034915023727677,0.0,0.0,2.9943317979964538e-5,5.9971828940371205e-5,0.004320254384621821,0.001293752641114087,0.00189284852892146,0.0001623863762876582,0.0,0.0,0.015630585793894477,0.0,0.002289522814965306,0.00010181764087033055,0.0,0.0,0.0,0.004527321052995102,0.01950873575446886,0.00046367551906003094,0.0,0.0,5.0972083135061145e-5,0.0018683036687293707,0.0014259140271542492,0.8991975414515005,0.00028386684349830226,0.0,0.004774445783829601,0.0023726122632661602,0.0006977080321526386,0.0,0.010016560643661326
0.02019577883047861,0.006217424126979914,0.0005198377702173366,0.0006002897468641192,0.0,0.019107404048193753,0.0613679393228555,0.0,0.0,0.002584345116863048,0.0,0.001991948363535672,0.002185782489581647,0.01150326411232637,0.004460958570576973,0.0,0.0068271476479457366,0.009427496254928298,0.0,0.0,0.07693310592459855,0.0073059236422942965,0.0,0.023463888609850398,0.024983857920731555,0.02605230416011555,0.0,0.012966768359288398,0.004376530634458992,0.05571844101561425,0.008484097260378305,0.007094121828388061,0.000993101891806939,0.00047237960083486774,0.1228096376521797,0.025476322885927306,0.0,0.06349367415322536,0.002010042611109378,0.002306531269641025,0.0,0.011542702559917822,0.057477606370487745,0.10954788946801627,0.002850610405075389,0.004291889119192139,0.0014338928726934607,0.0019609019302951674,0.022567941270820253,0.005911971416354085,0.11537100552938741,0.01178424060181966,0.0,0.003075353344044548,0.010054038042577549,0.0011642113051846044,0.0,0.029035399942458497
0.0,0.00251502091275689,0.00117752134014288,0.0,0.0,0.0,0.008273173406816407,0.004258012229157003,0.0,0.0,0.0,0.001360494496696246,0.0022164227270171553,0.0256381708380501,0.0008402513036284353,0.0,0.011218265390734911,0.0021904450178068,0.0,0.0011843347981750668,0.10333072636337066,0.01136356337839646,0.0,0.0,0.021849868935259635,0.002252438338570672,0.0,0.002831470712366441,0.0,0.023407445264723246,0.0030701682951519912,0.007796504950192352,0.0020402146080516414,0.0006741919495560381,0.007580492362886288,0.08787783833167175,0.0,0.06685529018367102,0.0,0.00031743950717266853,0.0,0.005502291116175248,0.08437695302306082,0.07232566883564329,0.003684088804278113,0.009293932862102155,0.0011497286200881464,0.0008952113321412748,0.011992324086904458,0.01813424059716348,0.34735193492169014,0.0010754691629159814,0.0,0.012687754865139558,0.009313855614842347,0.002963749167337211,0.0,0.017133031348469073
0.0,0.0,0.0005652027913449506,0.0,0.0,0.006206545886888213,0.0,0.0,0.0,0.0,0.0,0.0,0.0,0.0,0.0,0.0,0.004788113961981641,0.0,0.0,0.0,0.032943294500693124,0.0047571582658931175,0.0,0.0,0.010061321851730497,0.0,0.0,0.0,0.00013116755021596465,0.023212518147913152,0.0,0.02591993100382222,0.008323343576803718,0.0,0.0,0.09668487804047823,0.012585817859657972,0.004513658139363399,0.0,0.0,0.0,0.0,0.005692125352376142,0.036412197386659004,0.0,0.08584499612645602,0.0,0.0,0.0,0.014384315610854726,0.5983689807122561,0.0,0.0,0.0,0.0015122553998101205,0.0,0.0,0.02709217783480783
0.002355220053322592,0.001150132454530462,0.000879187413605396,0.0017951046436678376,0.0,0.011120311481943547,0.0035297354709946764,0.002117871240159094,0.0,0.0016151068206432186,0.0,0.0025777559241900476,0.0015077639031709637,0.029609705006423792,9.961751563101452e-5,0.0,0.0009301566004594978,0.007977712167799146,0.09792656257723621,0.001109363180748647,0.04736823245858293,0.004207752946236765,0.0014158069459853477,0.0,0.005408398976016006,0.0047612508604466955,0.0,0.0038171177977418397,0.004373049327609568,0.008032344697835836,0.0065445588640509296,0.018811118773834255,0.0,0.00043157767148299783,0.0167302202261832,0.050514154271739255,0.0,0.05269937984768291,0.002456942890188286,0.0037158462302418066,0.0,0.006191658889682175,0.007863179234047987,0.10920756654903609,0.0029843078810432334,0.0037283872316305694,0.0006362493476490101,0.0008642209759246061,0.003481041237598819,0.0006067330509850528,0.44396752143971074,0.0,0.0,0.0014819947404423061,0.0036054827018174892,0.0002586889595485169,0.0,0.01753390852048315
0.0053054623653537554,0.00366194072895621,0.0005798193750287585,0.0011968987316766442,0.0012222358452387942,0.0077625400330212655,0.011952725503635108,0.0,0.0,0.0,0.0,0.0005660564353678867,0.0018441899075544391,0.019982984885626054,0.0,0.0,0.005062708578966148,0.0031908565259039802,0.0,0.0016906543946949926,0.0462375883649594,0.006707800135135513,0.0011085221239704776,0.0,0.010479843846953774,0.0,0.0,0.00451866474021532,0.0007398952315175887,0.008368748407829925,0.003028945229058934,0.01150656866075251,0.0016940315126874462,0.0012009355618540602,0.021390193698046588,0.07538250399755832,0.0,0.03007450810449213,0.0,0.00024220616072825928,0.0,0.0017390247997452137,0.11991030031563064,0.11811679324421512,0.0013829000259311676,0.0,0.0006323810061166001,0.0019408725877228692,0.017667128159681633,0.011579214415877493,0.3786920794609036,0.0,0.01271383217266404,0.012160518297303679,0.00419799922290901,0.0,0.0,0.03256692720448367
0.0,0.003910519799137625,0.0006329845333592033,0.00010519774038094136,0.0034100131607241787,0.008768048952361926,0.007205736103169347,0.007462167906677673,0.0,0.0,0.0,0.0,0.0018531024803697658,0.036924464959135275,0.0016666147335752607,0.0,0.004462724414907508,0.0056531748110011226,0.0,0.0,0.04432571974695366,0.00874592456146393,0.0,0.0,0.019041558181191437,0.0050624239379337185,0.0,0.0,0.0,0.07444660452024167,0.0,0.007263846566756072,0.001101786290335176,0.0030726626843387726,0.0,0.05901823761657712,0.007813221079362335,0.1354207600382895,0.0014003825203280714,0.00028937945707813097,0.00529452129043394,0.005842770176826276,0.06716175554991029,0.08535902350079672,0.0025514857354343385,0.0,0.002311108258603247,0.0,0.016428525426842536,0.021640742729942514,0.3181950264768303,0.0,0.0,0.0,0.007913313328454514,0.0,0.0,0.01824447073028729
0.0,0.0,0.0,0.0,0.0,0.0014966940074215929,0.0,0.0,0.0,0.0,0.0,0.0,0.0,0.01616340715552438,0.0,0.0,0.0012025017631003864,3.5988172860628855e-5,0.0,0.0,0.011607882408289171,0.0009146140216232305,0.0,0.0,0.001495250976971713,0.0,0.0,0.0,0.0,0.00647699696693319,0.0,0.0015580178814963049,0.0,0.0,0.0,0.09175213885559287,0.014817652588555271,0.0,0.0,0.0,0.0,0.0,0.0030941487416258793,0.008111567621990702,0.0,0.0,0.0,0.0,0.0009578430657097726,0.004383882722244829,0.8321129370188112,0.0,0.0,0.0,0.0,0.0,0.0,0.003818476031251617
0.0,0.0012728722205941107,0.0005364825240681006,0.0,0.0,0.0,0.0009823168588992356,0.001505180707381897,0.0,0.0,0.0,0.0,0.002854657098112459,0.07096425478588228,0.0,0.0,0.004097349093876396,0.0004216285648332306,0.0,0.0,0.03605620123475678,0.012320200751251408,0.0,0.0,0.008219080487036592,0.0,0.0,0.0,0.0,0.028448619283167862,0.002340088977730364,0.011286459178620811,0.002216182318914539,0.0,0.0,0.06045499418927135,0.0,0.025927129422013917,0.0,3.0440872215520088e-5,0.0,0.0,0.0212894850587285,0.06067036604229562,0.004476394011746013,0.0,0.0,0.0,0.009691009979118061,0.011676203990366792,0.5875110881313242,0.0,0.0,0.01457110359734914,0.002905981099409191,0.0,0.0,0.017274229521036626
0.0,0.0015654011824307599,0.0011228594348088401,0.0,0.0009393222131837916,0.004392332845083327,0.0,0.0,0.0,0.0,0.0,0.0004467675242344495,0.0,0.02825609645634211,0.0,0.0,0.007096586287720424,0.0,0.0,0.0,0.06490079123785993,0.008269616123414985,0.0,0.0,0.038006528694257094,0.0017672084325574165,0.0,0.0,0.0,0.04064591110450887,0.013085462085423778,0.011274505713414472,0.0,0.0,0.0,0.06896830827056169,0.013920315310802431,0.13796461445955424,0.00040987354284751233,0.0,0.0,0.005357577919410463,0.12856004896163292,0.09205713802455538,0.004798979661557741,0.0,0.0,0.0,0.012895051157989841,0.04185387761616389,0.23467390380892206,0.0,0.0,0.008744597925501505,0.0075348867419288215,0.0,0.0,0.020491437263323625
0.0,0.0008961460007759383,0.0,0.0,0.0,0.004364155977718227,0.0,0.0,0.0,0.0,0.0,0.0,0.0,0.04027483974211277,0.00022096351491015327,0.0,0.00365101655970465,0.00029699990991891245,0.0,0.0,0.06235004638279861,0.0026111411676724896,0.0,0.0,0.012386844703386916,0.0005131174275600418,0.0,0.0,0.0,0.02590946021372406,0.002263974346276438,0.011119014581680693,0.0021174621924152127,0.0,0.0,0.0802111760806975,0.012461346356776155,0.03399548104070951,0.0,0.0,0.0,0.0,0.014748157493395302,0.03693653143121274,0.0029107638042251893,0.01186908407560349,0.0,0.0,0.0073610336338334045,0.014649712124481771,0.6007096882552865,0.0,0.0,0.0,0.003456544155592151,0.0,0.0,0.011715298827554347
0.0,0.002197196640316143,0.0,0.0,0.0,0.011728252029466542,0.014352189094678293,0.0,0.0,0.0,0.0,0.0004367069699494078,0.0,0.1030017881880874,0.0,0.0,0.0051256534941052645,0.0007952422309320992,0.0,0.0,0.03835397364386997,0.011802465938251667,0.0,0.0,0.01798567139350878,0.0017716326771438971,0.0,0.0,0.0,0.04331645444735964,0.0,0.021071478216179988,0.007175880680385103,0.0,0.14239200089023415,0.05367427759729161,0.0,0.06569363987123496,0.0,0.0,0.0,0.006035358620043285,0.046210646429010654,0.05653140925063707,0.0057686359314010555,0.0,0.0,0.001758315789841557,0.014110239230710891,0.007720662064313365,0.27810588819783505,0.0,0.0,0.019736965084946333,0.0043689585251814,0.0,0.0,0.018778416873073148
0.0,0.0005108382219212688,0.0005392524433853602,0.0,0.0,0.0030954220225285875,0.00010930611316421022,0.0,0.0,8.508839494326593e-5,0.0,0.0,0.0,0.010675263869164633,0.0,0.0,0.0009231752841211614,0.0,0.0,0.0,0.008029794964891408,0.002789464643618523,0.0,0.0,0.0017452636972073844,0.0,0.0,0.0,0.0,0.0040026263622222,0.0,0.0,0.0,0.0,0.0,0.015145911218144506,0.0,0.0011572012168914708,0.0,0.0,0.0,0.00028209406555918274,0.001425379575746025,0.0,0.0005319600283375341,0.009278702200861709,0.0,4.99990602176564e-5,0.004972000353428302,0.004596070287772251,0.9123281980020571,0.00019831450305085992,0.0,0.0030931279952557482,0.0006553791201456072,0.0,0.0,0.013780166355365484
0.0,0.0014995180464811597,0.0009977013022250856,9.524876407427532e-6,0.0,0.0,0.0,0.0011533771007576597,0.0,0.0,0.002041544304854554,0.0003518394396469965,0.0,0.05686275443962023,0.0,0.0,0.002723641359294009,0.0004282108940312822,0.0,0.0,0.005589241035685828,0.012255003718791098,0.0009432835906725532,0.0,0.0013810281116420132,0.0,0.0,0.0,0.0,0.08442470328837086,0.0,0.0,0.0,0.0,0.0008774244474649552,0.0,0.001455573111685753,0.0,0.0,0.0,0.011956409603802818,0.0009235765417265757,0.0028411991059574607,0.0,0.004706863993634194,0.0,0.0,0.00022241591902007099,0.002303242418849479,0.006284004925488571,0.7488322882386339,0.0,0.0,0.025375593591488395,0.000502181189567832,0.0,0.0,0.023057855404203804
0.0,0.0004892394249761713,0.0,0.0,0.0,0.0,0.0001060115088563117,0.0,0.0,0.0,0.0,0.0,0.0,0.0,0.0,0.0,0.0005267645574749378,0.0,0.0,0.0,0.004646359178838185,0.0019121558481365356,0.0,0.0,0.0014110774614500767,0.0,0.0,0.0,0.0,0.012047765873158409,0.00027150177414930917,0.005475056223455986,0.0006964683725296903,0.0,0.004868233601399639,0.0,0.01600440016100463,0.0009290096117129858,0.0,0.0,0.0,0.0,0.0015528118109623937,0.018522149736687293,0.00047077316000745787,0.0033889896829585,0.0,0.00016027038394873376,0.0043945601777404565,0.0035026194320256433,0.9087655823864956,5.955013605114103e-5,0.0,0.0,0.0005155622361429771,0.0,0.0,0.009283087259836452
0.00016960380781833715,0.0,0.0,0.0,0.0,0.0,0.0,0.0,0.0,0.0004811150157919491,0.0,0.0,0.0003137247238553624,0.05748675600939253,0.0,0.0,0.0007831723623676757,0.0001701086599876949,0.0,0.0,0.004054389526901811,0.003453999487584578,0.00037766301607318074,0.00024226141341843102,0.0,0.0,0.0,0.0,0.00017234636393435754,0.04236853016285936,0.0,0.01440622409527944,0.0009950699030576082,0.0,0.0,0.0,0.004027249813397937,0.0,0.00041138195857256393,0.0,0.0027643554656589697,0.0002524158663196995,0.003411348048404173,0.047887573803283276,0.00173070731115984,0.0,0.0,8.95066888169664e-5,0.0037399726391803443,0.0025686769683809967,0.7749451747087645,0.00026417784923758237,0.0,0.0,0.000661654288700211,0.0,0.0,0.03177084004179915
0.0,0.0,0.0003224451391212064,0.0,0.0,0.0,0.0,0.0,0.0,0.00010849813342688432,0.0,5.086867829737856e-5,0.0,0.0335811385977162,0.0,0.0,0.0011820468374206298,0.0,0.0,0.0,0.003608408747461279,0.003171882049481524,0.0,0.0,0.0006720421587499102,2.3647238773013584e-5,0.0,0.0,0.0,0.005011544179138393,0.0,0.0041650697216338755,0.0012625278660927416,0.0,0.0,0.02486986203924193,0.0030227203635476165,0.0,0.0,7.234994175268727e-6,0.0,0.00025610437169506475,0.0009117496453644651,0.007525053865299544,0.0008520994360853955,0.013200498657687097,0.0,0.0,0.0010290074691581654,0.005086876466924224,0.8784634783812074,0.0,0.0,0.0,0.0,0.0,0.00010484174040198589,0.011510353221896507
0.06438696682242248,0.003462346053741637,0.0037311421708548184,0.0014056084772001265,0.0,0.0,0.0,0.0,0.0,0.0,0.0,0.003924684927674386,0.08316578737275343,0.06924717510904642,0.0,0.0,0.0036558641987574736,0.0,0.0,0.0100649639574017,0.0,0.018198610504781866,0.0021441965362574227,0.0,0.023014110748647745,0.039182440426738185,0.0,0.0,0.0,0.022871174020361706,0.0,0.005999728131764907,0.0018992184062584362,0.0,0.004429497802440334,0.0,0.008193687240090142,0.3290702677096857,0.0,0.0015429161918833986,0.0,0.016213528408095795,0.028831084958076618,0.0,0.004315347753081555,0.0,0.0,0.0,0.007153461843542373,0.01743536394150806,0.18832650494766623,0.0,0.0,0.0,0.010365291091772096,0.010243214776438464,0.0,0.01752581547103584
0.0,0.0,0.0008202974393548804,0.0,0.0,0.0,0.0,0.0,0.0,0.0,0.0,0.0003313235952189615,0.0,0.0,0.0,0.0,0.0013735498394175216,0.0,0.0,0.0,0.0588318951587942,0.007656650926258105,0.0,0.0,0.0027842591754917226,0.0,0.004194031158980852,0.0,0.0,0.021508157066346862,0.0,0.029991050691475847,0.0,0.0,0.19090430934564068,0.0,0.005459046702660802,0.006994195110495097,0.0,0.0,0.0,0.0,0.003109847461294013,0.029119046274082294,0.0,0.014168723944403263,0.0,0.0,0.010255597752063183,0.007583952761222291,0.5988974513705005,0.0,0.0,0.0,0.0011690098548642078,0.0,0.0,0.004847604371442923
0.0,0.004282501972046289,0.0,0.0,0.0011809955242713618,0.011520670390351375,0.012240880329073368,0.0,0.0,0.0,0.0,0.00039496822220686537,0.0,0.06665224429461186,0.0,0.0,0.005008134903733532,0.001788851497757081,0.0,0.0,0.05073201972041727,0.009100205089275242,0.0011011177008368248,0.004281547685875403,0.039751834149163834,0.0031211132756425977,0.0,0.0,0.0,0.05785769676981238,0.004220118614636194,0.015710428308045272,0.003026038422924422,0.0,0.08241459930979074,0.07419544102468777,0.012626221378447045,0.11457764494268208,0.0,0.0,0.0,0.004628386275858317,0.01729417894920998,0.056699524651962575,0.003220916309474504,0.0,0.0,0.00573686078606817,0.01403157901325769,0.01093252060284622,0.2642943093063393,0.007171878151660048,0.0,0.0,0.011885131134659048,0.0,0.0,0.028319441292349375
0.0,0.0,0.00031365656907751406,0.0,0.0,0.0026198815373186064,0.00010140743005138928,0.0,0.0,0.0,0.0,0.0,0.0,0.024901776372868917,8.715104346620754e-6,0.006598903499375563,0.0,0.00011707683726245273,0.0,0.0,0.04071397599334466,0.0030493236528295223,0.0,0.0,0.012423180989568128,0.0,0.0,0.0,0.0,0.00931625255650452,0.003060054502755645,0.011156360314862553,0.00036675025798406596,0.0,0.0,0.0788775136841461,0.0,0.01995735998827472,0.0,0.0,0.0,0.0004718636491476422,0.007857009291228643,0.07342373698490598,0.0,0.0,0.0,0.00016606848219864715,0.0043626981686586816,0.003185890303605085,0.681537202176191,7.970088803229004e-5,0.0,0.0,0.00639784746938699,0.0,0.0,0.008935793296078878
0.0,0.0034357871591629606,0.0012235784594492919,0.0,0.0,0.004332173672953207,0.0013428893412779275,0.0,0.0,0.0,0.0010226584285370436,0.0004060061748794294,0.0,0.019381164723902326,0.0004112227475753541,0.0,0.0032237506939856424,0.0011642894192156448,0.0,0.0,0.09414531277255395,0.007367838128088597,0.0,0.0008351722310009453,0.01719051370986589,0.0008678628026329218,0.010372361945961327,0.0,0.0,0.06098036248178093,0.009817320021377229,0.010430555175780332,0.0,0.0,0.021425253109621983,0.04301322754152664,0.0,0.07233122097433896,0.0,0.0,0.0,0.004308228662582688,0.0304093681725547,0.16301469264976257,0.0,0.0,0.000425839990237557,0.0,0.01038964220083897,0.009119496886243262,0.3589080756898422,0.0028970360869241783,0.0,0.0,0.009512436728656083,0.0,0.0,0.02629466121688858
4.042159765309035e-5,0.00027366304851971694,0.0,0.0,0.0,0.0,0.0,0.0,0.0,5.542484923352821e-5,0.0,0.0,0.0007289429949650326,0.058179124636510426,0.0,0.0,0.0005646364682028766,0.0,0.0,0.0,0.016511407406717464,0.0024312199416900958,0.0,3.347163311028181e-5,0.0,1.710794262485171e-5,0.0,0.0,0.0,0.004544596079592697,0.0,0.0015316087680858925,0.0011596058855649987,0.0,0.0,0.06429918125914788,0.009277737529981586,0.0,0.0,0.0,0.0,0.0,0.0008843573830937284,0.008919966613506143,0.00039816610125488277,0.004263747214118952,0.0,0.0,0.0,0.0019061715762260867,0.8165742534713337,0.0,0.0,0.0,0.0004147898641702546,0.0,0.0,0.006990397734697388
0.0,0.000244917718168693,0.00012019842030731767,0.0,0.0,0.0,0.0,0.0,0.0,0.0,0.0,0.0,0.0,0.02253477219467972,0.0,0.0,0.002845403047089851,0.0,0.0,0.0,0.0,0.005148647383668369,0.00019136179693975694,0.0,0.0006288953295123982,1.1743599675928115e-5,0.0,0.0,0.0,0.012739530068302328,0.0,0.0,0.0003256728496392644,0.0,0.0,0.01410693712437615,0.0,0.0,0.0,0.0,0.0008439400079790305,0.0,0.0,0.003549138004955082,0.000882679658538207,0.0,0.0,0.0,0.0017015550024765684,0.0038647282147390356,0.9027756187390533,0.0,0.0,0.019857674054386088,0.0,0.0,0.0,0.007626586785513697
0.0,0.0004899293378696941,0.0003283926295380947,0.0,2.8009450210088443e-5,0.0033695146722253233,0.0,0.0,0.0,0.00022942966735821292,0.0,0.0,0.0,0.0394396664460932,0.0,0.0,0.0015189957543934394,0.0002832043582288017,0.0,0.0,0.01893620540883327,0.0031412629768019966,0.0,0.0,0.0031740127918585656,4.767240946428843e-5,0.0,0.0,0.0,0.013839131070291267,0.0013237670646318886,0.0057282250580247464,0.0007406035209992108,0.0,0.0,0.06507476900906367,0.0,0.008302195717358574,0.0001019555671291478,0.0,0.0,0.0005649370237364842,0.006348568980050375,0.02856000193396883,0.0011271176365391206,0.0,0.0,0.0,0.003202642259365347,0.00682419501270266,0.7707609651987863,0.0,0.0,0.0,0.0011592710261077877,0.0,0.0,0.0153553580183656
0.0004858380891706331,0.0006742375892684413,0.0009484907500068123,0.0,0.0,0.004971933813138806,0.0,0.0,0.0,0.0,0.0,0.0004961887624690133,0.0012592256330892443,0.1120555800971297,0.0,0.0,0.0019617962022145524,0.0014670036738687487,0.027811964745360178,0.0,0.030376095827382973,0.0063800095531367255,8.077600092577068e-5,0.0,0.010302180401296244,0.0010245923001864245,0.0,0.00022847867330694406,0.0,0.010320706014466231,0.0,0.007144852690793936,0.003531690730909969,0.0,0.12321774739755186,0.04681392911562413,0.053939633411440625,0.02037805372053088,0.0,0.00018488071397927968,0.0,0.0024046456116572786,0.011046088012232795,0.11343684010120922,0.0,0.007593912361163618,0.0,0.0,0.004838317594235824,0.00923246936688875,0.37022541923759117,0.0,0.0,0.0,0.003290175309267544,0.0,0.0,0.011876246498483773
2.6086756613547436e-5,0.00019235273884816173,0.0018606354675439357,2.9723965040419338e-6,0.0,0.0,0.0,0.0,0.0,0.0,0.0,0.0,0.00031622722336061677,0.0,0.0,0.0,0.00043734865844540606,0.0,0.0,0.0,0.009522813013476853,0.0037683952663642825,8.492246013551603e-5,0.0,0.0,0.0,0.0,0.0,0.0,0.0,0.0,0.0,4.488394003303835e-5,0.0,0.0,0.0,0.001586859348930466,0.0,0.0,0.0,0.0,0.0,0.0010252875350684467,0.0,0.0001265475791163982,0.0,0.0,0.0,0.0,0.0005694073959832935,0.9793214245705719,0.0,0.0,0.0,0.0,0.0,0.0,0.0011138356490061384
0.0,0.0008735511119409093,0.0002703058057578822,0.0,0.0,0.00558572790655143,0.000741498580365998,0.0,0.0,0.0,0.0,0.0,0.0,0.03644876502621394,0.0,0.0,0.0033099076131408627,0.0003786160116598993,0.0,0.0,0.04476529084789031,0.0,0.0,0.0,0.013689832730587754,0.0,0.0,0.0,0.0,0.02544883332042883,0.0,0.003748753673975628,0.0,0.0,0.0,0.05048941225030573,0.0,0.011654338237717058,0.0,0.0,0.0,0.0,0.02187606905346462,0.01289438825275646,0.0027270013249463547,0.0,0.0,0.0,0.005642316772631399,0.009975682558370046,0.7198861714767394,0.0,0.0,0.021109235300721917,0.0018339833697400742,0.0,0.0,0.006650318774103265
0.0,0.0023837280926854963,0.0,0.0,0.0010105027780589722,0.011353268618823843,0.0059158104147466,0.0,0.0,0.0,0.0,0.0,0.00543857917499268,0.0443687390721147,0.0002141394540652998,0.0,0.008049628159505277,0.0,0.0,0.0,0.03455942564366637,0.011075624435245318,0.0009971204747557696,0.0,0.02030077158848831,0.001143670899237868,0.0,0.0,0.0,0.04104803873912945,0.0,0.005987575085387049,0.0011187787636177727,0.0,0.0,0.13330662439287663,0.014795877813144639,0.049672905701517854,0.000740360497929204,0.00011305243824798086,0.0,0.002765802370779413,0.06167116177571323,0.04950959098983364,0.003988238065232484,0.0,0.0,0.0008187694224270254,0.012371319863656617,0.012930614642004996,0.4100256797639013,0.0,0.0,0.02868924453968608,0.005277905138243378,0.0,0.0,0.01835745119026949
0.0,0.0,0.0,0.0,0.0,0.009463254995755106,0.0,0.0,0.0,0.0,0.0,0.0,0.0,0.1446410435447169,0.0,0.0,0.0,2.3179520985073323e-5,0.0,0.0,0.005341173656338098,0.0034834822564702643,0.0,0.0,0.0005597078066476176,0.0,0.0014885959497064145,0.0,0.0,0.0,0.0,0.0014607822120957614,0.0029629721997301143,0.0,0.0,0.04869216364771746,0.0,0.0,0.0,0.0,0.0,0.0,0.0,0.004611102465263238,0.001735017128638736,0.0,0.0,0.0,0.0004961946749855589,0.0021124986896316677,0.7575475715854678,0.0,0.0,0.010679413497067435,0.0,0.0,0.0,0.004701846168782128
0.0,0.0010592459179853742,0.000737971594023834,0.0,0.0,0.0037331339866317494,0.0,0.0,0.0,0.0,0.0,0.0,0.0,0.0,0.0,0.0,0.0020492361565364408,0.0010478297834106182,0.0,0.0,0.04256516799301034,0.004313211801592365,0.00022316273418367897,0.0,0.008010613022858323,0.00030147276109704444,0.0,0.0,0.0,0.0483321571350491,0.002283291461488485,0.012722783528105209,0.0010288760116255698,0.0,0.016383711349210232,0.05091584517713052,0.014033998126576352,0.027991487018172747,0.00024063665596355227,0.0,0.0,0.0009511170303230436,0.02595964503424479,0.04143251559016205,0.002781978533449197,0.0,0.0,0.0,0.006266958904357982,0.008132674840039135,0.6575634254738386,0.0,0.0,0.0,0.002243644460345964,0.0,0.0,0.016694207918568897
0.0,0.0012548217681525335,0.0003976680387605063,0.0,0.0,0.012175398139208858,0.0,0.0,0.0,0.0,0.0,0.0,0.005327314390221695,0.05581490317967775,0.0,0.0,0.006668046412649739,0.0005298368786920348,0.0,0.0,0.025088304014757732,0.020914238589635915,0.002970072146340859,0.0,0.005577833065389632,0.0007810583587279727,0.0,0.0,0.0,0.05154698659657006,0.0,0.004272917060010911,0.0014949907186935598,0.0013017669647346017,0.0,0.05452939798539433,0.0,0.0,0.00014947322130613933,8.439271203896398e-5,0.012689177533438525,0.002309685537942112,0.014345338746705433,0.030967791133646755,0.0,0.0,0.0,0.0,0.007334065830811422,0.016821632070640375,0.5857200118094812,0.0,0.0,0.03360257556035785,0.001430104687185059,0.0,0.0,0.04390019684880873
0.0,0.000491926111575277,0.0,0.0,0.0,0.009560029606693037,0.000999824676800254,0.0,0.014383670273043393,0.00263345656927664,0.0,0.0,0.0,0.059777638737939315,0.0,0.0,0.0025928230724327865,0.0,0.0,0.0,0.019816734003318664,0.0027785833160155846,0.0,0.0,0.00195056796152469,0.0,0.0,0.0,0.0,0.007842792101639864,0.0010033947089870133,0.011341857689737868,0.007298998105407876,0.0,0.0,0.07218308496037376,0.0,0.0019444030798924314,0.0,0.0,0.0,0.0,0.0008011347374168547,0.009725494446302524,0.0,0.07844233556765781,0.0,0.0,0.0042448407734714715,0.008472228824883453,0.6574846475243187,0.0,0.0,0.006576056253606275,0.0011731933118775953,0.0,0.0,0.016480283585805815
0.0,0.003829610662835014,0.0,0.0,0.001397576716157802,0.0,0.0,0.01212448800872757,0.007539086005430729,0.0021628219156107475,0.0,0.0004403237900931163,0.004160435647023682,0.10337903273068075,0.0,0.0,0.005894214055904755,0.0013273992487416802,0.0,0.0,0.039388133373232555,0.009028568016744922,0.002548889244303309,0.0011897092005392716,0.004896532566321218,0.0021309847531007487,0.0,0.0,0.0011795668320861972,0.06958485950371782,0.0,0.005458521997477195,0.0012717694680500135,0.0,0.0,0.11434993914852659,0.0021500162177606422,0.02726623953464441,0.0,0.0,0.0,0.0027487783868787342,0.021896598970465277,0.029432456978052537,0.006847956871229853,0.0,0.0,0.0,0.011901141872062135,0.01310289128156457,0.4405749646720281,0.0037141211561317377,0.0,0.024983900988886386,0.0031896820681336195,0.0008561760851833973,0.0,0.01805261203166263
0.0,0.0018999684830364474,0.0,0.0003921489181543858,0.0006330895389519827,0.003972229905098872,0.002303712633899032,0.0025520063800227753,0.0,0.0,0.0,0.0,0.0025357775188448142,0.047109935881478396,0.00014011163168205654,0.0,0.005174882684517844,0.0,0.0,0.0,0.029247033520196773,0.015698590638557282,0.0006849216346668445,0.0,0.01354013825277003,0.0010551987336193825,0.0,0.0,0.0,0.022049299674434024,0.0,0.00738669373428962,0.0013584783758125796,0.0,0.0,0.055898290122453384,0.016052951363133967,0.03374417330421917,0.0,0.0002340021877704514,0.0,0.0017664317315672748,0.03814633172107955,0.06391136359231361,0.0016502288392048318,0.0,0.000899964728288004,0.0013103306148488673,0.01153331177320894,0.020625025258629963,0.5661169105673435,0.0,0.0,0.0,0.003180758469893998,0.002614374800634906,0.0,0.024581332785373243
0.0,0.001410992200066935,0.0,0.0,0.0,0.013261225270073371,0.002460928277313335,0.00656785850045096,0.0089116585974687,0.0,0.0,0.0,0.0,0.050765861543037076,0.00042477211590208526,0.0,0.00523828312793478,0.0005055108485548733,0.0,0.0,0.06610699805075625,0.0059974918945089545,0.0009926652764012608,0.0,0.015039466245020824,0.0,0.0,0.0,0.0,0.016407031646468312,0.0,0.009004946065879375,0.002447583516618175,0.0,0.0,0.21316373331398972,0.017144395584582386,0.10857550292301173,0.0,0.0,0.0,0.003588992558533027,0.01906282427444047,0.09140942450203776,0.0013793119962679178,0.0,0.0026979100139711467,0.0,0.00804918160859124,0.011301489167423066,0.29947900538321015,0.0,0.0,0.0,0.00846771169101243,0.0,0.0,0.010137243806486817
0.0006600837900255144,0.0009270493812598942,0.0,0.0,0.0,0.014296045407348676,0.0,0.0,0.020352636548238847,0.006077061646892722,0.0,0.0,0.0,0.03738453570487544,8.187192284698992e-5,0.0,0.001892341810940752,0.0,0.0,0.0,0.048626736505174455,0.0015737076226802244,0.0,0.0037019664592723017,0.00428487077196507,0.0,0.0,0.0,0.0,0.011734755722535538,0.0,0.00942797637226493,0.002766186578248549,0.0,0.0,0.1742844663790529,0.01007344818371082,0.008751536872687789,0.0,0.00023896693111683822,0.0,0.0033394946055775006,0.002020033790766971,0.04295216160341762,0.0034319975718423096,0.04939157355661983,0.0,0.0002786772234826139,0.009102506082215526,0.01677087964796442,0.48890345927661977,0.0020968642251174728,0.0,0.002852907651746532,0.0019543496380000926,0.00035889791122275475,0.0,0.01940995260423414
0.001407084051312579,0.0015364995725280282,0.0,0.0,0.0,0.008569031525860731,0.0,0.0,0.0,0.0,0.0,0.0,0.0,0.07890105437696403,0.0,0.0,0.002454694104758068,0.0004214487954098393,0.0,0.0,0.07763511065727208,0.003350928162359779,0.0,0.0,0.005868410244371548,0.0,0.0,0.0,0.0,0.011107385300844609,0.002898063356974708,0.014452526592685321,0.009684994647954541,0.0,0.08204152451859695,0.04314274710228991,0.0,0.010871603446533101,0.0,0.0,0.0,0.0,0.006215945484878633,0.04989222263022072,0.005653185200092464,0.016562787340105627,0.0015121431079996648,0.0,0.003730783377991,0.004425242174251359,0.5244218160075563,0.0,0.0,0.023143299489832108,0.0,0.0003099340219444437,0.0,0.009789534708398096
0.0,0.0021039189365732523,0.0005053356194957247,0.0010582130085545587,0.0029126900620093468,0.005031951315995042,0.01156029297601639,0.006579791518691954,0.0,0.0,0.0,0.0,0.0014254885431072032,0.016665382298197667,0.0,0.0,0.008449575037964133,0.003693603171223837,0.0,0.0,0.03831996662384214,0.013279662632328479,0.0005228494278230744,0.0,0.033824588905700864,0.0030226639430968242,0.0,0.00242201582538189,0.0,0.04223945548011583,0.0033294857703364124,0.008594475591428272,0.0006819611991807533,0.002110360744242307,0.014102925136374723,0.07684674352155522,0.03404453726696087,0.07259016998679253,0.0,0.0005233990678529084,0.0,0.004872789414829612,0.11154812028579644,0.12205190755439892,0.002230270778436264,0.0,0.0,0.00179415728638973,0.013001927547690115,0.01779486134848081,0.28022082838745566,0.0,0.0,0.0,0.009053667852705196,0.0028141249106584066,0.0,0.028175841022331134
0.0,0.0,0.0,0.0,0.0,0.0,0.0,0.0,0.0008159945551246365,6.0618471686307303e-5,0.0,4.511542293866363e-5,0.00044199148819923937,0.023740639317055567,0.0,0.0,0.0014743601992367487,0.0,0.0,0.0,0.018795611471366963,0.0034260026920830376,0.0,0.0,0.001259464589995894,0.0,0.0,0.0,0.0,0.006697514131205139,0.0,0.0047617275723920854,0.0009113702184722586,0.0,0.0,0.07628558934539154,0.0,0.002192013590297737,0.0,0.0,0.0,0.0,0.002033892662128644,0.01568777410170402,0.0005447162376688102,0.005678488794537235,0.0,0.0,0.0,0.009323921821139391,0.807992725828141,0.0,0.0,0.008867714328984309,0.0005156767511007829,0.00025096126778242586,0.0,0.008196115141367841
0.0019802236986110992,0.002121562405612917,0.0017528707862736052,0.0,0.0,0.002136520083021674,0.0019454640471673504,0.0,0.0,0.0014081696582965118,0.0,0.0005641889881302477,0.003675452295305543,0.023062705525829202,0.00016503260627833045,0.0,0.0034221459875200264,0.0,0.0,0.0,0.020267778587580176,0.031677461918023876,0.0,0.0,0.016293171155825764,0.0006599854918801743,0.0,0.0014896616292991152,0.0003643165796440237,0.024475522456081807,0.0015085474006311839,0.012538458881162484,0.0017724382000350962,0.0,0.0,0.04012248391532068,0.0,0.01369470604806788,0.0,0.0001545300913444596,0.0,0.0018430212654642663,0.01896394140147463,0.33698720282453637,0.00559675746733932,0.01024223809858691,0.0,0.0,0.004005362632027608,0.010086296794094002,0.33885558544865835,0.0,0.00480277873745808,0.0135589326342683,0.003006615417576071,0.00153529776440815,0.0,0.04326257107718757
0.0,0.0,0.0004963162882817339,0.0,0.0,0.0,0.0,0.0007274012605848515,0.0,0.0,0.0,0.0,0.0008389240630669403,0.06047540358325744,0.0,0.0,0.0024497170009767123,0.00031124123572821784,0.0,0.0,0.029056083894601268,0.007888352152363148,0.0005867654352106398,0.0,0.005771433092130298,8.364348053744614e-5,0.0,0.0,0.0,0.02209664030143413,0.0,0.005877610959991976,0.0,0.0,0.0,0.058408455911685246,0.0,0.01587630502112767,0.00012665448944827984,4.430972502360349e-6,0.0,0.0006076444532259835,0.010570214853620112,0.031258393960714496,0.001589273056483322,0.0,0.0,0.0,0.004624275249856793,0.008714258508862639,0.7087429900294151,0.0,0.0,0.009948197412752867,0.0014182947074868992,0.0003015417435584941,0.0,0.011149536881092848
0.0,0.0006281318078795094,0.0009736325758599002,0.0,0.0,0.006040289408410089,0.0,0.0,0.0,0.0,0.0,0.0,0.002321702444731418,0.09819820939023637,0.0,0.0,0.00295290039885586,0.00017385335255844865,0.0,0.00028898084441400106,0.009512005035015664,0.0065210511325937874,0.0,0.0,0.0012458046885330087,0.0,0.0,0.0,0.0,0.010550182142591805,0.0,0.007516997544160968,0.004728532874661918,0.0005500096435740139,0.0,0.01719884758820434,0.0,0.0,0.0,0.0,0.008116567727178685,0.0013482583857115141,0.002361597302739448,0.010677183873339522,0.0029111363854085553,0.013597775993994504,0.0013794668893260626,0.0,0.002290269145193782,0.0030037185872893992,0.75947843655939,0.0,0.0,0.01322427945691847,0.000566989582064253,0.0,0.0012155174958927827,0.0104276717432806
0.0,0.0003992988450907469,0.0005231588994705858,0.0,0.0,0.006825787693993815,0.0,0.0,0.0,0.0,0.0,0.0004319858979284965,0.0012532809267796197,0.0,0.0,0.0,0.0020988189871642094,0.00047308337965387226,0.0,0.0,0.012898158790019158,0.003517830728294054,0.0,0.00017282290068212732,0.00395650048330308,0.0,0.0,0.0,0.0,0.015249358071045103,0.0,0.0038911022234721683,0.002252739370845054,0.00014054746087933966,0.0,0.05767569422461029,0.0050963572878928096,0.007396903642009593,0.001609061532824293,3.898154162231749e-5,0.0,0.001423668139733073,0.003727973004744447,0.05095412549537016,0.0016139937078849332,0.018202487301300627,0.0,0.0,0.0038024453065267404,0.005338351357961535,0.7747485566228917,0.0,0.0,0.0,0.0008235028176987528,0.0008208989133943907,0.0,0.012642524444933596
0.00030174074222857623,0.0,0.0,0.0,0.0,0.0041139387046454645,0.0,0.0021478067502875937,0.0,0.0,0.0,0.00034695160176425265,0.0,0.06200248771029636,0.00019237180080958248,0.0,0.0025776629226519888,0.0006557238482541785,0.0,0.0,0.044164669295965575,0.0033078881972897468,0.0,0.0,0.0066447888041761966,0.00027698481994408743,0.0,0.0,0.0,0.03296797267487348,0.0031657007575991818,0.009830183210423246,0.0015350593198256868,0.0,0.0,0.06383551487423704,0.005644127263024862,0.02242155429376681,0.0003094659828920364,0.0,0.0,0.001400674019912535,0.014938366421969367,0.04784782030288631,0.0033787958016339888,0.0,0.0,0.0003269151364282565,0.005404690218746473,0.005089304509007462,0.6374783448547487,0.0,0.0,0.0,0.003314470371666695,0.000802964793394566,0.0,0.013575059994674493
0.0,0.0,0.0,0.0,0.0,0.0058509503587539724,0.0,0.0,0.0,0.0006315587855579617,0.0,0.0,0.0,0.10494222128957897,0.0,0.0,0.002027377246905876,0.0,0.0,0.0,0.01250802441405545,0.0,0.0,0.0,0.0033241987579118604,0.0,0.0,0.0,0.0,0.011087176104058707,0.0,0.0,0.0019171201029053496,0.0,0.0,0.1282288147240027,0.006974500606232357,0.012036909001142284,9.727849865322156e-5,0.0,0.0,0.0,0.004255394935794616,0.01993688701901389,0.0013904110884675963,0.0,0.0,0.0,0.0018187885959816755,0.010593225576191564,0.6537986480141604,0.0,0.0,0.0,0.0010148138799224216,0.0006660421756500721,0.0,0.016899658825062197
4.8696402843670784e-5,0.00040756507546886925,0.0005336180188203875,0.0,0.0,0.0,0.0,0.0,0.0,0.0,0.0,4.3181813743012066e-5,0.000867508755632994,0.0,0.0,0.0,0.0,0.0,0.0,0.0,0.07496392906339372,0.0024965923017580952,0.0,0.0,0.014857196142441369,0.0,0.0,0.0,0.0,0.013327332523326534,0.0,0.004308294957794112,0.0,0.0,0.0,0.0,0.01276792824612584,0.023611823165853876,0.0,0.0,0.0,0.00028415779126979876,0.021396877586133192,0.03203490699596512,0.0,0.0,0.0,0.0,0.0,0.022559430039374176,0.7646323858760649,0.0002554597430866961,0.0,0.0,0.0,0.0003958886229284518,0.0,0.01020722687797242
0.0,0.00023037430838083767,0.00035978586499728105,0.0,0.0,0.0,0.0,0.0,0.0,0.0,0.0,0.0,0.000286524882856413,0.03321287864774669,0.0,0.0,0.0011853861818554479,0.0,0.0,0.0,0.008832144120013204,0.003955069457173001,0.0,0.0,0.000869270326071858,0.0,0.0,0.0,0.0,0.0,0.0,0.0014292453182926526,0.0005129316771272227,0.0,0.0,0.034941692430099425,0.0047299650701482995,0.0,0.0,2.2342306290109002e-6,0.0,0.0,0.002797446196133663,0.021533446675637214,0.00040397398835236996,0.0,0.0,0.0,0.0009773156315627586,0.0,0.8761025359253332,0.0,0.0,0.0,0.00034336490827297433,0.0,0.0,0.007294414159319182
0.0,0.0,0.0,0.0,0.0,0.0,0.0,0.0,0.0,0.0,0.0,0.0,0.0,0.0,0.0,0.0,0.0,0.0,0.0,0.0,0.014318306154628473,0.0,0.0,0.0,0.0,0.0,0.0,0.0,0.0,0.052183742755264065,0.0,0.0,0.0,0.0,0.003617863954489492,0.029598495871379908,0.0,0.0,0.0,0.0,0.00048053261517668166,0.0,0.002045799381844418,0.04484810176422644,0.0,0.0,6.092425095521505e-5,0.0,0.0,0.015254296506820553,0.8375919367452153,0.0,0.0,0.0,0.0,0.0,0.0,0.0
0.0,0.0019290414418942714,0.00040183239463264224,0.00022702637784751528,0.0,0.004739113187241601,0.011045434053602518,0.0,0.0,0.0,0.0,0.0006532841579428893,0.0,0.003434855711056832,0.0008444280161310433,0.0,0.014962193187895902,0.0,0.0,0.0,0.09899195710351041,0.003102707605422155,0.00016366716536866623,0.001398220321833651,0.03398001619154226,0.00270289177324071,0.0053896301800161195,0.005778563575480476,0.0,0.01847971179505332,0.0,0.0,0.0,0.0,0.0,0.06345312214480103,0.0,0.10957733359540939,0.0,0.00035581716807969765,0.0,0.0029352158593573207,0.31597451600269166,0.043526334864734305,0.0014337464462951832,0.0,0.0,0.0,0.009319039451504715,0.009841700706948477,0.1980358037511069,0.0,0.0,0.009689862642411307,0.013656751451267695,0.0016587503345150195,0.0,0.012317431341150466
0.0,0.0015106869804559953,0.001104984087231393,0.0,0.0,0.0,0.0,0.002863404150374835,0.0,0.0005890081333821084,0.0,0.0004793386984553908,0.001382008494224319,0.06996959142870819,0.0,0.0,0.003831137758424497,0.000987269632349093,0.0,0.0021684406487888965,0.029390299088624224,0.010164145669801599,0.000737655733078802,0.0010379843184584203,0.006990055532741042,0.0,0.0,0.0008161720568773644,0.0,0.03425587296285469,0.0,0.009259251032028067,0.0021046161777187444,0.00022919050021180394,0.003184631920888365,0.10033262591653,0.0,0.0239161427013782,0.0012704018370663169,0.00023749913756581167,0.0,0.0017438049480776965,0.014505950794504181,0.05042854743288036,0.0024104069343413538,0.0,0.0010918993766613689,0.0012099865122834836,0.005611551680974009,0.011135013920825103,0.5732660757609531,0.0,0.0,0.006299548116620259,0.0036164581784737153,0.0,0.0,0.019868341745207397
0.0,0.0019200027099121374,0.0,0.0,0.0,0.008658026900026622,0.0014199694947476173,0.0,0.006677016596907762,0.0,0.0,0.0,0.0020366913446969036,0.09037552586098466,0.0,0.0,0.0,0.000433046024892841,0.0,0.0,0.04801895615382693,0.005171694308511375,0.0,0.0,0.009459709578555913,0.0,0.0,0.0,0.0,0.03756211273230554,0.0025016651365796657,0.010090462077132923,0.0037149058814929655,0.0,0.013427666932869457,0.06694606331912906,0.006188673526304826,0.04457548272630452,0.0,4.1874567429113556e-5,0.0,0.0015725722229425337,0.016317489593208515,0.06675488238417715,0.0,0.0,0.002174003529458459,0.0,0.00946868373221286,0.008737207104677928,0.5135246921255157,0.0,0.0,0.008336099008360949,0.004080051186499704,0.0,0.0,0.009814773240341787
0.0012288008151575473,0.0,0.0,0.0,0.0,0.009155455481004209,0.0020330995588169237,0.0,0.0,0.0,0.0,0.0,0.0,0.09434308568928164,0.0,0.0,0.0019199551483780103,0.0005463929948582426,0.0,0.0,0.07540519364725659,0.006564969193146215,0.0,0.0,0.02124025576352483,0.0,0.0,0.0,0.0,0.02837266096943242,0.009332122363450103,0.012485150280120882,0.004079738604510039,0.0,0.026381790640404565,0.06953197636593483,0.0,0.045985804204235994,0.0,0.0,0.0,0.005127932829007617,0.02805269996044985,0.07219962432322012,0.0,0.006085743636305535,0.002283352441107756,0.0,0.007909679011697184,0.008736790281347304,0.4239809512496652,0.0,0.0,0.013112987860721195,0.005054646613493063,0.0,0.0,0.01884914007347574
0.0,0.0007033739386814115,0.0,0.0,0.0,0.00704324408364667,0.000319118828585298,0.0,0.0,0.0,0.0,2.9741419211884267e-5,0.0,0.067532900310501,0.0,0.0,0.0020111494236084854,0.0,0.0,0.0,0.007499008042097238,0.00665654953771124,0.0005004380281601135,0.0,0.002366541299519504,0.0,0.0,0.0,0.0,0.010389946997591054,0.0,0.003432535377109549,0.0010509907338347134,0.0,0.0,0.05830246498910506,0.002967286344565729,0.00765313206131999,0.00010699391359623829,0.0,0.0,0.000372140523626915,0.0032673459790340314,0.014846886408484925,0.002926402085924808,0.0,0.0,0.0,0.001379773851633668,0.005345741182157514,0.7684227265058088,0.0,0.0,0.01611993577912294,0.0009744584352735158,0.0,0.0,0.007779173920086048
0.0,0.00018653138062512027,0.0004541006081472197,0.0,0.0,0.001722459374127314,0.0,0.0,0.0,4.5370668939717754e-5,1.4527920966582766e-5,8.081950593843142e-5,0.0,0.0,0.0,0.0,0.0009293488317957831,0.0,0.0,0.0,0.013847654233033389,0.0014806960328495452,0.0,0.0,0.0011721366479115784,0.0,0.0,0.0,0.0,0.0,0.0,0.0,0.0,0.0,0.0,0.04499306233442769,0.020566136534351333,0.0,0.0,0.0,0.0,0.0,0.0,0.01096135339148804,0.00019304379829159513,0.002666675563005512,0.0,0.0,0.0014204592673966727,0.0026635699860725797,0.8900496507164037,0.0,0.0,0.0,0.00031324722855218716,0.00017069988495149776,0.0,0.006068456090725855
0.0005468474781759004,0.0,0.0,0.0,0.0,0.014703257350268,0.0,0.0,0.0,0.0,0.0,0.000682889595182204,0.0,0.024122994699060343,0.0,0.0,0.005465286465537042,0.0004896132140434126,0.0,0.0,0.030842580137791814,0.0049978267009870465,0.0,0.0,0.009513413752208096,0.0,0.0,0.0,0.0,0.022111943614933183,0.0,0.01812549691899295,0.005068682657872705,0.0,0.019614076012104072,0.09673794875009016,0.0,0.013319476512801114,0.0,0.00032607926450694516,0.0,0.004729617405288123,0.033161712847567304,0.07617406592589708,0.00819035299144021,0.009522642797840554,0.0,0.0,0.005931844948884927,0.016299100600884422,0.5330736683156062,0.0,0.0,0.025196078113425776,0.0018711993447016123,0.0,0.006598147955276109,0.012583155628616659
0.0,0.0008103748593376353,0.0,0.0,0.0,0.005017251535906536,0.0,0.0007916126573678272,0.0,0.0,0.0,0.0002783900820387818,0.0,0.04267372433032967,0.0,0.0,0.0035901128691535437,0.0005945099867933265,0.0,0.0,0.013523854505042752,0.004695448904265819,0.0,0.00032947133552356067,0.01007475580446416,0.0,0.0,0.0,0.0003188693088328312,0.025112319739516158,0.0021285179779775175,0.005469590901403932,0.0017889378966695648,0.0002545353294452408,0.0,0.02211956823238296,0.0,0.0036979074867364366,0.0,0.00011310027688860434,0.0,0.0011725904622373793,0.01104931458724974,0.04031701936939862,0.0025487304404628285,0.00891018471560186,0.00033019936871699643,0.00010850733175331689,0.005741273830908469,0.003219370052348531,0.7698299588878074,0.0,0.0,0.0,0.0011347248956321803,0.0003548536748043578,0.0,0.011900418362992346
0.0,0.000175568273355249,0.0006568689397260142,0.0,0.0,0.00996775685573458,0.0,0.0,0.0,0.0,0.0,0.000388024892302315,0.0,0.023925855299985747,0.0,0.0,0.0,0.00046405832970550643,0.0,0.0,0.007747687526080526,0.004063677136791433,0.000702077004563901,0.0,0.005444570105662868,0.0002781919714328028,0.0,0.0,0.0,0.006792106013895302,0.0036074545622461892,0.004279318338077537,0.004913911424877346,0.0,0.0,0.0737362640758045,0.004123683333706637,0.0021372437878122265,0.0,0.0,0.0,0.0,0.0073893495525948275,0.02709886877723199,0.0012339818828534532,0.024555836049564392,0.0,0.0,0.007370925567791275,0.010723410191327356,0.7193365945740468,0.0,0.0,0.0,0.0008742064774295762,0.0011475301635669706,0.037058951063181994,0.009806027828649217
0.0,0.00029957901794514484,0.0,0.0,0.0,0.0,0.0010983658398848188,0.0,0.0,0.017148596917265193,0.0,0.0,0.0014352820591882996,0.07829321024096497,0.0,0.0,0.001474809086332214,0.00018717757277171289,0.0,0.0,0.00870571480903637,0.0036906412960441915,0.0,0.0,0.0011762662340246569,0.0,0.0005111716275518125,0.0,0.0,0.008938650623071817,0.0,0.035800106753940505,0.0064531626737077425,0.00019715316862036793,0.0,0.06706408467763472,0.0,0.002138805552348036,0.0,0.0,0.0,0.0019467971201575828,0.0005469111801471668,0.028054313043685622,0.0013910489924009318,0.10988959593122481,0.00039225618980737994,0.0008515138339633493,0.011962253917294408,0.0021767615099405366,0.5323178669601474,0.013489369604622067,0.0,0.0,0.0014137681742387945,0.0,0.0,0.06095476539205068
0.0,0.0,0.00042968140913503825,0.0,0.0,0.009526148425259244,0.0,0.0,0.0,0.001013690232802574,0.0,0.0,0.0,0.10346049755951967,0.0,0.0,0.0016939282527246497,0.00036683590455185067,0.0,0.0,0.01487392314490042,0.0026969544407972825,0.0,0.0,0.0019238671481195471,0.0,0.0012499869619593432,0.0,0.0,0.005435225432705245,0.0012520414525217533,0.011233035838054083,0.006704952548172028,0.0,0.040539391784176704,0.023791509686444792,0.0,0.002883900390219943,0.0,0.0,0.0,0.0036466478162903203,0.002705376387366499,0.01023031892545908,0.005825023082615686,0.052295653591123,0.0,0.0002380973512356578,0.004103855453095298,0.004092650621092035,0.6656618854710086,0.0,0.0,0.008217822085633548,0.000877570011597988,0.00037096443022646306,0.0,0.012658564161195571
0.0,0.0,0.0,0.0,0.0,0.0051082186377972095,0.0,0.0,0.0,0.0,0.0,0.00023643481638472652,0.0,0.09527546019925306,0.0,0.0,0.0024107413642793047,0.0,0.0,0.0,0.01028024338422025,0.005855161365373893,0.0,0.0,0.00613494690041407,0.0,0.0,0.00034734901494946793,0.0,0.009704037042193959,0.0016504022208767605,0.0029332434467941185,0.0022618184340067547,0.00023912109203477413,0.0,0.048928734145371466,0.014292074503961267,0.027185549065329925,0.0002779385563939905,0.0,0.0,0.001268324725702609,0.013747698872105083,0.039888147920918854,0.002734294216342112,0.0,0.0005302769387200532,0.0,0.0014975340993150373,0.007267413441541486,0.6795572035721847,0.0,0.0,0.00863339137354177,0.0,0.0016218783207442335,0.0,0.010132362329245546
0.0,0.0007687304789154515,0.0007237218254628121,8.544663277561818e-5,0.0,0.0,0.0,0.0,0.0,0.0,0.0,0.0,0.0,0.04231702786572336,0.0,0.0,0.006995417057985714,0.0008813727642845702,0.0,0.0,0.02854648562152921,0.009679844723354949,0.0010913656889323564,0.001523023694747736,0.010875300723760938,0.0,0.0,0.0,0.0,0.015138913447921521,0.0,0.0055198903209411395,0.0,0.0,0.0,0.04581109542575578,0.008118508913117776,0.014130871714727638,0.0,7.560042431038283e-5,0.0,0.0017373034146015388,0.021406367791158586,0.01728368055717494,0.0026815165495369074,0.007714771986424677,0.0,0.0,0.011107977274093263,0.021639082611625223,0.6651883899964609,0.0,0.0,0.038697158756240274,0.0017403491728571864,0.0011965678208292084,0.0,0.01732421674474324
0.0,0.0006221088208146348,0.00022712386052040274,0.0,0.0,0.0062963652673645055,0.0002967407414090514,0.00032478554696214904,0.0,0.0,0.0,0.0,0.0006665019853151365,0.12821786037036986,0.0,0.0,0.002319381785584573,0.0,0.0,0.0,0.004803268009856138,0.006731376411572518,0.0012531823602981574,0.0,0.0016505541035162787,0.0,0.0,7.809273870681678e-5,0.0,0.004780997756165531,0.0,0.0026691588763139065,0.0018045887161392206,0.0,0.0,0.0436821432846179,0.0,0.0,0.0,5.790062545724341e-6,0.0,0.00026835162633365026,0.0034215478330631576,0.011232134064759591,0.002039150452050169,0.0,0.000320881652336722,0.00018246344310532276,0.0017164224140651244,0.005932504384164188,0.7490274767044214,0.0,0.0,0.010357471580470916,0.0008332239305560507,0.0,0.0,0.008238351216600237
0.0,0.0015987828129038367,0.0009889498817734377,0.0001747482483622977,0.0004470698147463672,0.00676314003936483,0.0018578057329720686,0.0027311352028719735,0.0,0.0,0.0,0.0,0.0028850523508824615,0.06678222037142155,0.0,0.0,0.006281829958305889,0.0015095686552468025,0.0,0.0,0.03468937259126682,0.013263950936773057,0.0,0.0,0.010235616525197087,0.000702457283570389,0.0,0.0,0.0,0.033620985760049356,0.0,0.007259507152705248,0.0016286959404992285,0.0002559627221777766,0.0048717891148664025,0.052395769901234096,0.007500353659742614,0.02543937456896952,0.0,0.0,0.0,0.002099365826573513,0.02238284651920837,0.043428529477136796,0.0029639668590697712,0.0,0.0,0.0,0.013612968462442377,0.014963046737871556,0.576965865861697,0.0,0.0,0.020006544793790895,0.00189653515045173,0.0015401988133486573,0.0,0.016255992272508634
0.0,0.0028025962859615696,0.0006344264527387968,0.00027610219606017566,0.0006403891956012217,0.012019082755500787,0.0029619509099509177,0.006055900433057856,0.0,0.0007478272835473693,0.0,0.0,0.0022642991823006576,0.09810698567917306,0.0007301729026156518,0.0,0.003985279574240179,0.0,0.0,0.0,0.015094544295134635,0.012787462226363394,0.002288396648815756,0.0,0.008389785070444484,0.0,0.0,0.000812531558217191,0.0,0.020276187897734534,0.0026110676538982896,0.009647281053316524,0.0031184338316548534,0.0,0.00885056197797928,0.11643498153215653,0.018768571885170077,0.025953231830310113,0.0010699368483432998,0.0,0.0,0.002664065031417035,0.013982404867069413,0.09973303406086484,0.0026866733851504407,0.0,0.0024932717595736956,0.002426847638049232,0.007782001951928656,0.007496461253815977,0.4585910477641334,0.0,0.0,0.0,0.004142476927461773,0.0015239582544348137,0.0,0.019149769945794953
0.0,0.0,0.0,0.0,0.00010075060706200194,0.003413738102163156,0.0,0.0,0.0,0.00032871547823427004,0.0,0.0,0.0,0.04129211895486188,0.0,0.0,0.0011501608106732203,0.0,0.0,0.0,0.0057503589229910765,0.0030540593340803706,0.0,0.0,0.0007019669320466733,0.0,0.0005611291487593866,0.0,0.0,0.0080102597185731,0.0,0.003234212160873638,0.0028340994749797422,0.0,0.023893161816685257,0.040786223393422506,0.016680893798980613,0.0,0.0,0.0,0.0,0.0,0.0007206814503222579,0.013166355642340453,0.0006814792573796421,0.01045101369328218,0.0,0.0,0.003048976367099409,0.004652615227167135,0.7999624531007477,0.0003108478913470008,0.0,0.0,0.0,0.00026633023328729823,0.0,0.014947398482639908
0.005717573653885529,0.0019382601267978197,0.0014461944404945688,0.0,0.0011987905712398227,0.01712413478137307,0.0,0.0,0.0,0.0,0.0,0.0,0.01349976828557366,0.1008204886993575,0.0,0.0,0.003962862038043077,0.0014195313103410362,0.0,0.0,0.04039667135702956,0.00870405392344789,0.0007604349441985684,0.0,0.014290293847811105,0.0,0.0,0.0,0.0,0.015529151797521719,0.0024672235084725646,0.0025302586300443596,0.003283293552427977,0.0,0.0,0.1378968510136819,0.018352192019273794,0.0669475538050012,0.0,0.00027700426337955956,0.0,0.0034890753013767963,0.030376883138050988,0.10584960091366782,0.004057075679679755,0.0,0.0043131009995566166,0.0,0.004365120453946355,0.015961030103060905,0.3337573123646687,0.0,0.0,0.021501536080363946,0.005676107950318154,0.002978645081078477,0.0,0.009111925364825033
0.0023919457086485395,0.0063795541808405664,0.0,0.0,0.010599505445443486,0.008049582021025271,0.03446600710928888,0.0,0.0007576212049644339,0.005604592968792814,0.0,0.0004695180396582238,0.0008559727218716343,0.014678277829132292,0.0,0.0,0.004636669703621277,0.0018856461201938782,0.010599337073986382,0.0013526646016239973,0.023088618031636202,0.001687405937615757,0.0,0.004926774580924874,0.0053113335272848205,0.01982253969380169,0.0,0.0,0.013135829516541665,0.026704793311048802,0.002732693095773811,0.00590066382257215,0.004494232468788103,0.0,0.323759466938215,0.02483175516272404,0.0027656859894899873,0.015200965601392134,0.0,0.0,0.0,0.007147899544587495,0.0031992785366307614,0.08385394740546542,0.004291628820002677,0.0049151133771097155,0.0004702583565699108,0.008353246295694883,0.007559852334066301,0.004007904964166477,0.10308035926207008,0.13203388295273133,0.019402453077978943,0.0035686011506824247,0.014155051775128855,0.00046939091076525003,0.0,0.026401478829504627
0.00043044441726309163,0.00061727430726739,0.002234449969755186,0.0,0.000108359596162116,0.0,0.0,0.0,0.0,0.0,0.0,0.0,0.001729250471709162,0.030613703755079817,0.0,0.0,0.002073279614951974,0.0,0.0,0.0,0.029034660385225994,0.006369136978079464,0.0,0.0,0.006394370631557061,0.00034308946134311755,0.0,0.0,0.0,0.026795548845497664,0.0,0.01257094600961519,0.0005884516652232912,0.000529990193987101,0.0,0.0,0.020269532336609723,0.014387187042704183,0.0,0.0,0.0,0.0006819740816307867,0.0157640434823079,0.12319929401450062,0.0013109624197999985,0.004595838479787025,0.0,0.0,0.0,0.00988976643602215,0.6694896822317866,0.0,0.0,0.0,0.0018461717315261465,0.0,0.0,0.01813259144060743
0.0,0.0032853351506933696,0.0,0.0,0.0,0.01041565147062148,0.0,0.00514798580556287,0.0,0.0,0.0,0.0004211862300403365,0.0032616099021899906,0.06349935423401802,0.0010141768297107672,0.0,0.009428609022934967,0.0013227446759181195,0.0,0.0008458994096926595,0.0963052411575836,0.011925675389737999,0.0,0.0034958459830603432,0.028933017028197134,0.0042291141182349045,0.004168687185342911,0.0,0.0,0.0430552495556164,0.0,0.005851064805920943,0.0,0.0,0.016875961715559072,0.08545624388141881,0.0,0.07323577864789088,0.0,0.0,0.0,0.0,0.03559391816474958,0.034234850206044644,0.00689565616808896,0.0,0.002571369223556357,0.0,0.02128285821077204,0.012509964574225357,0.3733520648832364,0.0,0.0,0.022567049709679644,0.009627306715136716,0.0,0.0,0.009190529944589283
0.0008179255857937534,0.0011795157044961824,0.0004116306618272338,0.0,0.0,0.007656359131666455,0.0023168412740133936,0.0,0.0,0.0005858559912983437,0.0,0.00027120170775778336,0.0,0.031040256161301936,0.0,0.0,0.0029362908460209714,0.001296322100728119,0.0,0.0,0.038962302688263756,0.00778732807213395,0.0008918258053743179,0.0,0.009679388565166619,0.000478202747318509,0.0,0.0,0.0,0.02689707055713764,0.007613532415300949,0.00843847522883812,0.00141753007325492,0.00010837479624688622,0.0,0.08217773530736285,0.008277187555876414,0.02195162320706785,0.0002466948104625506,0.0,0.0,0.002052965461760831,0.025657569354539764,0.11200325468254305,0.003141101363678037,0.0,0.0,0.00036718178109722277,0.004516134989932104,0.006199521452663,0.5430253670066449,0.0,0.0,0.009183804624710013,0.0035906976621868283,0.000936944866720788,0.0,0.02588598575879287
0.00024917785351990845,0.0009269820500737936,0.00029891032224695064,0.0,0.0,0.0,0.0,0.0,0.0,0.0,0.0,9.74345805391354e-5,0.0010271847937569308,0.0643493231406029,0.0,0.0,0.0028160292594344716,0.000276556998007668,0.0,0.0,0.02569754022873772,0.008764290577437916,0.0005823030161110956,0.0,0.004943938848882589,0.00014876380371853026,0.0,0.0,6.299901875422983e-5,0.014070519858300013,0.0,0.0,0.0012151830557019416,0.0,0.0018070494093286808,0.04117715290205096,0.0,0.0,0.0002182679544414191,0.0,0.0,0.0005994721378033286,0.012115846475097699,0.041678729210483,0.0020651324054010026,0.0,0.0,0.0,0.0026745847136008163,0.005691791070965433,0.73239720616715,0.0,0.0,0.02294788117640386,0.0010939411190594537,0.0,0.0,0.010005807852385848
0.007211168062775174,0.004447936806371629,0.0,0.0001344716797278802,0.005266456189327515,0.004053670636874486,0.007086438778253673,0.002691610970227833,0.0,0.01453728358037502,0.01255775367702111,0.002143437350031622,0.0013466892962697577,0.01055346139715845,0.0017378703920446995,0.0,0.015097850108828761,0.003517518945909168,0.0,0.0022793052922959137,0.1478167300562735,0.012381689429510708,0.0,0.0,0.022615022333247865,0.00908949379154683,0.0,0.0037573418571200845,0.0,0.016992543957558885,0.006337196050453317,0.0029255733367362776,0.0,0.002575565594502562,0.03121081304298158,0.021125131671084724,0.031078018075438935,0.028486271679957452,0.0,0.0005683537995380811,0.0,0.003985605615603637,0.025602168983429402,0.20186369164537543,0.004092648855602542,0.0,0.00033777627936555106,0.0,0.014450833925497864,0.006094117101307905,0.24844614164232026,0.010311548410034161,0.0,0.010175998118867524,0.00905945160628026,0.002291289741967023,0.0,0.03166606023492698
0.0,0.0,0.0003532169457241789,0.0,0.0,0.0,0.0,0.0,0.0,6.71364001193976e-5,0.0,0.00021934716498198809,0.0,0.0181290788731367,0.0,0.0,0.003358292309969512,0.0,0.0,0.0,0.009279244749765162,0.005581218640318783,0.0008236036729020279,0.0,0.004847285457660951,0.00022878714013678736,0.0,0.0,0.0,0.0,0.0,0.011939738581078402,0.0020195748077840078,0.0,0.0,0.030433705567851327,0.0,0.008609540727166963,0.0,0.0,0.003544870251624276,0.0009448479405616187,0.0046981413569649275,0.024424059780341976,0.002084866212899257,0.00990999899151702,0.0,0.0,0.0059778688869045644,0.005843458385010936,0.810636960986526,0.0,0.0,0.01523944095461921,0.000971205669595247,0.0002179521697805229,0.0,0.01961655737505724
4.581451881809548e-5,4.065624602539235e-6,7.392507160023279e-7,0.0,0.0,0.0,0.0,0.0,0.0,0.6745752696906773,0.0,3.304896746310152e-5,0.0,0.0,0.0,0.0,0.00020705932833795003,0.0,0.0,0.0,4.999470683626009e-5,0.0004908683371706653,0.0002827768492347058,0.00293576802134722,0.0,0.07097604812587915,0.0,0.0,0.0,0.0,0.0,0.0,0.0007840262973735348,0.0,0.0,0.0,0.0,0.0,0.00038254211108101807,0.0,0.0,0.0,0.0,0.0,0.0001199710663406119,0.0,0.0,0.0,0.0,0.0013327697265262894,0.009617639800334449,0.0,0.0,1.0495191844310596e-5,2.27870986720583e-6,0.0,0.22725353165335133,0.010895292022198657
0.0019158366813824454,0.004052505299952607,0.0011370386619190304,0.00046028486170941827,0.007084051580805587,0.0047548204289287665,0.012344906530126185,0.0,0.0,0.0014233218079289982,0.0,0.0005324338253812763,0.0,0.028816004807471315,0.0,0.0,0.00688481023730504,0.0025313338051027407,0.0,0.0,0.08797254927355082,0.022126853084335856,0.0,0.002323412982945412,0.03544796666805022,0.006198552439274187,0.0,0.0,0.0,0.09431532254815125,0.0,0.008908870815038238,0.0013247872090985287,0.0010482421772339563,0.01601880337978413,0.02858359183275291,0.0,0.03750485890051661,0.0027284310540768896,0.0006052438314983061,0.0,0.0,0.04784511510813349,0.12558701186915452,0.0036738866285796726,0.0,0.0004101318636647972,0.0018810746953592055,0.011538809605574674,0.008164730188700297,0.33021468361001605,0.0,0.0,0.015371797872418703,0.004721924818946132,0.0014584100929984712,0.0,0.0320875889221285
0.0,0.002956272547823225,0.0,0.0005211056959313226,0.0,0.016965894191044325,0.006280286646521988,0.017411115424238365,0.0,0.0,0.0,0.0011561128217372674,0.000986362683195964,0.035766995206199,0.000529802253002076,0.0,0.006126796361512728,0.0022882022979275472,0.0,0.0,0.02340846837859622,0.01291806109558949,0.0020744881159096866,0.00219702342282229,0.016810543177586033,0.0,0.0033481791765322434,0.0,0.0,0.023576364622392883,0.0,0.005964335496810321,0.00234120287184304,0.0023140665121188344,0.0,0.05036255681716977,0.017150742699290282,0.0629734191726617,0.0013760094190369595,0.000283255993194854,0.0,0.0042959404844052015,0.020341895881395705,0.09774358106033879,0.0018014902895755998,0.0,0.0015927754529115748,0.0020421830090983084,0.020427862261653457,0.010515566111607625,0.48013332924532787,0.00672155371521543,0.0,0.001307256035469373,0.00639918930157968,0.0013934675779699323,0.0,0.027196246472794113
2.3160174972804734e-5,0.0005337313887776473,0.00033736246060369295,1.9626030959978415e-5,0.0,0.0,0.0,0.0,0.0,0.0,0.0,4.638363731008737e-5,0.0,0.05618013657341584,0.0,0.0,0.0012312037250679976,0.0,0.0,0.0,0.0,0.003713790148596935,0.0,0.0,0.0008497660329097303,6.53248137071366e-5,0.0014423927341591426,0.0,0.0,0.0,0.0,0.0019447689809639537,0.00119660276036645,0.0,0.0013002546084801233,0.01586545779325209,0.002148852374074633,0.0,5.6330848797640705e-5,2.7233207017996697e-6,0.0,0.0,0.0018734889540862518,0.01083105139452809,0.0005220547020649307,0.0,8.306048431408551e-5,0.0,0.0007389702434171723,0.0015652560013966932,0.8918097413184052,0.0,0.0,0.0,0.00048568780254119707,9.377539719162149e-5,0.0,0.005039045294937315
0.00532221869414931,0.004963668354928818,0.0009916422017929164,0.0,0.0012855230474488662,0.009966213796968444,0.023917747319084,0.0026716205177772095,0.00782886067515871,0.0010393123565332137,0.0,0.00172876083154913,0.002953085682094268,0.06557520731300961,0.000548241915834926,0.0,0.0034846917229716494,0.004184678534057775,0.0306144783090743,0.0,0.06296349007410963,0.010847040195220911,0.0005353107063145236,0.0,0.01896392823397126,0.0,0.0,0.005071447667023484,0.0,0.032719493386448105,0.004988671187400036,0.018048239810314438,0.004647601157786666,0.0,0.0368272447857398,0.054957152082142774,0.003565580295928601,0.07965945179631934,0.0015099641939992138,0.003457323269294838,0.0,0.010350234589560626,0.04578868026211684,0.08780515183710347,0.009019554033388114,0.006057323031216938,0.0016484971575807267,0.0,0.00960293301893273,0.003081414068203529,0.27333993177762794,0.0,0.0,0.0038360011379254266,0.004549405111258715,0.005668910268856608,0.0,0.033414073591846095
0.0002660430682316282,0.0,0.000620072643358123,0.0,0.00032621797004510073,0.012603956733892195,0.0,0.0,0.0064968424575768055,0.0,0.0,0.0,0.0016608199302763802,0.17156140174920942,0.0001657457181688483,0.0,0.0027823452919024418,0.0,0.0,0.0,0.015370338429070431,0.008881457877567852,0.0006751990399186167,0.0,0.003278052412765265,0.0,0.0,0.0,0.0,0.009617687865664986,0.0,0.0031195138646617424,0.005953134189571489,0.0,0.0,0.07558167131322321,0.0,0.023164719936448336,0.001037869330937591,2.0628844259070077e-5,0.0,0.0008787630495328271,0.002701481801334979,0.049045672868319706,0.0034678299952130356,0.0,0.001162525252182163,0.0,0.00335221784271323,0.0049391683530231965,0.5670177428289734,0.0014917248320406563,0.0,0.0038492283815894242,0.0033012130335538506,0.0,0.0,0.015608713094765324
0.0010135187985599679,0.0,0.0,0.0,0.00018617431553621865,0.006694871910146471,0.0,0.0015081118423775947,0.0,0.0,0.0,0.000453480569988071,0.0,0.056508510096063155,0.0,0.0,0.0,0.0015200670103252276,0.009211797286363576,0.0,0.056911147997302514,0.002390257275644833,0.0,0.0,0.006309877030084491,0.0,0.0,0.0,0.0,0.03695046466949862,0.005030275390463981,0.00919784919417929,0.0019031174309001272,0.0,0.056473576780942315,0.07488432533476978,0.05264883015866964,0.031421727052342495,0.0008995574249726022,0.0,0.0,0.0018787997022319662,0.009837105226785856,0.2069701804933379,0.0026337465246207355,0.0,0.0013543479254935365,0.0,0.00534367100649683,0.005787248200446149,0.33652675866907683,0.0,0.0,0.0,0.006387201917369083,0.0,0.0,0.01116340276500492
0.0,0.0007089534052267111,0.004795329580572934,0.00010636003345422507,0.0,0.0,0.001141951895220144,0.0015021086125522483,0.0,0.0,0.0,0.0002914539253658992,0.000238555122455547,0.019765031133249733,0.0,0.0,0.0026006415331661413,0.0011163898664934755,0.0,0.0,0.009973749514323766,0.010521469620774604,0.0,0.0,0.007711473491916422,0.0,0.0,0.00033422743955100343,0.0,0.029144670128834364,0.0013882395998938233,0.011088912548249674,0.0007196172711135037,0.0,0.0037587705982532523,0.0,0.0049600995191618575,0.02022121964746117,0.0010386777854669161,0.00011444463199264835,0.004836500874030758,0.000874345214265582,0.019327371642905863,0.1515054854155785,0.0010682509947126683,0.0,0.0003151341431288797,0.0006121907350593278,0.004768956190239336,0.0030100750152685144,0.6437051881522994,0.0007605619718634464,0.0,0.0,0.002488880267704483,0.0006051309752560495,0.0,0.03287958150291764
0.0,0.002094331494144325,0.0017497192583197261,0.0001021052168614869,0.0020403700227177362,0.01341503081876003,0.0,0.0023667725641638884,0.0,0.0,0.0034425813867811905,0.0006779663017313131,0.006082582047640992,0.028348181843095063,0.0,0.0,0.0068580914105371635,0.0021855802115351825,0.0,0.0,0.10182877084021981,0.018193715398408725,0.00142594805046915,0.0,0.018011250878744143,0.0033531333223384705,0.0,0.0,0.0,0.018875884228737694,0.0,0.00380155609127038,0.0017487587328605168,0.0017635963253247974,0.0068610129507961914,0.04712123328865585,0.016285810895053696,0.03873821162386619,0.0,0.0005679637040602102,0.0,0.004743717398979145,0.03109963915363429,0.05699970417501211,0.002418107289714078,0.011944792309841634,0.0016530244769807502,0.0,0.009456807107352574,0.014900877360887167,0.4738070752680521,0.0,0.0,0.029886792258769564,0.002678464822294003,0.001819601799525045,0.0,0.010651237671846942
0.0,0.004083443193958514,0.0007941687896234182,0.001754016276116603,0.006186888854416076,0.003343897408453535,0.01819941210541865,0.005959398527428068,0.0,0.003404500945774432,0.007307415325586349,0.003358062703126713,0.003253008944103535,0.012893906377103328,0.0018094856944622577,0.0,0.0099541403130923,0.004872760382951939,0.0,0.010772149900900287,0.03493146009791281,0.014390047185577525,0.0007477156880180027,0.0,0.01810377307362374,0.02482456670802284,0.0,0.0,0.013690235403615407,0.057022218697617005,0.005010449727673404,0.00982643074268172,0.002856878826369883,0.0,0.027981310557429258,0.024326651555955325,0.034642878308624746,0.02446920769039297,0.0,0.0,0.0,0.0,0.060985774346989416,0.09181072154654132,0.005549053435790832,0.04481244192101077,0.0005376685636256822,0.0,0.018623707531133644,0.008750234416392427,0.3180725819375729,0.0,0.0,0.014599273223495591,0.0042761109058367525,0.0017723370064933455,0.0,0.03943961515908201
0.007783516814792525,0.002389429622503732,0.0,0.0,0.0019765037647091793,0.008646346922760206,0.0,0.004682038101371754,0.0,0.0,0.0,0.0015874980543311757,0.0018353266607224795,0.03460951205925257,0.002975543503813075,0.0,0.006988069893948589,0.0027068493453855716,0.0,0.0023807849383694762,0.06011926945019647,0.004679665137535035,0.0006597212219178226,0.0035349989724764476,0.039152628768364985,0.0,0.0,0.003044316992381056,0.0,0.03285663069152214,0.010092567597235657,0.005405725582052247,0.0015195344101164407,0.0005606638709235005,0.0,0.0961396784513414,0.01649438643230888,0.12299950935492145,0.0012547738819712773,0.0,0.0,0.008271471703947248,0.06959097992997824,0.1801328686608337,0.0038468914842207133,0.0,0.0,0.0017487862881934895,0.004034316532699989,0.008878691731193423,0.20979378058005388,0.0,0.0,0.0,0.015528208488775954,0.0,0.0,0.02109851410287886
