0.004731062113545491,0.0,0.0,0.00011264400270345607,0.051534780236834735,0.0,0.0,0.0011264430270346328,0.0,5.6300001351200035e-5,0.0,0.00011264400270345607,0.0,0.0,0.0,0.0006758660162207845,0.0,0.08442692402624619,0.0,0.0,0.0313714457529147,0.0,0.0,0.0,0.18068150233635608,0.48943960574655054,0.0,0.0,0.0001689660040551841,0.0005068990121655764,0.0,0.0,0.15505491772131802,0.0,0.0,0.0
0.00562527000562527,0.0,0.0,0.0,0.07312851607312852,0.0,0.0,0.000108178000108178,0.0,0.0,0.0,0.0,0.0,0.0,0.0,0.10255300710255302,0.0,0.05841627005841627,0.0,0.0,0.024989182024989183,0.0,0.0,0.0,0.15015145015015147,0.4500216364500217,0.0,0.0,0.0016226740016226742,0.000108178000108178,0.0,0.0,0.13241021213241022,0.0008654260008654261,0.0,0.0
0.026289254604652854,0.058772689351771844,0.0,0.0,0.05668395430373094,0.0009363300215355903,0.0,0.00043215200993949616,0.0,0.0,0.0,0.00021607600496974808,0.0,0.0,0.002160761049697504,0.12503601587582835,0.0,0.03320368876368484,0.0,0.0,0.03320368876368484,0.0,0.0,0.0,0.10897436150641031,0.4690291087876694,0.0,0.0,7.200000165600003e-5,0.0010083550231921655,0.0,0.0,0.08383751292826279,0.00014405100331317305,0.0,0.0
0.04140715446793528,0.017610926348395724,0.0,0.0012026969555002126,0.06133756873050996,4.299999840900006e-5,0.0,0.0012886039523216538,0.0,0.0,0.0,0.0001288599952321802,0.0,0.0,0.0003436279872857645,0.10064000327631989,0.0002577209904643233,0.0972466784018729,0.0,0.0,0.006485975760018897,0.0,0.0,0.0,0.0903311676577468,0.5159571989095837,8.589999682170012e-5,0.0,0.0001288599952321802,0.0,0.0,0.0,0.06550405657634992,0.0,0.0,0.0
0.01081488875125756,0.0,0.0,0.0018234409580608583,0.06369466653502268,0.00012575499710763507,0.0,0.00025150899421529316,0.0,0.0,0.0,6.289999855330003e-5,0.0,0.0,0.0018234409580608583,0.001697685960953223,0.00025150899421529316,0.11481388035928076,0.0,0.0,0.022447182483714804,0.005155935881413476,0.0,0.0,0.10362172761670027,0.40448942769674323,0.0,0.0,0.0008174039811997085,0.0005030179884305863,0.0,0.0,0.2671654868551938,0.0004401409898767573,0.0,0.0
0.0026212319973787676,0.027565213972434784,0.0,0.0,0.05880860794119139,0.00033822299966177697,0.0,0.000465056999534943,0.0,0.0,0.0,0.000253667999746332,0.0,0.0,0.0,0.028199382971800618,0.0,0.018094955981905043,0.0,0.0,0.004608294995391705,0.0,0.0,0.0,0.14078552385921447,0.22314294177685706,0.0,0.0,0.00021138999978860998,0.3750052846249947,0.0,0.0,0.11973111188026887,0.00016911199983088798,0.0,0.0
0.018141618018141622,0.0021543170021543173,0.0,0.0,0.0822608990822609,0.0,0.0,0.0009637730009637731,0.0,0.0,0.0,0.00034015500034015507,0.0,0.0,0.0008503880008503881,0.0066330290066330296,0.0,0.08407506108407507,0.0,0.0,0.047961903047961905,0.0,0.0,0.0,0.1877657461877658,0.42116900142116903,0.000170078000170078,0.0,0.0,0.00011338500011338501,0.0,0.0,0.1470604911470605,0.00034015500034015507,0.0,0.0
0.0005495849609794676,0.004274547696507113,0.0,6.109999566190029e-5,0.05172202832773598,0.0,0.0,0.0001831949869931559,0.0,0.0,0.0,0.0018930138655960153,0.0,0.0,0.0002442599826575412,0.03712750136394739,0.0002442599826575412,0.04250121798241351,0.0,0.0,0.01239618911987057,0.0,0.0,0.0,0.15687590486181074,0.5120908286415511,0.0,0.0,0.0,0.0015266238916097036,0.0,6.109999566190029e-5,0.17824864434434623,0.0,0.0,0.0
0.008603203782891543,0.0,0.0,0.0,0.09820242893642102,0.0,0.0,0.0069944746364971905,0.0,0.0,0.0,0.0005595580509197826,0.0,0.0,0.0,0.012030497094775234,0.0,0.043365744946282786,0.0,0.0,0.005245856477372939,6.990000636090058e-5,0.0,0.0,0.18843115614723518,0.46681126147982477,0.0,0.0,0.0026579002418689215,0.0006994470636496827,0.0,0.0,0.16625867112953907,6.990000636090058e-5,0.0,0.0
0.0024994640974791,0.025708778002642346,0.0,0.0,0.052488754047061416,0.0,0.0,0.001285439050132123,0.0,0.0,0.0,0.00035706601392557463,0.0,0.0,7.140000278460012e-5,0.027279870063914937,7.140000278460012e-5,0.052988647066557246,0.0,0.0,0.025708778002642346,0.0,0.0,0.0,0.18360352116053735,0.5086767318383926,0.0,0.0,7.140000278460012e-5,0.004499036175462411,0.0,0.0,0.11454688746732863,0.00014282700557025324,0.0,0.0
0.10370818689629183,0.0011553699988446301,0.0,0.0,0.028499119971500883,0.0,0.0,0.000495157999504842,0.0,0.0,0.0,0.000605193999394806,0.0,0.0,0.00027508799972491204,0.00825264099174736,0.000660210999339789,0.05078124994921876,0.0,0.0,0.055512763944487245,0.0,0.00016505299983494702,0.0,0.1715999118284001,0.42996258757003747,0.0,0.0,0.00011003499988996501,0.00016505299983494702,0.0,0.0,0.14805237685194766,0.0,0.0,0.0
0.0013527220013527222,0.00016909000016909,0.0,0.0,0.08251606408251608,0.0,0.0,0.0010145420010145422,0.0,0.0,0.0,0.0037199860037199863,0.0,0.0,0.0,0.010483598010483599,0.0,0.04869800504869801,0.0,0.0,0.027054447027054448,0.0,0.0,0.0,0.1937774771937775,0.4712546504712547,0.0,0.0,0.0013527220013527222,0.0005072710005072711,0.0,0.0,0.15809942515809944,0.0,0.0,0.0
0.0008768079991231919,0.0,0.0,0.0,0.11588484588411514,0.0,0.0,0.000511471999488528,0.0,0.00021920199978079798,0.0,0.0,0.0,0.0,0.0,0.06758731593241267,0.0,0.034926201965073796,0.0,0.0,0.0013152129986847868,0.0,0.0,0.0,0.1905596958094403,0.37571240662428756,0.0,0.0,0.0,0.000146134999853865,0.0,0.0,0.21167616478832382,0.000584538999415461,0.0,0.0
0.04372599539353395,0.001181784010636056,0.0,0.00016882600151943403,0.03595998832363989,0.00033765200303886807,0.0,0.001055164009496476,0.0,0.0,0.0,0.0008863380079770421,0.0,0.0,0.000295446002659014,0.011944456107500105,0.0010129570091166132,0.05968007453712067,0.0,0.0,0.028278394254505547,4.220000037980001e-5,0.0,0.0,0.16620943049588485,0.4703076902327692,0.0,0.0,0.00033765200303886807,0.0009285440083568961,0.0,0.0,0.17764740759882666,0.0,0.0,0.0
0.00016980800016980799,0.0,0.0,0.0,0.04839531304839531,0.00016980800016980799,0.0,0.002377314002377314,0.0,0.0,0.0,0.00016980800016980799,0.0,0.0,0.0,0.04126337204126337,0.0,0.053489557053489546,0.0,0.0,0.0008490410008490409,0.0,0.0,0.0,0.10086602110086601,0.535404992535405,0.0,0.0,0.0005094240005094238,0.011377144011377143,0.0,0.0,0.20495839720495834,0.0,0.0,0.0
0.00757408187881469,0.005473241912428129,0.0,5.529999911520002e-5,0.055561697111012845,0.0006634229893852322,0.0,0.0025431229593100325,0.0,0.0,0.0,0.0004975669920389281,0.0,0.0,0.0010504199831932802,0.0159774437443609,0.00016585599734630403,0.05379256913931889,0.0,0.0,0.0221693936452897,0.00016585599734630403,0.00016585599734630403,0.0,0.14523440767624948,0.6133900831857587,0.0,0.0,0.0,0.0031512609495798244,0.0,0.0,0.07236841984210528,0.0,0.0,0.0
0.006971069986057859,0.058905541882188904,0.0,0.0,0.08191007283617983,0.00034855399930289194,0.0,0.0017427679965144637,0.0,0.0,0.0,0.0027884279944231437,0.0,0.0,0.0,0.008016730983966536,0.0,0.021958870956082257,0.0,0.0,0.001045660997908678,0.0,0.0,0.0,0.2708260714583478,0.35691878628616236,0.0,0.0,0.00836528398326943,0.0,0.0,0.0,0.18020216063959565,0.0,0.0,0.0
0.0018843639981156357,0.000275760999724239,0.0,0.0,0.1325949078674051,0.00013787999986211998,0.0,0.000413640999586359,0.0,0.0,0.0,0.00022980099977019898,0.0,0.0,0.0,0.00445812999554187,0.0,0.048671752951328244,0.0,0.0,0.0009192019990807979,0.0,0.0,0.0,0.2605938047394062,0.39576247760423744,0.0,0.0,0.000367680999632319,0.0008732419991267579,0.0,0.0,0.15281735484718262,0.0,0.0,0.0
0.0,0.00824499404122497,0.0,0.0,0.09232581346162907,9.0600000453e-5,0.0,0.0005436260027181299,0.0,0.0,0.0,0.0,0.0,0.0,0.0,0.006795325033976624,0.0,0.010691311053456555,0.0,0.0,0.0006342300031711499,0.0,0.0,0.0,0.11615475258077376,0.6123946750619733,0.0,0.0,0.00045302200226510995,0.005164447025822235,0.0,0.0,0.146507203732536,0.0,0.0,0.0
0.0074207636586448725,0.0,0.0,0.0,0.0998682244060617,0.0,0.0,0.005894999728830013,0.0,0.0,0.0,0.0004854709776683351,0.0,0.0,0.0,0.01199805744808936,0.0,0.04715999483064025,0.0,0.0,0.0054788817479714405,6.939999680760017e-5,0.0,0.0,0.19183021517581014,0.46050348081683995,0.0,0.0,0.002149940901102719,0.0006241759712879055,0.0,0.0,0.1663083353498166,0.00020805899042928647,0.0,0.0
0.0009441979981116039,0.05589651588820696,0.0,0.0,0.10423944879152108,0.00047209899905580196,0.0,0.00018883999962231995,0.0,0.0,0.0,0.0005665189988669619,0.0,0.0,0.0010386179979227639,0.009630818980738361,0.0,0.04135586791728826,0.0,0.0,0.010480596979038803,0.0,0.0,0.0,0.20026437459947122,0.41072608717854775,0.0,0.0,0.0,0.0050986689898026615,0.0,0.0,0.15890850668218295,0.00018883999962231995,0.0,0.0
0.002747081093400758,0.00031216801061371237,0.0,0.0,0.036648562246051127,0.0005619030191047027,0.0,0.0008740710297184151,0.0,0.0,0.0,0.0011862400403321615,0.0,0.0,0.0005619030191047027,0.013298370452144596,6.240000212160008e-5,0.06586751823949563,0.0,0.0,0.03321471012930015,0.0,0.0,0.0,0.19835175774395977,0.4390959759292632,0.0,0.0,0.00037460201273646843,0.0006243370212274588,0.0,0.0,0.20584379799868915,0.00037460201273646843,0.0,0.0
0.0,0.000148655,0.0,0.0,0.100193251,0.001635201,0.0,0.0,0.0,0.0,0.0,0.000148655,0.0,0.0,0.0,0.002824439,0.0,0.033298647,0.0,0.0,0.005202914,0.0,0.0,0.0,0.23561766,0.39839453,0.0,0.0,0.000297309,0.0,0.0,0.0,0.220008919,0.00222982,0.0,0.0
0.004847645004847646,0.00017313000017313,0.0,0.0,0.05055401705055402,0.00034626000034626,0.0,0.0,0.0,0.0,0.0,0.0,0.0,0.0,0.0,0.10387811610387813,0.0,0.07271468107271468,0.0,0.0,0.014023546014023548,0.0,0.0,0.0,0.1426592801426593,0.4979224384979225,0.00017313000017313,0.0,0.00034626000034626,0.0,0.0,0.0,0.11236149611236151,0.0,0.0,0.0
0.0012926930943665956,0.010545652769832652,0.0,0.0,0.09599946300796078,0.0018369851340999145,0.0,0.00020410901489995806,0.0,0.0,0.0,0.0014287661042999254,0.0,0.0,6.800000496400035e-5,0.06123282546999625,0.0,0.03224928835419805,0.0,0.0,0.00238127617383316,0.0,0.0,0.0,0.18335829338515539,0.390257206488776,0.0,0.0,0.0010885830794665646,6.800000496400035e-5,0.0,0.0,0.21621990978405337,0.001768948129133213,0.0,0.0
0.021318430978681566,0.005588326994411672,0.0,0.000724412999275587,0.054330952945669045,0.0,0.0,0.0028976509971023485,0.0,0.002069750997930249,0.0,0.0,0.0,0.0,0.0,0.0030011379969988616,0.000206974999793025,0.0788574979211425,0.0,0.0,0.004863913995136086,0.0,0.0,0.0008278999991721,0.07140639592859359,0.7085791152914208,0.0023802129976197867,0.0,0.0017592879982407117,0.0,0.0,0.0,0.04118803695881196,0.0,0.0,0.0
0.008685279774182727,0.10541618225917926,0.0,0.0,0.10459611328050106,0.00033548299127744225,0.0,0.0006709659825548845,0.0,3.729999903020003e-5,0.0,0.0002609309932157942,0.0004845859874007644,0.0,0.0001491039961232961,0.04197263890871139,0.0001491039961232961,0.02855332225761362,0.0,0.0,0.004510380882730097,0.0,0.0,0.0,0.19070339104171183,0.3623960835777018,0.0,0.0,0.0006709659825548845,0.0001491039961232961,0.0,0.0,0.14958809811070947,0.0006709659825548845,0.0,0.0
0.009770395999999999,0.0020762089999999994,0.0,0.0,0.05117244699999999,0.0,0.0,0.0,0.0,0.0,0.0,0.0003663899999999999,0.0,0.0,0.00012212999999999997,0.005984366999999998,0.00024425999999999994,0.12054225699999997,0.0,0.0,0.048241328999999986,0.0,0.0,0.0,0.08414753299999998,0.4493160719999999,0.0,0.0,0.0,0.0,0.0,0.0,0.22801660999999995,0.0,0.0,0.0
0.0028170479126715152,0.136887678756482,0.0,0.0,0.12348061617210092,5.2199998381800056e-5,0.0,0.0,0.0,0.0,0.0,0.00010433499676561511,0.0,0.0,0.0,0.024414418243153036,0.0,0.01737179746147428,0.0,0.0,0.0001565029951484072,0.0,0.0,0.0,0.18587301823793645,0.35635660595294527,0.0,0.0,0.00041733998706246044,0.0006781779789764827,0.0,0.0,0.15139026130690192,0.0,0.0,0.0
0.0006149859803204486,0.003916490874672292,0.0,0.0,0.05512218623609004,0.0,0.0,3.2399998963200036e-5,0.0,0.0,0.0,0.0014889139523547536,0.0,0.0,0.0,0.33254570835853736,0.0,0.018611425404434386,0.0,0.0,0.0035280788871014756,0.0,0.0,0.0,0.13956950553377584,0.3003074833901605,0.0,0.0,0.00012947099585692814,0.0005178829834277445,0.0,0.0,0.1434212614105196,0.0001942059937854082,0.0,0.0
0.00198556,0.048555957,0.0,0.0,0.104512635,0.000180505,0.0,0.000541516,0.0,0.0,0.0,0.0,0.0,0.0,0.0,0.04765343,0.0,0.042418773,0.0,0.0,0.000902527,0.0,0.0,0.0,0.214079422,0.397472924,0.0,0.0,0.001083032,0.000361011,0.0,0.0,0.140252708,0.0,0.0,0.0
0.01254573998745426,0.0,0.0,0.0,0.07893361192106638,0.0,0.0,0.0,0.0,0.0,0.0,0.0,0.0,0.0,0.0,0.002090956997909043,0.0,0.041819131958180863,0.0,0.0,0.012023000987976998,0.0,0.0,0.0,0.17093570282906428,0.4746471505253528,0.0,0.0,0.0,0.005750130994249869,0.0,0.0,0.2002090957997909,0.001045477998954522,0.0,0.0
0.001576199018914388,0.001379174016550088,0.0,0.0,0.02896266434755197,0.00019702500236430003,0.0,0.0005910750070929001,0.0,0.0,0.0,0.002068762024825144,0.0,0.0,9.850000118200001e-5,0.02817456433809477,0.0011821500141858002,0.04561127054733525,0.0,0.0,0.03654812343857748,0.0,0.0,0.0,0.12619446551433358,0.43148458817781504,0.0,0.0,0.0005910750070929001,0.0017732240212786881,0.0,0.0,0.2931730895180771,0.00039405000472860006,0.0,0.0
0.003493684003493684,0.000134372000134372,0.0,0.0,0.03453372703453373,0.0,0.0,0.000806235000806235,0.0,0.000268745000268745,0.0,0.002284332002284332,0.0,0.0,0.000806235000806235,0.027008869027008872,0.00040311700040311703,0.03359312003359312,0.0,0.0,0.08371405508371406,0.0,0.0,0.0,0.18409029818409034,0.4543133574543134,0.0,0.0,0.00322494000322494,0.0,0.0,0.0,0.17078742317078743,0.00053749000053749,0.0,0.0
0.00558703825700376,0.0,0.0,7.980000367080018e-5,0.03288371151265073,0.0,0.0,0.001356852062415195,0.0,0.0,0.0,0.0,7.980000367080018e-5,0.0,7.980000367080018e-5,0.006305372290047126,0.002155000099130005,0.12818262189640062,0.0,0.0,0.03368185954936555,0.002234815102801495,0.0,0.0,0.10096576364442514,0.5026738201229958,0.0,0.0,0.0019155560881155803,0.0016761110771011099,0.0,0.0,0.1801420782865356,0.0,0.0,0.0
0.000807253000807253,0.0,0.0,0.0,0.0788002980788003,0.0,0.0,0.0012419270012419272,0.0,0.0,0.0,0.00068306000068306,0.0,0.0,0.0,0.009562842009562844,0.0,0.02862642802862643,0.0,0.0,0.008196721008196722,0.0,0.0,0.0,0.27670144127670143,0.36891455536891454,0.0,0.0,0.0014282170014282172,0.00018628900018628902,0.0,0.001738698001738698,0.2226154992226155,0.000496771000496771,0.0,0.0
0.007384706177232949,0.10309050247417206,0.0,0.0,0.10475206051404945,0.0007384710177233045,0.0,0.0009230880221541126,0.0,0.0,0.0,0.00033231200797548824,0.0006646240159509765,0.0,0.00022154100531698417,0.04268360302440648,0.0001476940035446561,0.02887420269298087,0.0,0.0,0.0048000591152014185,0.0,0.0,0.0,0.1886054025265297,0.36089060466137457,3.690000088560003e-5,0.0,0.0008492410203817846,0.00022154100531698417,0.0,0.0,0.1543403647041688,0.00044308201063396834,0.0,0.0
0.010554988,0.0,0.0,0.0,0.057030984,0.01072523,0.0,0.000340483,0.0,0.0,0.0,0.000170242,0.0,0.0,0.001872659,0.053285666,0.0,0.018215867,0.0,0.0,0.039325843,0.0,0.0,0.0,0.131937351,0.450629894,0.0,0.0,0.0,0.0,0.0,0.0,0.225910793,0.0,0.0,0.0
0.014515335130638017,0.09168443582515992,0.0,0.0,0.10767590696908316,0.000246023002214207,0.0,0.0,0.0,0.0,0.0,0.0,0.0,0.0,0.0,0.0089388220804494,0.0,0.02927669326349024,0.0,0.0,8.200000073800001e-5,0.0,0.0,0.0,0.16622929449606366,0.31900935187108415,0.0,0.0,0.002296211020665899,0.0,0.0,0.0,0.2585697903271281,0.0014761360132852241,0.0,0.0
0.007353277,0.028408312,0.0,0.0,0.159625485,0.0,0.0,0.0,0.0,0.0,0.0,0.0,0.0,0.0,0.0,0.013473396,0.0,0.029413108,0.0,0.0,0.001233158,0.0,0.0,0.0,0.178716602,0.360173556,0.0,0.0,0.002100936,0.000137018,0.0,0.0,0.219365152,0.0,0.0,0.0
0.004770992,0.0,0.0,0.000318066,0.033502969,0.0,0.0,0.00053011,0.0,0.0,0.0,0.0,0.0,0.0,0.0,0.026823579,0.001802375,0.041348601,0.0,0.0,0.029580153,0.0,0.0,0.0,0.17302799,0.409881255,0.0,0.0,0.0,0.010708227,0.0,0.0,0.265585242,0.002120441,0.0,0.0
0.000110619,0.0,0.0,0.0,0.074225664,0.0,0.0,0.000608407,0.0,0.0,0.0,0.0,0.0,0.0,0.0,0.007024336,0.0,0.080475664,0.0,0.0,0.003097345,0.0,0.0,0.0,0.146515487,0.511449115,0.0,0.0,0.00210177,0.00215708,0.0,0.0,0.172234513,0.0,0.0,0.0
0.009464125990535872,0.0,0.0,0.0,0.03146182396853817,0.0,0.0,0.0,0.0,0.0,0.0,0.000127893999872106,0.0,0.0,0.00038368099961631893,0.04885535195114464,0.0,0.042460672957539324,0.0,0.0,0.038240183961759815,0.0,0.0,0.0,0.165877989834122,0.5087607104912393,0.0,0.0,0.0,0.0,0.0,0.0,0.15436756584563244,0.0,0.0,0.0
0.011559889439275798,0.00020891400793873229,0.0,0.0,0.04470752269888586,0.0005571030211699148,0.0,0.0011142060423398295,0.0,6.96000026448001e-5,0.0,0.002019499076740965,0.0,0.0,0.0,0.001532033058217256,0.004038997153481891,0.06302228639484687,0.0,0.0,0.024721448939415056,0.0,0.0,0.0,0.15947075805988878,0.5499303828973545,0.0004874650185236707,0.0,0.00020891400793873229,0.0,0.0,0.0,0.13635098018133726,0.0,0.0,0.0
0.00034809200069618404,0.0038986350077972708,0.0,0.0,0.08625731017251463,0.0005569480011138961,0.0,0.0006265660012531321,0.0,0.0,0.0,0.00013923700027847403,0.0,0.0,0.0,0.006196046012392094,0.0,0.07156780814313562,0.0,0.0,0.0068922310137844636,0.00048732900097465807,0.0,0.0,0.2124756344249513,0.47925369095850745,0.0,0.0,0.00020885500041771003,0.00034809200069618404,0.0,0.0,0.13074352526148708,0.0,0.0,0.0
0.001034207953460642,0.00015910899284009528,0.0,0.0,0.06237072119331754,0.0,0.0,0.001591089928400953,0.0,0.0,0.0,0.001511534931980928,0.001113762949880667,0.0,0.0,0.006523468706443906,0.0,0.039697691213603885,0.0,0.0,0.01782020619809072,0.0,0.0,0.0,0.20715989567780466,0.4670644179821011,0.0,0.0,7.959999641800015e-5,0.00023866298926016543,0.0,0.0,0.1929196413186161,0.0007159899677804514,0.0,0.0
0.007806012,0.0,0.0,0.0,0.181199136,0.0,0.0,0.000996512,0.0,0.0,0.0,0.0,0.0,0.0,0.0,0.00431822,0.0,0.017438964,0.0,0.0,0.000332171,0.0,0.0,0.0,0.182693905,0.4245142,0.0,0.0,0.0,0.0,0.0,0.0,0.18070088,0.0,0.0,0.0
0.0,0.0,0.0,0.0,0.038025542,0.0,0.0,0.0,0.0,0.0,0.0,0.000143493,0.0,0.0,0.0,0.003730808,0.0,0.013488305,0.0,0.0,0.017075621,0.0,0.0,0.0,0.151528196,0.53436648,0.0,0.0,0.000286985,0.00057397,0.0,0.0,0.2407806,0.0,0.0,0.0
0.007640637572124296,0.003568429800167931,0.0,0.0,0.0581863947415619,4.199999764800013e-5,0.0,0.0008396309529806666,0.0,0.00020990798824515266,0.0,0.0016792609059613894,0.0,0.0,0.0,0.0011335009365239475,0.0,0.030352643300251975,0.0,0.0,0.027287991471872476,0.0,0.0,0.0,0.22380351346700325,0.34701929256691966,0.0,0.0,8.399999529600026e-5,0.0008816119506297308,0.0,0.0001259449929470804,0.2961796644139388,0.000965574945927803,0.0,0.0
0.014976015029952033,0.032175032064350066,0.0,0.00029250000058500005,0.030595531061191065,5.850000011700001e-5,0.0,0.00035100000070200006,0.0,0.0,0.0,0.00040950000081900007,0.0,0.0,0.00011700000023400002,0.06873756913747515,0.0009945010019890021,0.019480519038961044,0.0,0.0,0.020826021041652047,0.0,0.0,0.0,0.1942786943885574,0.43980344087960693,0.0014625010029250022,0.0,0.00011700000023400002,0.0,0.0,0.0,0.1752076753504154,0.00011700000023400002,0.0,0.0
0.008296904016593809,0.001605852003211704,0.0,0.0,0.22187527944375054,0.000981354001962708,0.0,0.000713712001427424,0.0,0.0,0.0,0.000178428000356856,0.0,0.0,0.0,0.016147738032295474,0.0,0.021679008043358015,0.0,0.0,0.00044607000089214,0.0,0.0,0.0,0.26808814353617627,0.2990454105980908,0.0,0.0,0.0,0.0,0.0,0.0,0.1609421003218842,0.0,0.0,0.0
0.0017744709982255287,0.000114481999885518,0.0,0.0,0.028620491971379506,0.00028620499971379495,0.0,0.00028620499971379495,0.0,0.0,0.0,0.000744132999255867,0.0,0.0,0.0,0.0008586149991413849,0.0,0.029307383970692612,0.0,0.0,0.013566112986433886,0.0,0.0,0.0,0.23096737276903262,0.4739553515260446,0.0,0.0,0.0005724099994275899,0.00040068699959931297,0.0,0.0,0.21705781278294214,0.001488265998511734,0.0,0.0
0.008825846991174151,0.02316784897683215,0.0,0.0,0.1598108748401891,0.0,0.0,0.000315208999684791,0.0,0.0,0.0,0.0,0.0,0.0,0.0,0.000630417999369582,0.0,0.046966114953033884,0.0,0.0,0.00015760399984239597,0.0,0.0,0.0,0.20851063779148934,0.39416863660583135,0.0,0.0,0.0,0.0,0.0,0.0,0.15744680884255316,0.0,0.0,0.0
0.002040361991838552,0.0013355099946579599,0.0,0.0,0.03854429384582282,7.41999997032e-5,0.0,0.00011129199955483199,0.0,0.0,0.0,0.0007419499970322,0.0,0.0,0.00022258499910965998,0.09459860462160558,0.0,0.017139040931443836,0.0,0.0,0.017510015929959932,0.0,0.0,0.0,0.23838848404644605,0.45718949217124194,0.0,0.0,0.0003709749985161,0.0007419499970322,0.0,0.0,0.13099124447603502,0.0,0.0,0.0
0.000493949,0.0,0.0,0.0,0.041244752,0.0,0.0,0.0,0.0,0.0,0.0,0.0,0.0,0.0,0.0,0.009878982,0.0,0.040009879,0.0,0.0,0.072363547,0.0,0.0,0.0,0.12669795,0.4504816,0.0,0.0,0.0,0.002963695,0.0,0.0,0.255865646,0.0,0.0,0.0
0.0013894760319579484,6.040000138920002e-5,0.0,0.0,0.03654926684063313,0.0003020600069473801,0.0,0.0012082400277895204,0.0,0.0,0.0,0.0010874160250105684,0.0,0.0,0.00012082400277895203,0.038663686889264796,0.004530901104210725,0.03395155078088566,0.0,0.0,0.035703498821180464,0.0,0.0,0.0,0.1928351404352082,0.4606415865947564,0.0,0.0,6.040000138920002e-5,0.0,0.0,0.0,0.19289555243659767,0.0,0.0,0.0
0.0010968250032904752,0.0,0.0,0.0,0.08256657124769973,0.000121869000365607,0.0,0.001035891003107673,0.0,0.0,0.0,0.000121869000365607,0.0,0.0,0.0,0.01273536003820608,0.0,0.03637803910913412,0.0,0.0,0.003046737009140211,0.0,0.0,0.0,0.21345439064036317,0.37078788711236366,0.0,0.0,0.001340564004021692,0.0,0.0,0.0,0.2771921278315764,0.000121869000365607,0.0,0.0
0.025514930285581956,0.05609008442947764,0.0,0.0,0.05637516742149532,0.0004988949860309404,0.0,0.0006414369820397646,0.0,0.0,0.0,0.0,0.0,0.0,0.00228066393614141,0.1256503424817904,0.0,0.03342598406407245,0.0,0.0,0.03371106705609012,0.0,0.0,0.0,0.10733375799465479,0.4709571528131998,0.0,0.0,7.129999800360006e-5,0.0007127079800441767,0.0,0.0,0.08673650957137774,0.0,0.0,0.0
0.001212709,0.061605627,0.0,0.0,0.197429057,0.000242542,0.0,0.001091438,0.0,0.0,0.0,0.0,0.0,0.0,0.0,0.002789231,0.0,0.039049236,0.0,0.0,0.0,0.0,0.0,0.0,0.243875819,0.310696095,0.0,0.0,0.000970167,0.002304147,0.0,0.0,0.138733932,0.0,0.0,0.0
0.002012384002012384,0.0,0.0,0.0,0.13622291013622292,0.012848297012848299,0.0,0.0,0.0,0.0,0.0,0.00030959800030959806,0.0,0.0,0.0,0.014705882014705884,0.0,0.08034055708034057,0.0,0.0,0.0029411760029411766,0.0,0.0,0.0,0.18219814218219815,0.40835913340835917,0.0,0.0,0.00030959800030959806,0.0,0.0,0.0,0.15975232215975232,0.0,0.0,0.0
0.007695423007695423,0.0009450520009450521,0.0,0.00027001500027001504,0.18739030618739033,0.0,0.0,0.0,0.0,0.0,0.0,0.00013500700013500703,0.0,0.0,0.0,0.006210342006210342,0.00013500700013500703,0.02511138102511138,0.0,0.0,0.012285676012285678,0.0,0.0,0.0,0.29512623229512625,0.33157823733157826,0.0,0.0,0.0,0.00040502200040502204,0.0,0.0,0.1324422841324423,0.00027001500027001504,0.0,0.0
0.005582988106076775,0.663705627610407,0.0,0.0,0.07190888736626887,0.0,0.0,4.960000094240002e-5,0.0,0.0,0.0,0.0,0.0,0.0,0.0,0.00014888000282872006,0.0,0.004937843093819019,0.0,0.0,0.0,0.0,0.0,0.0,0.08116424054212058,0.1263988514015782,0.0,0.0,7.440000141360004e-5,9.930000188670005e-5,0.0,0.0,0.045929381872658256,0.0,0.0,0.0
0.001023541002047082,0.048764439097528874,0.0,0.0,0.1125164502250329,0.0008773210017546419,0.0,0.001096652002193304,0.0,0.0,0.0,0.002193303004386606,0.0,0.0,0.0,0.0064336890128673776,0.00014622000029243997,0.0502997511005995,0.0,0.0,0.0043134960086269915,0.0,0.0,0.0,0.20580494241160988,0.3400350936800702,0.0,0.0,0.00021933000043866,0.000584881001169762,0.0,0.0,0.22554467045108934,0.00014622000029243997,0.0,0.0
0.0011720158968626009,0.00027046497619908206,0.0,4.5099996031200344e-5,0.047872335787234446,0.00022538798016585773,0.0,0.0004507749603318034,0.0,4.5099996031200344e-5,0.0,0.001036782908763104,0.0,0.0,0.00022538798016585773,0.012125854932924765,0.0,0.045212762021276935,0.0,0.0,0.013478180813920087,0.0,0.0,0.0,0.20217271920880067,0.4639379321734619,0.0,0.0,9.019999206240069e-5,0.0,0.0,0.0,0.21163900037576794,0.0,0.0,0.0
0.019314908019314903,0.023298830023298828,0.0,0.0,0.03514388403514388,0.0010315510010315508,0.0,0.0010671220010671219,0.0,0.0,0.0,0.0007825560007825559,0.0,0.0,0.0008181270008181269,0.07018105507018105,0.00021342400021342399,0.028421015028421013,0.0,0.0,0.02838544402838544,0.0,0.0,0.0,0.16522605216522604,0.4832639704832639,0.0,0.0,0.00010671200010671199,0.001138263001138263,0.0,0.0,0.14160708614160705,0.0,0.0,0.0
0.0,0.00019245600538876818,0.0,0.0,0.040800617142417284,0.0,0.0,0.002983064083525795,0.0,0.0,0.0,0.0003849110107775084,0.0,0.0,0.0,0.06052733069476527,0.0,0.03088914586489609,0.0,0.0,0.017898383501154743,0.0,0.0,0.0,0.1733063948525791,0.3391070144949965,0.0,0.0,9.620000269360008e-5,0.0,0.0,0.0,0.33246729230908423,0.0013471900377213214,0.0,0.0
0.009870257,0.000523158,0.0,0.000453404,0.050955636,0.000279018,0.0,0.001604353,0.0,0.0,0.0,0.001499721,0.0,0.0,0.000139509,0.001116071,0.001046317,0.076416016,0.0,0.0,0.049107143,0.0,0.0,0.0,0.174002511,0.466134208,0.0,0.0,0.00062779,0.0,0.0,0.0,0.165736607,0.000488281,0.0,0.0
0.005867200994132798,0.0,0.0,0.0,0.11376645688623353,0.0,0.0,0.00028620499971379495,0.0,0.0,0.0,0.005580995994419004,0.0,0.0,0.0,0.001574126998425873,0.0,0.06410990293589008,0.0,0.0,0.00028620499971379495,0.0,0.0,0.0,0.3049513446950486,0.3076702916923297,0.0,0.0,0.0,0.0,0.0,0.0,0.1959072698040927,0.0,0.0,0.0
0.005321831191585923,0.0,0.0,0.00016805800605008826,0.05148171185334163,0.0,0.0,0.0015685400564674423,0.0,5.600000201600008e-5,0.0,0.00028009601008345645,0.0,0.0,0.0,0.0007842700282337211,0.0,0.08727802714200898,0.0,0.0,0.0318189471454821,0.0,0.0,0.0,0.17629265134653546,0.4929695997469057,0.0,0.0,5.600000201600008e-5,0.00028009601008345645,0.0,0.0,0.15164417145919018,0.0,0.0,0.0
0.011580158671649202,0.06151445856783859,0.0,0.0,0.10290736496862717,8.210000476180026e-5,0.0,0.0017247041000328378,0.0,0.0,0.0,0.0,0.0,0.0,0.0,0.02389947538616957,0.0,0.03884691425312102,0.0,0.0,0.007637976443002633,0.00024638601429038883,0.0,0.0,0.15275953586005306,0.3886333995407371,0.0,0.0,0.0,0.003695795214356122,0.0,0.0,0.20638963097059856,8.210000476180026e-5,0.0,0.0
0.009256662018513323,0.0,0.0,0.0,0.047966339095932675,0.00028050500056101,0.0,0.000140252000280504,0.0,0.0,0.0,0.001262272002524544,0.0,0.0,0.0,0.025666199051332397,0.011360449022720898,0.031136045062272088,0.0,0.0,0.02033660604067321,0.000701262001402524,0.0,0.0,0.06970547013941095,0.700561011401122,0.00028050500056101,0.0,0.000140252000280504,0.0,0.0,0.000140252000280504,0.07882187915764376,0.002244039004488078,0.0,0.0
0.0021049219410621853,0.00010794499697754007,0.0,0.0,0.0351899820146805,0.00010794499697754007,0.0,0.0006476679818652964,0.0,0.0003778069894214043,0.0,0.0006476679818652964,0.0,0.0,0.00010794499697754007,0.017271156516407614,0.0004317789879101883,0.03286917007966324,0.0,0.0,0.03697106996481004,0.0,0.00010794499697754007,0.0,0.19964377640997424,0.3730569845544044,0.0,0.0,5.3999998488000034e-5,0.00010794499697754007,0.0,0.0,0.2999784026006047,0.00021588899395510815,0.0,0.0
0.006866631247198724,0.0031836201146103237,0.0,0.0002496960089890563,0.02247261280901406,9.360000336960012e-5,0.0,0.0005930270213489727,0.0,0.0,0.0,0.00031212001123632035,0.0,0.0,0.0004993910179780766,0.00555572920000625,0.003901495140453825,0.04235463152476673,0.0,0.0,0.016979306611255036,0.0,0.0,0.0,0.1761915233428948,0.5839133770208815,0.0005306030191017086,0.0,0.0014045380505633698,0.0,0.0,0.0,0.1348980978563315,0.0,0.0,0.0
0.01372738998627261,0.019864340980135658,0.0,0.0,0.03784453096215547,0.0,0.0,0.0006998279993001719,0.0,0.0,0.0,0.0012919899987080099,0.0,0.0,0.00010766599989233399,0.16252153283747844,0.0013458229986541767,0.050064598949935396,0.0,0.0,0.039728681960271316,0.0,0.0,0.0,0.1141795868858204,0.4238264425761735,0.000322996999677003,0.0,0.00010766599989233399,0.00037682999962316996,0.0,0.0,0.13382859586617138,0.000161498999838501,0.0,0.0
0.00917485494495087,0.3062625761624245,0.0,0.0,0.07937729352373624,0.0,0.0,0.000651118996093286,0.0,0.0,0.0,0.0,0.0,0.0,0.0,0.03332544080004735,5.91999996448e-5,0.027169408836983544,0.0,0.0,0.000710310995738134,0.0,0.0,0.0,0.16520658100876048,0.2763111143421333,0.0,0.0,0.0008286969950278179,0.00029596299822422196,0.0,0.0,0.10050905539694566,0.00011838499928968999,0.0,0.0
0.011805700271531107,5.200000119600003e-5,0.0,0.0,0.15279800651435416,0.0,0.0,0.0008321200191387605,0.0,0.0,0.0,0.0,0.0,0.0,0.0,0.005148741118421046,0.0,0.036457250838516767,0.0,0.0,0.0020803000478469016,0.0,0.0,0.0,0.26903474718779924,0.2841689265358853,0.0,0.0,5.200000119600003e-5,0.00015602200358850608,0.0,0.0005200750119617254,0.23684211044736855,5.200000119600003e-5,0.0,0.0
0.0018325510018325512,0.00045813800045813805,0.0,0.0,0.03665101403665102,0.000114534000114534,0.0,0.000687207000687207,0.0,0.0,0.0,0.002290688002290688,0.0,0.0,0.000114534000114534,0.014316802014316803,0.0,0.05658000205658,0.0,0.0,0.024510365024510365,0.0,0.0,0.0,0.16080632216080634,0.44496621244496626,0.0,0.0,0.00022906900022906903,0.0021761540021761542,0.0,0.0,0.25426640725426647,0.0,0.0,0.0
0.000841265922603535,8.859999184880075e-5,0.0,0.0,0.03931812838273219,0.0,0.0,0.0011512068940889657,0.0,0.0,0.0,0.0005756029470445289,0.0,0.0,0.0007527119307505023,0.0006641579388974695,4.429999592440037e-5,0.0286473293644457,0.0,0.0,0.008811157189373538,0.0,0.0,0.0,0.24715516826172448,0.505113967529515,0.0,0.0,0.0005313259511180125,0.001195483890015482,0.0,0.0,0.16506529381399296,4.429999592440037e-5,0.0,0.0
0.006727928979816213,5.46999998359e-5,0.0,0.00021879399934361798,0.05163548784509354,0.000437588998687233,0.0,0.0016409579950771261,0.0,0.0,0.0,0.001148670996553987,0.0,0.0,0.0,0.002023848993928453,5.46999998359e-5,0.12093862763718412,0.0,0.0,0.06875615379373154,0.0,0.0,0.0,0.17886445646340662,0.4497319756508041,0.0,0.0,0.000765780997702657,0.0,0.0,0.0,0.11689093064932721,0.00010939699967180899,0.0,0.0
0.0113434157844751,0.00789590684997777,0.0,0.00037069999295670015,0.043260675178047166,7.409999859210002e-5,0.0,0.0015198699711224705,0.0,0.0,0.0,0.0016310789690094994,0.0,0.0,0.0017793589661921796,0.01089857679292704,3.7099999295100015e-5,0.05234282200548638,0.0,0.0,0.04552194413508306,0.0,0.0,0.0,0.16796411280868184,0.4442467295593121,0.0,0.0,0.0002594899950696901,3.7099999295100015e-5,0.0,0.0,0.21052045900011127,0.00029655999436536013,0.0,0.0
0.009017560485999054,6.329999639190021e-5,0.0,0.0002847649837683959,0.041259291648220384,0.00015820299098242953,0.0,0.0009808569440911542,0.0,0.0,0.0,0.0006328109639297752,0.0,0.0,0.0006644519621262382,0.007878499550925526,0.0007910139549122047,0.03920265576544863,0.0,0.0,0.025502292546369328,0.0,0.0003796869783578423,0.0,0.19006485216630345,0.5747507982392046,6.329999639190021e-5,0.0,6.329999639190021e-5,0.0006960919603227584,0.0,0.000601170965733255,0.10694509790412943,0.0,0.0,0.0
0.002032044,0.016647128,0.0,0.0,0.096053146,0.0,0.0,0.001563111,0.0,0.0,0.0,0.000156311,0.0,0.0,0.0,0.035873388,0.0,0.024228214,0.0,0.0,0.0014068,0.0,0.0,0.0,0.292692458,0.327002735,0.0,0.0,0.000625244,0.000625244,0.0,0.0,0.200625244,0.000468933,0.0,0.0
0.024657533580821928,4.0899999304700006e-5,0.0,0.0002453489958290671,0.036475157379922324,4.0899999304700006e-5,0.0,0.00040891399304846215,0.0,0.0,0.0,0.0011858519798405164,0.0,0.0,0.0028215089520343475,0.019627887666325908,0.0007360459874872181,0.059619708986464945,0.0,0.0,0.04710693019918218,0.0,0.0,0.0,0.18082191492602745,0.4826006867957883,0.0017174399708035203,0.0,0.0024943769575955913,0.0,0.0,0.0,0.1393988936302188,0.0,0.0,0.0
0.006029203987941592,0.000188412999623174,0.0,0.0,0.15704192168591616,0.0,0.0,0.000188412999623174,0.0,0.0,0.0,0.0,0.0,0.0,0.0,0.006594441986811116,0.0,0.03900141292199717,0.0,0.0,0.00028261899943476205,0.0,0.0,0.0,0.21469618457060766,0.40734809118530385,0.0,0.0,0.000188412999623174,0.00037682499924635005,0.0,0.0,0.1678756476642487,0.000188412999623174,0.0,0.0
0.004835888667352636,5.1400007093200975e-5,0.0,0.0,0.061940537547794175,0.0,0.0,0.004012759553760819,0.0,0.00015433702129850893,0.0,0.00036011904969642883,0.0,0.0,5.1400007093200975e-5,0.0013375861845868933,0.00010289101419895995,0.11065954827101766,0.0,0.0,0.02757485680533024,0.0014404771987858531,0.0,0.0,0.1760983883015776,0.4185101927544066,0.0,0.0,5.1400007093200975e-5,0.002572281354974827,0.0,0.0,0.18931991512614826,0.0009260211277909155,0.0,0.0
0.0030765369600050194,0.140704462170842,0.0,0.0,0.10937401757813778,0.0008790099885728702,0.0,0.0010673699861241902,0.0,0.00012557299836755102,0.0,0.00018835899755133306,0.0,0.0,0.0,0.021786902716770265,0.0,0.02925849161963961,0.00012557299836755102,0.0,0.016324479787781763,6.279999918360001e-5,0.0,0.0,0.13549318623858858,0.3813649730422554,0.0,0.0,0.0003767189951026531,0.0008790099885728702,0.0,0.0,0.1582218849431155,0.0006906509910215372,0.0,0.0
0.01589773225747798,8.190001162980165e-5,0.0,0.0,0.04277637207424484,0.0,0.0,0.0007375241047284229,0.0,0.0,0.0,8.190001162980165e-5,0.0,0.0,0.0022125713141851267,0.016225520304023886,0.0004916820698188539,0.10218800151069621,0.0,0.0,0.03949848960878553,0.0,0.0,0.0,0.11865936284962952,0.5362616511491545,0.0,0.0,0.00032778804654590263,8.190001162980165e-5,0.0,0.0,0.12447760467581986,0.0,0.0,0.0
0.0035898780035898774,0.13641537513641536,0.0,0.00035023200035023196,0.14832326414832325,0.0,0.0,0.00035023200035023196,0.0,0.0,0.0,0.00043779000043778996,0.0,0.0,0.0,0.0013133700013133697,0.00026267400026267396,0.03887575503887575,0.0,0.0,0.0011382540011382538,0.0,0.0,0.0,0.1494615181494615,0.35723666935723664,0.0,0.0,0.00035023200035023196,0.020751248020751244,0.0,0.0,0.1411435081411435,0.0,0.0,0.0
0.00018022099170983438,0.0,0.0,0.0,0.02973642563212442,0.0011714349461139923,0.0,0.0012615449419689326,0.0,0.0,0.0,0.0006758279689119133,0.0,0.0,4.5099997925400094e-5,0.007929713635233171,0.00013516599378236429,0.03248479250569954,0.0,0.0,0.019599008098445628,0.0,0.0,0.0,0.1596755956549226,0.5735525756165816,0.0,0.0,0.0,0.013381391384455996,0.0,0.0,0.16017120263212467,0.0,0.0,0.0
0.00016286600570031021,8.140000284900012e-5,0.0,0.0,0.08729642005537472,0.0,0.0,0.0011400650399022766,0.0,0.0,0.0,0.0,0.0,0.0,0.0012214980427524315,0.010667752373371335,0.0034201951197068295,0.08330619191571673,0.0,0.0,0.00822475628786647,0.0,0.0,0.0,0.2464983796274433,0.4228013177980462,0.0,0.0,0.0003257330114006554,0.0,0.0,0.0,0.13485342471986989,0.0,0.0,0.0
0.00922449090400011,0.0,0.0,0.0,0.040897963008000374,8.160000799680079e-5,0.0,0.0009795920960000255,0.0,0.0,0.0,0.00024489802400000637,0.0,0.0,8.160000799680079e-5,0.012326532208000156,0.0,0.051918372088000465,0.0,0.0,0.013061225280000078,0.0,8.160000799680079e-5,0.0,0.17534695618400173,0.4572245348080044,0.0,0.0,0.0,0.002040816199999988,0.0,0.0,0.23648981917600229,0.0,0.0,0.0
0.008228253991771748,0.0,0.0,0.0,0.24321436175678565,0.0,0.0,0.0,0.0,0.0,0.0,0.0,0.0,0.0,0.0,0.0019234879980765125,0.0,0.013036973986963027,0.0,0.0,0.00021372099978627903,0.0,0.0,0.0,0.2732421457267579,0.3455866636544134,0.0,0.0,0.00021372099978627903,0.00021372099978627903,0.0,0.0,0.11412694988587307,0.0,0.0,0.0
0.007111971,0.133761948,0.0,0.0,0.077833409,0.0,0.0,0.000341375,0.0,0.0,0.0,0.000113792,0.0,0.0,0.000170687,0.02110833,0.000512062,0.028959945,0.0,0.0,0.004779244,0.0,0.0,0.0,0.156918525,0.376649977,0.0,0.0,0.000512062,0.0,0.0,0.0,0.190202549,0.001024124,0.0,0.0
0.002145002002145002,0.0006435010006435011,0.0,0.0,0.04418704404418705,0.0,0.0,0.00021450000021450003,0.0,0.0,0.0,0.00021450000021450003,0.0,0.0,0.0,0.004719005004719006,0.0,0.06692406706692408,0.0,0.0,0.03024453003024453,0.0,0.0,0.0,0.16344916316344918,0.5660660665660661,0.0,0.0,0.0,0.0,0.0,0.0,0.12119262112119263,0.0,0.0,0.0
0.004188168004188168,0.0,0.0,0.0,0.06730985006730986,0.0,0.0,0.005085633005085633,0.0,0.0,0.0,0.00022436600022436603,0.0,0.0,0.0,0.021763518021763517,0.0,0.14815645814815645,0.0,0.0,0.006805774006805774,0.0,0.0,0.0,0.12901054512901056,0.41432951941432955,0.0,0.0,0.00014957700014957701,0.003963802003963802,0.0,0.0,0.1990127891990128,0.0,0.0,0.0
0.001000715001000715,0.000285919000285919,0.0,0.0,0.06976411706976413,0.001286633001286633,0.0,0.001286633001286633,0.0,0.0,0.0,0.0,0.0,0.0,0.0,0.03202287303202288,0.0,0.03731236603731237,0.0,0.0,0.0038599000038599,0.0,0.0,0.0,0.3258041463258042,0.2896354542896355,0.0,0.0,0.000714796000714796,0.0340243030340243,0.0,0.002287348002287348,0.2007147962007148,0.0,0.0,0.0
0.009123962018247923,0.0007546130015092259,0.0,0.0,0.04582561609165123,0.000411607000823214,0.0,0.0014406260028812519,0.0,0.0,0.0,0.001783632003567264,0.0,0.0,6.86000001372e-5,0.001577828003155656,0.0034300610068601217,0.05837963911675927,0.0,0.0,0.025519654051039307,0.0,0.0,0.0,0.14996226929992454,0.5664402841328806,0.00020580400041160797,0.0,0.00034300600068601193,0.0,0.0,0.0,0.13473279826946558,0.0,0.0,0.0
0.001345198998654801,0.0,0.0,0.0,0.061051324938948666,0.0,0.0,0.0,0.0,0.0,0.0,0.0,0.0,0.0,0.0,0.02607615897392384,0.00031042999968957,0.03383692096616307,0.0,0.0,0.0084850989915149,0.0,0.0,0.0,0.2554842717445157,0.4417425495582574,0.0,0.0,0.00031042999968957,0.0,0.0,0.0,0.17135761582864237,0.0,0.0,0.0
0.017187366831259057,8.469999424040039e-5,8.469999424040039e-5,0.0,0.04876809468376956,0.00016933398848528877,0.0,0.003217339781220895,0.0,0.0,0.0,0.004572008689103409,0.0,0.0,0.0,0.008212682441537594,0.0022860048445516703,0.06409279064169023,0.0,0.0,0.05096943153407865,0.0,0.0,0.0,0.16780965758894328,0.5276436861202293,0.0,0.0,0.0006773349539412231,0.0,0.0,0.0,0.1025315310278559,0.0016933368848530918,0.0,0.0
0.036868509889394475,0.0,0.0,0.0,0.039085287882744145,0.0,0.0,0.0007000349978998952,0.0,0.0,0.0,0.0003500179989499461,0.0,0.0,0.00023334499929996506,0.02030101493909696,0.00011667299964998102,0.06381985780854044,0.0,0.0,0.030334849908995456,0.014934079955197764,0.0,0.0,0.1608913775173259,0.47380702257857904,0.0,0.0,0.0,0.0026834679919495964,0.0,0.00011667299964998102,0.1556411145330767,0.00011667299964998102,0.0,0.0
0.008749584615018279,5.539999756240011e-5,0.0,0.0,0.045686119989810724,0.0,0.0,0.000498393978070665,0.0,0.0,5.539999756240011e-5,0.0,0.0,0.0,0.0,0.10122936754590783,0.0,0.0376010613455533,0.0,0.0,0.02962675669642271,0.0,0.0,0.0,0.12110975167117094,0.41671279566463704,0.0,0.0,0.0016059359293388194,0.0,0.0,0.0,0.23695867857381817,0.00011075399512682423,0.0,0.0
0.0033135129602378448,4.539999945520001e-5,0.0,0.0,0.05887158929354094,0.00022695299727656406,0.0,0.0013617179836593843,0.0,0.0,0.0,0.0006808589918296922,0.0,0.0,0.0,0.006763196918841638,0.0004539059945531281,0.06100494726794064,0.0,0.0,0.02600880568789433,0.00022695299727656406,0.0,0.0,0.22618128728582457,0.38518450837778595,0.0,0.0,0.00022695299727656406,0.0,0.0,0.00027234399673187204,0.22858698825695614,0.0005900779929190641,0.0,0.0
0.006328452,0.005753138,0.0,0.000104603,0.045972803,0.0,0.0,0.001098326,0.0,0.0,0.0,0.001150628,0.0,0.0,0.000104603,0.017416318,0.000732218,0.042311715,0.0,0.0,0.0541841,0.0,0.0,0.0,0.177144351,0.478451883,0.0,0.0,0.000209205,0.0,0.0,0.0,0.169037657,0.0,0.0,0.0
0.00020142301671811038,6.710000556930046e-5,0.0,0.0,0.02631932518450399,0.0026856452229085536,0.0,6.710000556930046e-5,0.0,0.0,0.0,0.0015442461281724286,0.0,0.0,0.0006714110557271176,0.01376393314240645,0.0,0.03759903612071999,0.0,0.0,0.010876863902779704,0.0,0.0,0.0,0.21055460347603208,0.4687794129086913,0.0,0.0,0.002014234167181436,0.0,0.0,0.0,0.22485566566302023,0.0,0.0,0.0
0.01788658103577316,0.0201121000402242,0.0,0.0,0.1353445432706891,0.0,0.0,0.000412133000824266,0.0,0.0,0.0,0.00016485300032970598,0.0,0.0,0.0,0.008737224017474447,0.0,0.03453676206907352,0.0,0.0,0.000659413001318826,0.0,0.0,0.0,0.2889878015779756,0.34957138169914276,0.0,0.0,0.0,0.000824266001648532,0.0,0.000576986001153972,0.14218595528437192,0.0,0.0,0.0
0.007762739000000002,0.0,0.0,0.0,0.055135350000000014,0.0,0.0,0.003781847000000001,0.0,0.0,0.0,0.0,0.0,0.0,0.0,0.04956210200000001,0.0,0.042993631000000004,0.0,0.0,0.003781847000000001,0.0,0.0,0.0,0.25816082800000006,0.5276671970000001,0.0,0.0,0.0,0.0,0.0,0.0,0.05115445900000001,0.0,0.0,0.0
0.0032486959772591284,0.008549200940155594,0.0,0.0,0.15952808288330342,0.0,0.0,0.000769427994614004,0.0,0.0,0.0,0.000170983998803112,0.0,0.0,0.0,0.004958535965290249,0.0,0.018551764870137648,0.0,0.0,0.0,0.0,0.0,0.0,0.20064973759545185,0.3445327835882705,0.0,0.0,0.000256475998204668,0.000341967997606224,0.0,0.0,0.25835684219150207,8.549999940150001e-5,0.0,0.0
0.02445917997554082,0.0,0.0,0.000108706999891293,0.051962169948037824,0.001087074998912925,0.0,0.00021741499978258498,0.0,0.0,0.0,0.0009783669990216328,0.0,0.0,0.0027176869972823127,0.005000543994999456,0.0008696599991303399,0.05348407394651592,0.0,0.0,0.04641808895358191,0.0,0.0,0.0,0.17425807182574193,0.4854875525145124,0.0,0.0,0.0011957819988042179,0.0031525169968474828,0.0,0.000108706999891293,0.1484944018515056,0.0,0.0,0.0
0.002337722964934155,0.02462401563063976,0.0,0.00027273399590899003,0.05037793124433102,0.00011688599824671001,0.0,0.0006623549900646751,0.0,0.0,0.0,0.00116886198246707,0.0,0.0,0.00035065799474013004,0.00436374993454375,0.0,0.058676848119847275,0.0,0.0,0.011337956829930645,0.0,0.0,0.0,0.18187485127187722,0.46010285309845717,0.0,0.0,7.789999883150001e-5,3.8999999415e-5,0.0,0.0,0.20310916895336245,0.0005065069924023951,0.0,0.0
0.015562290186747482,8.190000098280001e-5,0.0,0.0,0.04038004848456058,0.0,0.0,0.00016381400196576802,0.0,0.0,0.0,0.0022114830265377965,0.0,0.0,0.0009009750108117001,0.09525759814309118,0.0,0.020394791244737493,8.190000098280001e-5,0.0,0.02555491930665903,0.0,0.0,0.0,0.09050700408608404,0.46719633660635607,0.0,0.0,0.0,0.004996314059955769,0.0,0.0,0.23605537183266445,0.0006552540078630481,0.0,0.0
0.0037357081232783683,0.00011320300373569912,0.0,3.7700001244100046e-5,0.031545980041017344,0.00022640700747143127,0.0,0.0014716430485642207,0.0,0.0,0.0,0.0008301570273951819,0.0,0.0,0.00030187500996187535,0.01407494146447307,0.0009433610311309141,0.036036377189200455,0.0,0.0,0.06241274105962046,0.0,0.0,0.0,0.2050111387653676,0.47201993957665805,0.0,0.0,0.0030187540996188854,0.0,0.0,0.0,0.167993666543791,0.00022640700747143127,0.0,0.0
0.02648830597351169,0.0,0.0,0.0,0.05935506694064493,0.004961020995038979,0.0,0.000354358999645641,0.0,0.0,0.0,0.00044294799955705194,0.0,0.0,0.0,0.012491140987508859,0.0015060239984939759,0.1312012758687987,0.0,0.0,0.042965981957034015,0.0,0.0,0.0,0.09647413190352587,0.33796952466203045,0.0,0.0,0.002126151997873848,0.015148830984851168,0.0,0.0,0.26851523673148475,0.0,0.0,0.0
0.0053997299514024315,0.031698414714714275,0.0,0.0,0.11949402392455381,4.9999999550000014e-5,0.0,0.0015499229860506934,0.0,0.0,0.0,0.0006499679941502881,0.0,0.0,9.999999910000003e-5,0.00924953791675416,0.0,0.022798859794810267,0.0,0.0,0.003849807965351729,0.0,0.0,0.0,0.21403929607364636,0.3896305144933254,0.0,0.0,0.0007999599928003602,0.0,0.0,0.0,0.20048997419559025,0.00019998999820009005,0.0,0.0
